sample_id,signer_id,label,take_id,relative_path,source_group,file_size_bytes,split
P1_gde_0001_ace8221a2d2a,P1,gde,1,_gde/P1_gde (1).mov,_gde,36598,test
P1_gde_0010_0156440b2146,P1,gde,10,_gde/P1_gde (10).mov,_gde,31816,test
P1_gde_0100_019228d0318e,P1,gde,100,_gde/P1_gde (100).mov,_gde,36598,test
P1_gde_0011_a4aaecca6562,P1,gde,11,_gde/P1_gde (11).mov,_gde,31816,test
P1_gde_0012_1c73809a881d,P1,gde,12,_gde/P1_gde (12).mov,_gde,31816,test
P1_gde_0013_7dd204d02a91,P1,gde,13,_gde/P1_gde (13).mov,_gde,31816,test
P1_gde_0014_f7f19aeab7c4,P1,gde,14,_gde/P1_gde (14).mov,_gde,31816,test
P1_gde_0015_b3f5f4211d0d,P1,gde,15,_gde/P1_gde (15).mov,_gde,31816,test
P1_gde_0016_c2e95ec253c6,P1,gde,16,_gde/P1_gde (16).mov,_gde,31816,test
P1_gde_0017_241274df53cc,P1,gde,17,_gde/P1_gde (17).mov,_gde,31816,test
P1_gde_0018_f96be977e191,P1,gde,18,_gde/P1_gde (18).mov,_gde,31816,test
P1_gde_0019_134e5a4fde91,P1,gde,19,_gde/P1_gde (19).mov,_gde,71422,test
P1_gde_0002_ec87808e7946,P1,gde,2,_gde/P1_gde (2).mov,_gde,36598,test
P1_gde_0020_19365947cdd9,P1,gde,20,_gde/P1_gde (20).mov,_gde,71422,test
P1_gde_0021_ee2a488ca71b,P1,gde,21,_gde/P1_gde (21).mov,_gde,71422,test
P1_gde_0022_f7c293030cb3,P1,gde,22,_gde/P1_gde (22).mov,_gde,71422,test
P1_gde_0023_a79331c0689e,P1,gde,23,_gde/P1_gde (23).mov,_gde,71422,test
P1_gde_0024_edd8bbd278b1,P1,gde,24,_gde/P1_gde (24).mov,_gde,71422,test
P1_gde_0025_08b5077dd225,P1,gde,25,_gde/P1_gde (25).mov,_gde,71422,test
P1_gde_0026_7584b73ad647,P1,gde,26,_gde/P1_gde (26).mov,_gde,71422,test
P1_gde_0027_b7ad1c6435f5,P1,gde,27,_gde/P1_gde (27).mov,_gde,71422,test
P1_gde_0028_1a66c4091ebe,P1,gde,28,_gde/P1_gde (28).mov,_gde,71422,test
P1_gde_0029_67b481aa0d00,P1,gde,29,_gde/P1_gde (29).mov,_gde,71422,test
P1_gde_0003_98ac362ededc,P1,gde,3,_gde/P1_gde (3).mov,_gde,36598,test
P1_gde_0030_ea130eedf58d,P1,gde,30,_gde/P1_gde (30).mov,_gde,71422,test
P1_gde_0031_acf4c3b9515c,P1,gde,31,_gde/P1_gde (31).mov,_gde,71422,test
P1_gde_0032_861113a0902f,P1,gde,32,_gde/P1_gde (32).mov,_gde,57391,test
P1_gde_0033_28d1a33990f8,P1,gde,33,_gde/P1_gde (33).mov,_gde,57391,test
P1_gde_0034_867c4cb6d400,P1,gde,34,_gde/P1_gde (34).mov,_gde,57391,test
P1_gde_0035_5216153b05a3,P1,gde,35,_gde/P1_gde (35).mov,_gde,57391,test
P1_gde_0036_c4dc385cfd5f,P1,gde,36,_gde/P1_gde (36).mov,_gde,57391,test
P1_gde_0037_111452a1ea22,P1,gde,37,_gde/P1_gde (37).mov,_gde,57391,test
P1_gde_0038_85ef43f5f781,P1,gde,38,_gde/P1_gde (38).mov,_gde,57391,test
P1_gde_0039_0181d3fbf48c,P1,gde,39,_gde/P1_gde (39).mov,_gde,57391,test
P1_gde_0004_7aa32398dcd8,P1,gde,4,_gde/P1_gde (4).mov,_gde,36598,test
P1_gde_0040_e9f7b1f1ee45,P1,gde,40,_gde/P1_gde (40).mov,_gde,57391,test
P1_gde_0041_7b56ef4d0e3f,P1,gde,41,_gde/P1_gde (41).mov,_gde,57391,test
P1_gde_0042_84b4ee7cc77f,P1,gde,42,_gde/P1_gde (42).mov,_gde,57391,test
P1_gde_0043_c314e258ba42,P1,gde,43,_gde/P1_gde (43).mov,_gde,57391,test
P1_gde_0044_fa57341181ba,P1,gde,44,_gde/P1_gde (44).mov,_gde,57391,test
P1_gde_0045_8afe98994b25,P1,gde,45,_gde/P1_gde (45).mov,_gde,57391,test
P1_gde_0046_26d99cb976c0,P1,gde,46,_gde/P1_gde (46).mov,_gde,107402,test
P1_gde_0047_1d6c7ffc79b6,P1,gde,47,_gde/P1_gde (47).mov,_gde,107402,test
P1_gde_0048_224885434f15,P1,gde,48,_gde/P1_gde (48).mov,_gde,107402,test
P1_gde_0049_2aae7785aafa,P1,gde,49,_gde/P1_gde (49).mov,_gde,107402,test
P1_gde_0005_553a474080b4,P1,gde,5,_gde/P1_gde (5).mov,_gde,36598,test
P1_gde_0050_196718b8fd5e,P1,gde,50,_gde/P1_gde (50).mov,_gde,107402,test
P1_gde_0051_8ddbe81e888a,P1,gde,51,_gde/P1_gde (51).mov,_gde,107402,test
P1_gde_0052_8237113cec37,P1,gde,52,_gde/P1_gde (52).mov,_gde,107402,test
P1_gde_0053_2e677ef2839c,P1,gde,53,_gde/P1_gde (53).mov,_gde,107402,test
P1_gde_0054_23ff0519bd15,P1,gde,54,_gde/P1_gde (54).mov,_gde,107402,test
P1_gde_0055_8e28d3773f29,P1,gde,55,_gde/P1_gde (55).mov,_gde,107402,test
P1_gde_0056_76c6998f7765,P1,gde,56,_gde/P1_gde (56).mov,_gde,107402,test
P1_gde_0057_61e9886da748,P1,gde,57,_gde/P1_gde (57).mov,_gde,107402,test
P1_gde_0058_c82ca9a98de8,P1,gde,58,_gde/P1_gde (58).mov,_gde,54499,test
P1_gde_0059_42da79b053aa,P1,gde,59,_gde/P1_gde (59).mov,_gde,54499,test
P1_gde_0006_98af25965fa3,P1,gde,6,_gde/P1_gde (6).mov,_gde,31816,test
P1_gde_0060_84b43141cab5,P1,gde,60,_gde/P1_gde (60).mov,_gde,54499,test
P1_gde_0061_9b4a134bc20c,P1,gde,61,_gde/P1_gde (61).mov,_gde,54499,test
P1_gde_0062_09d92dc1b0af,P1,gde,62,_gde/P1_gde (62).mov,_gde,54499,test
P1_gde_0063_729fa3c62141,P1,gde,63,_gde/P1_gde (63).mov,_gde,54499,test
P1_gde_0064_8839ef187a28,P1,gde,64,_gde/P1_gde (64).mov,_gde,54499,test
P1_gde_0065_a8383f76184e,P1,gde,65,_gde/P1_gde (65).mov,_gde,54499,test
P1_gde_0066_3db05f4b0bfa,P1,gde,66,_gde/P1_gde (66).mov,_gde,54499,test
P1_gde_0067_942796ef733f,P1,gde,67,_gde/P1_gde (67).mov,_gde,54499,test
P1_gde_0068_aaf498ab3f46,P1,gde,68,_gde/P1_gde (68).mov,_gde,54499,test
P1_gde_0069_11eb92531012,P1,gde,69,_gde/P1_gde (69).mov,_gde,54499,test
P1_gde_0007_21861cec2132,P1,gde,7,_gde/P1_gde (7).mov,_gde,31816,test
P1_gde_0070_77506078fca3,P1,gde,70,_gde/P1_gde (70).mov,_gde,54499,test
P1_gde_0071_acb2acf0ebe3,P1,gde,71,_gde/P1_gde (71).mov,_gde,95078,test
P1_gde_0072_f4e07d8ebc25,P1,gde,72,_gde/P1_gde (72).mov,_gde,95078,test
P1_gde_0073_3cc354f6022b,P1,gde,73,_gde/P1_gde (73).mov,_gde,95078,test
P1_gde_0074_49276c1ed01a,P1,gde,74,_gde/P1_gde (74).mov,_gde,95078,test
P1_gde_0075_5106e7a6eb4f,P1,gde,75,_gde/P1_gde (75).mov,_gde,95078,test
P1_gde_0076_b1e019cef944,P1,gde,76,_gde/P1_gde (76).mov,_gde,95078,test
P1_gde_0077_e2ad3bad63eb,P1,gde,77,_gde/P1_gde (77).mov,_gde,95078,test
P1_gde_0078_4e9367d461c7,P1,gde,78,_gde/P1_gde (78).mov,_gde,95078,test
P1_gde_0079_d720b66a6882,P1,gde,79,_gde/P1_gde (79).mov,_gde,52939,test
P1_gde_0008_e7cda89b2567,P1,gde,8,_gde/P1_gde (8).mov,_gde,31816,test
P1_gde_0080_c968dcbea16a,P1,gde,80,_gde/P1_gde (80).mov,_gde,52939,test
P1_gde_0081_f723c6477406,P1,gde,81,_gde/P1_gde (81).mov,_gde,52939,test
P1_gde_0082_74da2228c295,P1,gde,82,_gde/P1_gde (82).mov,_gde,52939,test
P1_gde_0083_002525d92b2b,P1,gde,83,_gde/P1_gde (83).mov,_gde,52939,test
P1_gde_0084_60b798194d33,P1,gde,84,_gde/P1_gde (84).mov,_gde,52939,test
P1_gde_0085_c8486344769c,P1,gde,85,_gde/P1_gde (85).mov,_gde,52939,test
P1_gde_0086_f084c0ddd38a,P1,gde,86,_gde/P1_gde (86).mov,_gde,52939,test
P1_gde_0087_62799ea49965,P1,gde,87,_gde/P1_gde (87).mov,_gde,52939,test
P1_gde_0088_a4728f84311e,P1,gde,88,_gde/P1_gde (88).mov,_gde,52939,test
P1_gde_0089_990cb06c8e09,P1,gde,89,_gde/P1_gde (89).mov,_gde,52939,test
P1_gde_0009_145ec0ae5c0f,P1,gde,9,_gde/P1_gde (9).mov,_gde,31816,test
P1_gde_0090_8a2f68494847,P1,gde,90,_gde/P1_gde (90).mov,_gde,52939,test
P1_gde_0091_bbaaf67a5c14,P1,gde,91,_gde/P1_gde (91).mov,_gde,52939,test
P1_gde_0092_2f784fe98d14,P1,gde,92,_gde/P1_gde (92).mov,_gde,52939,test
P1_gde_0093_f2bae9580207,P1,gde,93,_gde/P1_gde (93).mov,_gde,52939,test
P1_gde_0094_b029f494c172,P1,gde,94,_gde/P1_gde (94).mov,_gde,57994,test
P1_gde_0095_b8dc466c2fa2,P1,gde,95,_gde/P1_gde (95).mov,_gde,57994,test
P1_gde_0096_807dceaf7bc6,P1,gde,96,_gde/P1_gde (96).mov,_gde,57994,test
P1_gde_0097_44c10b2377a8,P1,gde,97,_gde/P1_gde (97).mov,_gde,57994,test
P1_gde_0098_4a69075495cf,P1,gde,98,_gde/P1_gde (98).mov,_gde,57994,test
P1_gde_0099_d943cacc2b5c,P1,gde,99,_gde/P1_gde (99).mov,_gde,36598,test
P2_gde_0001_051896b77a72,P2,gde,1,_gde/P2_gde (1).mov,_gde,98644,validation
P2_gde_0010_1bdb1e04f93f,P2,gde,10,_gde/P2_gde (10).mov,_gde,105821,validation
P2_gde_0011_34cf8a880ecb,P2,gde,11,_gde/P2_gde (11).mov,_gde,114561,validation
P2_gde_0012_699a39ffb020,P2,gde,12,_gde/P2_gde (12).mov,_gde,98597,validation
P2_gde_0013_a7a49e3e9525,P2,gde,13,_gde/P2_gde (13).mov,_gde,112542,validation
P2_gde_0014_04c90de8201f,P2,gde,14,_gde/P2_gde (14).mov,_gde,98449,validation
P2_gde_0015_6fa55e9c9620,P2,gde,15,_gde/P2_gde (15).mov,_gde,91703,validation
P2_gde_0016_1ce577cdde0d,P2,gde,16,_gde/P2_gde (16).mov,_gde,88947,validation
P2_gde_0017_3f14ec5f437d,P2,gde,17,_gde/P2_gde (17).mov,_gde,91112,validation
P2_gde_0018_69a139e417d4,P2,gde,18,_gde/P2_gde (18).mov,_gde,116823,validation
P2_gde_0019_be68c8d55908,P2,gde,19,_gde/P2_gde (19).mov,_gde,141809,validation
P2_gde_0002_f4e4396d3fc3,P2,gde,2,_gde/P2_gde (2).mov,_gde,82899,validation
P2_gde_0020_e17068748260,P2,gde,20,_gde/P2_gde (20).mov,_gde,133810,validation
P2_gde_0021_e924b5250922,P2,gde,21,_gde/P2_gde (21).mov,_gde,108078,validation
P2_gde_0022_387d77c1b17d,P2,gde,22,_gde/P2_gde (22).mov,_gde,114674,validation
P2_gde_0023_4c4e8dba2d20,P2,gde,23,_gde/P2_gde (23).mov,_gde,125043,validation
P2_gde_0024_1860d02c89ba,P2,gde,24,_gde/P2_gde (24).mov,_gde,130763,validation
P2_gde_0025_c6475d387d9b,P2,gde,25,_gde/P2_gde (25).mov,_gde,132085,validation
P2_gde_0026_08365497c7c4,P2,gde,26,_gde/P2_gde (26).mov,_gde,132573,validation
P2_gde_0027_2dabe90582d7,P2,gde,27,_gde/P2_gde (27).mov,_gde,126190,validation
P2_gde_0028_5909b515c04f,P2,gde,28,_gde/P2_gde (28).mov,_gde,137552,validation
P2_gde_0029_7acd4a895a34,P2,gde,29,_gde/P2_gde (29).mov,_gde,134223,validation
P2_gde_0003_08539b7b8889,P2,gde,3,_gde/P2_gde (3).mov,_gde,72566,validation
P2_gde_0030_9fa65de11528,P2,gde,30,_gde/P2_gde (30).mov,_gde,89921,validation
P2_gde_0031_b9cd88f544d6,P2,gde,31,_gde/P2_gde (31).mov,_gde,86745,validation
P2_gde_0032_9daa65345efe,P2,gde,32,_gde/P2_gde (32).mov,_gde,123650,validation
P2_gde_0033_8e3dbc720799,P2,gde,33,_gde/P2_gde (33).mov,_gde,79815,validation
P2_gde_0034_d612b117cc26,P2,gde,34,_gde/P2_gde (34).mov,_gde,102706,validation
P2_gde_0035_650eb205dd0f,P2,gde,35,_gde/P2_gde (35).mov,_gde,100519,validation
P2_gde_0036_9a3b5c6c4e66,P2,gde,36,_gde/P2_gde (36).mov,_gde,103943,validation
P2_gde_0037_97f0062ab49f,P2,gde,37,_gde/P2_gde (37).mov,_gde,110052,validation
P2_gde_0038_15a8bd0a3ab1,P2,gde,38,_gde/P2_gde (38).mov,_gde,115410,validation
P2_gde_0039_a35504b1274a,P2,gde,39,_gde/P2_gde (39).mov,_gde,120685,validation
P2_gde_0004_4f478d01c794,P2,gde,4,_gde/P2_gde (4).mov,_gde,91102,validation
P2_gde_0040_4ce3f7d9a300,P2,gde,40,_gde/P2_gde (40).mov,_gde,135500,validation
P2_gde_0005_231ed143be95,P2,gde,5,_gde/P2_gde (5).mov,_gde,83442,validation
P2_gde_0006_bf6fc445b286,P2,gde,6,_gde/P2_gde (6).mov,_gde,102680,validation
P2_gde_0007_23717c64f0c7,P2,gde,7,_gde/P2_gde (7).mov,_gde,107270,validation
P2_gde_0008_87fb48e2a72b,P2,gde,8,_gde/P2_gde (8).mov,_gde,100056,validation
P2_gde_0009_e8cda0298b79,P2,gde,9,_gde/P2_gde (9).mov,_gde,92975,validation
P3_gde_0001_1ad3c77e580a,P3,gde,1,_gde/P3_gde (1).mov,_gde,66446,train
P3_gde_0010_7a9c4c44674c,P3,gde,10,_gde/P3_gde (10).mov,_gde,66905,train
P3_gde_0011_163c2dd4c29c,P3,gde,11,_gde/P3_gde (11).mov,_gde,63283,train
P3_gde_0012_b4c2f4a4d344,P3,gde,12,_gde/P3_gde (12).mov,_gde,62766,train
P3_gde_0013_1e9c0e2e1f50,P3,gde,13,_gde/P3_gde (13).mov,_gde,62999,train
P3_gde_0014_821e05f21922,P3,gde,14,_gde/P3_gde (14).mov,_gde,61896,train
P3_gde_0015_1fc81ec0398e,P3,gde,15,_gde/P3_gde (15).mov,_gde,61006,train
P3_gde_0016_7bb60de9865e,P3,gde,16,_gde/P3_gde (16).mov,_gde,85691,train
P3_gde_0017_b595c60d277b,P3,gde,17,_gde/P3_gde (17).mov,_gde,66082,train
P3_gde_0018_77d6084181ac,P3,gde,18,_gde/P3_gde (18).mov,_gde,78870,train
P3_gde_0019_2e3f376e16d9,P3,gde,19,_gde/P3_gde (19).mov,_gde,64886,train
P3_gde_0002_984e2e060b68,P3,gde,2,_gde/P3_gde (2).mov,_gde,52910,train
P3_gde_0020_307b2e7d2dd4,P3,gde,20,_gde/P3_gde (20).mov,_gde,64041,train
P3_gde_0021_d809668c87ec,P3,gde,21,_gde/P3_gde (21).mov,_gde,68801,train
P3_gde_0022_c8f5fc916d05,P3,gde,22,_gde/P3_gde (22).mov,_gde,57549,train
P3_gde_0023_9b84d1e658d7,P3,gde,23,_gde/P3_gde (23).mov,_gde,73776,train
P3_gde_0024_a8705f0b74b7,P3,gde,24,_gde/P3_gde (24).mov,_gde,91922,train
P3_gde_0025_cc85a7a48f2d,P3,gde,25,_gde/P3_gde (25).mov,_gde,76645,train
P3_gde_0026_b7a1bb5782f8,P3,gde,26,_gde/P3_gde (26).mov,_gde,56044,train
P3_gde_0027_ca2501264fe3,P3,gde,27,_gde/P3_gde (27).mov,_gde,64506,train
P3_gde_0028_3343a30d0b4a,P3,gde,28,_gde/P3_gde (28).mov,_gde,60500,train
P3_gde_0029_42c8ee72fd30,P3,gde,29,_gde/P3_gde (29).mov,_gde,69263,train
P3_gde_0003_2bc2b92ecd4d,P3,gde,3,_gde/P3_gde (3).mov,_gde,77320,train
P3_gde_0030_b6394fdcf0f9,P3,gde,30,_gde/P3_gde (30).mov,_gde,62640,train
P3_gde_0031_57519fead287,P3,gde,31,_gde/P3_gde (31).mov,_gde,85433,train
P3_gde_0032_2df80b396cf2,P3,gde,32,_gde/P3_gde (32).mov,_gde,69881,train
P3_gde_0033_317db98c70ba,P3,gde,33,_gde/P3_gde (33).mov,_gde,62862,train
P3_gde_0034_43afb6a9ec78,P3,gde,34,_gde/P3_gde (34).mov,_gde,64958,train
P3_gde_0035_4de7b08c75e9,P3,gde,35,_gde/P3_gde (35).mov,_gde,66446,train
P3_gde_0036_26045d61c269,P3,gde,36,_gde/P3_gde (36).mov,_gde,65178,train
P3_gde_0037_cd0c3043eae0,P3,gde,37,_gde/P3_gde (37).mov,_gde,64737,train
P3_gde_0038_414b385559f7,P3,gde,38,_gde/P3_gde (38).mov,_gde,69233,train
P3_gde_0039_afcd4c9b0c57,P3,gde,39,_gde/P3_gde (39).mov,_gde,63495,train
P3_gde_0004_ab8e7301577d,P3,gde,4,_gde/P3_gde (4).mov,_gde,70262,train
P3_gde_0040_f42a10dcbce2,P3,gde,40,_gde/P3_gde (40).mov,_gde,62862,train
P3_gde_0005_9ed49bbdf53d,P3,gde,5,_gde/P3_gde (5).mov,_gde,83115,train
P3_gde_0006_aceef474abdb,P3,gde,6,_gde/P3_gde (6).mov,_gde,90451,train
P3_gde_0007_e3779f1cb183,P3,gde,7,_gde/P3_gde (7).mov,_gde,86903,train
P3_gde_0008_3880367cfea5,P3,gde,8,_gde/P3_gde (8).mov,_gde,62804,train
P3_gde_0009_2b9ac3e7c35c,P3,gde,9,_gde/P3_gde (9).mov,_gde,68757,train
P4_gde_0001_8e581c695001,P4,gde,1,_gde/P4_gde (1).mov,_gde,122019,train
P4_gde_0010_bf5872d8da76,P4,gde,10,_gde/P4_gde (10).mov,_gde,92107,train
P4_gde_0011_a9fe03b8e547,P4,gde,11,_gde/P4_gde (11).mov,_gde,93052,train
P4_gde_0012_8590086274a1,P4,gde,12,_gde/P4_gde (12).mov,_gde,103647,train
P4_gde_0013_6761dba87534,P4,gde,13,_gde/P4_gde (13).mov,_gde,76939,train
P4_gde_0014_19074c03789f,P4,gde,14,_gde/P4_gde (14).mov,_gde,114521,train
P4_gde_0015_3358dabb78a9,P4,gde,15,_gde/P4_gde (15).mov,_gde,92082,train
P4_gde_0016_a3503c406742,P4,gde,16,_gde/P4_gde (16).mov,_gde,80413,train
P4_gde_0017_7f148e621cd7,P4,gde,17,_gde/P4_gde (17).mov,_gde,110568,train
P4_gde_0018_1517349cef61,P4,gde,18,_gde/P4_gde (18).mov,_gde,87228,train
P4_gde_0019_ffb5f3a47875,P4,gde,19,_gde/P4_gde (19).mov,_gde,116809,train
P4_gde_0002_7b96760a4fa3,P4,gde,2,_gde/P4_gde (2).mov,_gde,84745,train
P4_gde_0020_bb48bcc16a35,P4,gde,20,_gde/P4_gde (20).mov,_gde,167624,train
P4_gde_0021_6a32e5ca6f4a,P4,gde,21,_gde/P4_gde (21).mov,_gde,128139,train
P4_gde_0022_46222181643d,P4,gde,22,_gde/P4_gde (22).mov,_gde,103274,train
P4_gde_0023_1d3d40d44e3d,P4,gde,23,_gde/P4_gde (23).mov,_gde,115447,train
P4_gde_0024_3c551bcb55e9,P4,gde,24,_gde/P4_gde (24).mov,_gde,67821,train
P4_gde_0025_5491676a1f6a,P4,gde,25,_gde/P4_gde (25).mov,_gde,102351,train
P4_gde_0026_15e4ba3cf902,P4,gde,26,_gde/P4_gde (26).mov,_gde,118606,train
P4_gde_0027_49e19b2f36b0,P4,gde,27,_gde/P4_gde (27).mov,_gde,127193,train
P4_gde_0028_e24f9dc3e505,P4,gde,28,_gde/P4_gde (28).mov,_gde,129946,train
P4_gde_0029_d90597c69fa0,P4,gde,29,_gde/P4_gde (29).mov,_gde,123226,train
P4_gde_0003_394e9c98d20e,P4,gde,3,_gde/P4_gde (3).mov,_gde,83399,train
P4_gde_0030_b2e373a8566e,P4,gde,30,_gde/P4_gde (30).mov,_gde,150513,train
P4_gde_0031_8b48a3c5e37a,P4,gde,31,_gde/P4_gde (31).mov,_gde,119643,train
P4_gde_0032_07775fdcce74,P4,gde,32,_gde/P4_gde (32).mov,_gde,148301,train
P4_gde_0033_116002b42c4b,P4,gde,33,_gde/P4_gde (33).mov,_gde,56717,train
P4_gde_0034_3800304fae0b,P4,gde,34,_gde/P4_gde (34).mov,_gde,132264,train
P4_gde_0035_92373d09bcae,P4,gde,35,_gde/P4_gde (35).mov,_gde,141119,train
P4_gde_0036_ef1b4548e6c5,P4,gde,36,_gde/P4_gde (36).mov,_gde,208051,train
P4_gde_0037_1a0595181f9e,P4,gde,37,_gde/P4_gde (37).mov,_gde,95723,train
P4_gde_0038_7edfd38016d6,P4,gde,38,_gde/P4_gde (38).mov,_gde,136963,train
P4_gde_0039_fb9893c75b20,P4,gde,39,_gde/P4_gde (39).mov,_gde,146095,train
P4_gde_0004_8d3a00912c79,P4,gde,4,_gde/P4_gde (4).mov,_gde,100949,train
P4_gde_0040_a339906d4f1c,P4,gde,40,_gde/P4_gde (40).mov,_gde,140120,train
P4_gde_0005_57d1e796cf5c,P4,gde,5,_gde/P4_gde (5).mov,_gde,150347,train
P4_gde_0006_e70cc2cebbc4,P4,gde,6,_gde/P4_gde (6).mov,_gde,110579,train
P4_gde_0007_08fe4d904b38,P4,gde,7,_gde/P4_gde (7).mov,_gde,106511,train
P4_gde_0008_ea7b1f7033a9,P4,gde,8,_gde/P4_gde (8).mov,_gde,94309,train
P4_gde_0009_1e393c458cfd,P4,gde,9,_gde/P4_gde (9).mov,_gde,119856,train
P5_gde_0001_3b78ad4dc781,P5,gde,1,_gde/P5_gde (1).mov,_gde,83567,train
P5_gde_0010_034bfff639fa,P5,gde,10,_gde/P5_gde (10).mov,_gde,114586,train
P5_gde_0011_766a19c527b7,P5,gde,11,_gde/P5_gde (11).mov,_gde,82696,train
P5_gde_0012_b5344819417f,P5,gde,12,_gde/P5_gde (12).mov,_gde,83836,train
P5_gde_0013_9e720a212985,P5,gde,13,_gde/P5_gde (13).mov,_gde,83067,train
P5_gde_0014_399c4a5132a4,P5,gde,14,_gde/P5_gde (14).mov,_gde,125901,train
P5_gde_0015_f9360e917e9d,P5,gde,15,_gde/P5_gde (15).mov,_gde,89232,train
P5_gde_0016_563dadfcbf81,P5,gde,16,_gde/P5_gde (16).mov,_gde,97414,train
P5_gde_0017_ad95d5314d4c,P5,gde,17,_gde/P5_gde (17).mov,_gde,94816,train
P5_gde_0018_9261fb589a89,P5,gde,18,_gde/P5_gde (18).mov,_gde,95396,train
P5_gde_0019_a6f94cf75711,P5,gde,19,_gde/P5_gde (19).mov,_gde,119268,train
P5_gde_0002_910c1d302810,P5,gde,2,_gde/P5_gde (2).mov,_gde,75509,train
P5_gde_0020_aa9490cf072e,P5,gde,20,_gde/P5_gde (20).mov,_gde,188308,train
P5_gde_0021_761fe6cf6101,P5,gde,21,_gde/P5_gde (21).mov,_gde,93476,train
P5_gde_0022_30fa4313dc9d,P5,gde,22,_gde/P5_gde (22).mov,_gde,128466,train
P5_gde_0023_73220961575c,P5,gde,23,_gde/P5_gde (23).mov,_gde,122336,train
P5_gde_0024_1784a267300a,P5,gde,24,_gde/P5_gde (24).mov,_gde,113186,train
P5_gde_0025_c5af0ac2a3d4,P5,gde,25,_gde/P5_gde (25).mov,_gde,95396,train
P5_gde_0026_e982f734e3ba,P5,gde,26,_gde/P5_gde (26).mov,_gde,84462,train
P5_gde_0027_9d332beb08e9,P5,gde,27,_gde/P5_gde (27).mov,_gde,82064,train
P5_gde_0028_e334d3c24743,P5,gde,28,_gde/P5_gde (28).mov,_gde,82096,train
P5_gde_0029_c07ded655a32,P5,gde,29,_gde/P5_gde (29).mov,_gde,89426,train
P5_gde_0003_b287648c3949,P5,gde,3,_gde/P5_gde (3).mov,_gde,53881,train
P5_gde_0030_ae1476a4f30c,P5,gde,30,_gde/P5_gde (30).mov,_gde,99377,train
P5_gde_0031_75d4c61e5db4,P5,gde,31,_gde/P5_gde (31).mov,_gde,90449,train
P5_gde_0032_c6f8ad363844,P5,gde,32,_gde/P5_gde (32).mov,_gde,128996,train
P5_gde_0033_ff0dd0e4db6d,P5,gde,33,_gde/P5_gde (33).mov,_gde,73421,train
P5_gde_0034_afcc34bd0839,P5,gde,34,_gde/P5_gde (34).mov,_gde,116856,train
P5_gde_0035_7620158f6bde,P5,gde,35,_gde/P5_gde (35).mov,_gde,115575,train
P5_gde_0036_938efda32599,P5,gde,36,_gde/P5_gde (36).mov,_gde,64420,train
P5_gde_0037_1f3ab960f692,P5,gde,37,_gde/P5_gde (37).mov,_gde,84624,train
P5_gde_0038_5d25f5d058af,P5,gde,38,_gde/P5_gde (38).mov,_gde,91884,train
P5_gde_0039_155497ad5d00,P5,gde,39,_gde/P5_gde (39).mov,_gde,89232,train
P5_gde_0004_793848182d7a,P5,gde,4,_gde/P5_gde (4).mov,_gde,72658,train
P5_gde_0040_33be52881142,P5,gde,40,_gde/P5_gde (40).mov,_gde,82945,train
P5_gde_0005_4a98e3983a9b,P5,gde,5,_gde/P5_gde (5).mov,_gde,75990,train
P5_gde_0006_4d6bda6db1df,P5,gde,6,_gde/P5_gde (6).mov,_gde,82982,train
P5_gde_0007_b370416aa9b2,P5,gde,7,_gde/P5_gde (7).mov,_gde,193742,train
P5_gde_0008_c1262974302b,P5,gde,8,_gde/P5_gde (8).mov,_gde,126200,train
P5_gde_0009_970aad42adc0,P5,gde,9,_gde/P5_gde (9).mov,_gde,109394,train
P1_gdeQ_0001_f725a7b933b8,P1,gdeQ,1,_gde_q/P1_gdeQ (1).mov,_gde_q,120491,test
P1_gdeQ_0010_886685bd9de7,P1,gdeQ,10,_gde_q/P1_gdeQ (10).mov,_gde_q,120491,test
P1_gdeQ_0100_b07e7b2b3673,P1,gdeQ,100,_gde_q/P1_gdeQ (100).mov,_gde_q,80569,test
P1_gdeQ_0011_429d2cc37663,P1,gdeQ,11,_gde_q/P1_gdeQ (11).mov,_gde_q,120491,test
P1_gdeQ_0012_7351339a54a5,P1,gdeQ,12,_gde_q/P1_gdeQ (12).mov,_gde_q,120491,test
P1_gdeQ_0013_96b302ebd8c8,P1,gdeQ,13,_gde_q/P1_gdeQ (13).mov,_gde_q,120491,test
P1_gdeQ_0014_ddd6b4053e15,P1,gdeQ,14,_gde_q/P1_gdeQ (14).mov,_gde_q,83899,test
P1_gdeQ_0015_9a5fafdb7cc8,P1,gdeQ,15,_gde_q/P1_gdeQ (15).mov,_gde_q,83899,test
P1_gdeQ_0016_4524ee9170b7,P1,gdeQ,16,_gde_q/P1_gdeQ (16).mov,_gde_q,83899,test
P1_gdeQ_0017_05254051a1f8,P1,gdeQ,17,_gde_q/P1_gdeQ (17).mov,_gde_q,83899,test
P1_gdeQ_0018_5608e1a11d10,P1,gdeQ,18,_gde_q/P1_gdeQ (18).mov,_gde_q,83899,test
P1_gdeQ_0019_e093c23a6b2e,P1,gdeQ,19,_gde_q/P1_gdeQ (19).mov,_gde_q,83899,test
P1_gdeQ_0002_f1fb720b802d,P1,gdeQ,2,_gde_q/P1_gdeQ (2).mov,_gde_q,120491,test
P1_gdeQ_0020_279d3bbf4a5b,P1,gdeQ,20,_gde_q/P1_gdeQ (20).mov,_gde_q,83899,test
P1_gdeQ_0021_377d171ad8cd,P1,gdeQ,21,_gde_q/P1_gdeQ (21).mov,_gde_q,83899,test
P1_gdeQ_0022_052ae1c81e9d,P1,gdeQ,22,_gde_q/P1_gdeQ (22).mov,_gde_q,83899,test
P1_gdeQ_0023_561d58c717b0,P1,gdeQ,23,_gde_q/P1_gdeQ (23).mov,_gde_q,83899,test
P1_gdeQ_0024_56ac3ce9b41b,P1,gdeQ,24,_gde_q/P1_gdeQ (24).mov,_gde_q,83899,test
P1_gdeQ_0025_495b8b666037,P1,gdeQ,25,_gde_q/P1_gdeQ (25).mov,_gde_q,83899,test
P1_gdeQ_0026_53b8d8fa8bd8,P1,gdeQ,26,_gde_q/P1_gdeQ (26).mov,_gde_q,80806,test
P1_gdeQ_0027_c70453f77d87,P1,gdeQ,27,_gde_q/P1_gdeQ (27).mov,_gde_q,80806,test
P1_gdeQ_0028_e6b2cf4f70ac,P1,gdeQ,28,_gde_q/P1_gdeQ (28).mov,_gde_q,80806,test
P1_gdeQ_0029_e629c11425fb,P1,gdeQ,29,_gde_q/P1_gdeQ (29).mov,_gde_q,80806,test
P1_gdeQ_0003_a0f44f01ee15,P1,gdeQ,3,_gde_q/P1_gdeQ (3).mov,_gde_q,120491,test
P1_gdeQ_0030_008aecafcaba,P1,gdeQ,30,_gde_q/P1_gdeQ (30).mov,_gde_q,80806,test
P1_gdeQ_0031_2095ffc22d90,P1,gdeQ,31,_gde_q/P1_gdeQ (31).mov,_gde_q,80806,test
P1_gdeQ_0032_fd7ad327cff6,P1,gdeQ,32,_gde_q/P1_gdeQ (32).mov,_gde_q,80806,test
P1_gdeQ_0033_c8692c4c83e2,P1,gdeQ,33,_gde_q/P1_gdeQ (33).mov,_gde_q,80806,test
P1_gdeQ_0034_e8d4774e9ad9,P1,gdeQ,34,_gde_q/P1_gdeQ (34).mov,_gde_q,80806,test
P1_gdeQ_0035_24247d132cf1,P1,gdeQ,35,_gde_q/P1_gdeQ (35).mov,_gde_q,80806,test
P1_gdeQ_0036_0ebe7dd8bff8,P1,gdeQ,36,_gde_q/P1_gdeQ (36).mov,_gde_q,80806,test
P1_gdeQ_0037_f32b59ca3464,P1,gdeQ,37,_gde_q/P1_gdeQ (37).mov,_gde_q,80806,test
P1_gdeQ_0038_4a4733df2a50,P1,gdeQ,38,_gde_q/P1_gdeQ (38).mov,_gde_q,80806,test
P1_gdeQ_0039_57a656881289,P1,gdeQ,39,_gde_q/P1_gdeQ (39).mov,_gde_q,93000,test
P1_gdeQ_0004_149fea97dc75,P1,gdeQ,4,_gde_q/P1_gdeQ (4).mov,_gde_q,120491,test
P1_gdeQ_0040_e77153bdb538,P1,gdeQ,40,_gde_q/P1_gdeQ (40).mov,_gde_q,93000,test
P1_gdeQ_0041_a6d6698a3a8c,P1,gdeQ,41,_gde_q/P1_gdeQ (41).mov,_gde_q,93000,test
P1_gdeQ_0042_73bf1123e5a0,P1,gdeQ,42,_gde_q/P1_gdeQ (42).mov,_gde_q,93000,test
P1_gdeQ_0043_81fb8d35f6c6,P1,gdeQ,43,_gde_q/P1_gdeQ (43).mov,_gde_q,93000,test
P1_gdeQ_0044_a82e05ecaf54,P1,gdeQ,44,_gde_q/P1_gdeQ (44).mov,_gde_q,93000,test
P1_gdeQ_0045_74f06d864b21,P1,gdeQ,45,_gde_q/P1_gdeQ (45).mov,_gde_q,93000,test
P1_gdeQ_0046_5524d4826ac8,P1,gdeQ,46,_gde_q/P1_gdeQ (46).mov,_gde_q,93000,test
P1_gdeQ_0047_a5f8e31bcd0e,P1,gdeQ,47,_gde_q/P1_gdeQ (47).mov,_gde_q,93000,test
P1_gdeQ_0048_abfe2fddb30e,P1,gdeQ,48,_gde_q/P1_gdeQ (48).mov,_gde_q,93000,test
P1_gdeQ_0049_e3e8fb6992c9,P1,gdeQ,49,_gde_q/P1_gdeQ (49).mov,_gde_q,93000,test
P1_gdeQ_0005_b2322da080be,P1,gdeQ,5,_gde_q/P1_gdeQ (5).mov,_gde_q,120491,test
P1_gdeQ_0050_22714582bf13,P1,gdeQ,50,_gde_q/P1_gdeQ (50).mov,_gde_q,93000,test
P1_gdeQ_0051_45efdf038792,P1,gdeQ,51,_gde_q/P1_gdeQ (51).mov,_gde_q,93000,test
P1_gdeQ_0052_b336757ac3cc,P1,gdeQ,52,_gde_q/P1_gdeQ (52).mov,_gde_q,93000,test
P1_gdeQ_0053_06be66a28904,P1,gdeQ,53,_gde_q/P1_gdeQ (53).mov,_gde_q,63367,test
P1_gdeQ_0054_a30e4d9fabfb,P1,gdeQ,54,_gde_q/P1_gdeQ (54).mov,_gde_q,63367,test
P1_gdeQ_0055_3330e3a985ff,P1,gdeQ,55,_gde_q/P1_gdeQ (55).mov,_gde_q,63367,test
P1_gdeQ_0056_182751f4151f,P1,gdeQ,56,_gde_q/P1_gdeQ (56).mov,_gde_q,63367,test
P1_gdeQ_0057_3ec627babe25,P1,gdeQ,57,_gde_q/P1_gdeQ (57).mov,_gde_q,63367,test
P1_gdeQ_0058_58aaf354b797,P1,gdeQ,58,_gde_q/P1_gdeQ (58).mov,_gde_q,63367,test
P1_gdeQ_0059_9272b88b2359,P1,gdeQ,59,_gde_q/P1_gdeQ (59).mov,_gde_q,63367,test
P1_gdeQ_0006_e5b3c7657e6e,P1,gdeQ,6,_gde_q/P1_gdeQ (6).mov,_gde_q,120491,test
P1_gdeQ_0060_38e712b92137,P1,gdeQ,60,_gde_q/P1_gdeQ (60).mov,_gde_q,63367,test
P1_gdeQ_0061_298cfc38c9b0,P1,gdeQ,61,_gde_q/P1_gdeQ (61).mov,_gde_q,63367,test
P1_gdeQ_0062_8749b982c091,P1,gdeQ,62,_gde_q/P1_gdeQ (62).mov,_gde_q,63367,test
P1_gdeQ_0063_dfb3b19008a4,P1,gdeQ,63,_gde_q/P1_gdeQ (63).mov,_gde_q,63367,test
P1_gdeQ_0064_886d0ea587f2,P1,gdeQ,64,_gde_q/P1_gdeQ (64).mov,_gde_q,75220,test
P1_gdeQ_0065_3df7357a89a3,P1,gdeQ,65,_gde_q/P1_gdeQ (65).mov,_gde_q,75220,test
P1_gdeQ_0066_1f9ba907d4db,P1,gdeQ,66,_gde_q/P1_gdeQ (66).mov,_gde_q,75220,test
P1_gdeQ_0067_eb12afcf887f,P1,gdeQ,67,_gde_q/P1_gdeQ (67).mov,_gde_q,75220,test
P1_gdeQ_0068_afb2d8e0e45a,P1,gdeQ,68,_gde_q/P1_gdeQ (68).mov,_gde_q,75220,test
P1_gdeQ_0069_83d9d2683a0f,P1,gdeQ,69,_gde_q/P1_gdeQ (69).mov,_gde_q,75220,test
P1_gdeQ_0007_0e9e1cbb2de4,P1,gdeQ,7,_gde_q/P1_gdeQ (7).mov,_gde_q,120491,test
P1_gdeQ_0070_ddde6369fa96,P1,gdeQ,70,_gde_q/P1_gdeQ (70).mov,_gde_q,75220,test
P1_gdeQ_0071_e5665c60c8ab,P1,gdeQ,71,_gde_q/P1_gdeQ (71).mov,_gde_q,75220,test
P1_gdeQ_0072_f7601fb80a3a,P1,gdeQ,72,_gde_q/P1_gdeQ (72).mov,_gde_q,75220,test
P1_gdeQ_0073_b843b65c1dba,P1,gdeQ,73,_gde_q/P1_gdeQ (73).mov,_gde_q,75220,test
P1_gdeQ_0074_12dce907679c,P1,gdeQ,74,_gde_q/P1_gdeQ (74).mov,_gde_q,75220,test
P1_gdeQ_0075_d24529c02195,P1,gdeQ,75,_gde_q/P1_gdeQ (75).mov,_gde_q,75220,test
P1_gdeQ_0076_01241174f23c,P1,gdeQ,76,_gde_q/P1_gdeQ (76).mov,_gde_q,75220,test
P1_gdeQ_0077_1e05ddca7719,P1,gdeQ,77,_gde_q/P1_gdeQ (77).mov,_gde_q,81490,test
P1_gdeQ_0078_dea6db953b56,P1,gdeQ,78,_gde_q/P1_gdeQ (78).mov,_gde_q,81490,test
P1_gdeQ_0079_f1d47aaec3f6,P1,gdeQ,79,_gde_q/P1_gdeQ (79).mov,_gde_q,81490,test
P1_gdeQ_0008_e02bbe2f1dc5,P1,gdeQ,8,_gde_q/P1_gdeQ (8).mov,_gde_q,120491,test
P1_gdeQ_0080_77ebfdb8cc36,P1,gdeQ,80,_gde_q/P1_gdeQ (80).mov,_gde_q,81490,test
P1_gdeQ_0081_9e586d4bb5a7,P1,gdeQ,81,_gde_q/P1_gdeQ (81).mov,_gde_q,81490,test
P1_gdeQ_0082_5bb1f4d3be6f,P1,gdeQ,82,_gde_q/P1_gdeQ (82).mov,_gde_q,81490,test
P1_gdeQ_0083_ceb5120fb1d2,P1,gdeQ,83,_gde_q/P1_gdeQ (83).mov,_gde_q,81490,test
P1_gdeQ_0084_68033da9605e,P1,gdeQ,84,_gde_q/P1_gdeQ (84).mov,_gde_q,81490,test
P1_gdeQ_0085_c1051004025f,P1,gdeQ,85,_gde_q/P1_gdeQ (85).mov,_gde_q,81490,test
P1_gdeQ_0086_bd2d6a3139ff,P1,gdeQ,86,_gde_q/P1_gdeQ (86).mov,_gde_q,81490,test
P1_gdeQ_0087_3da65553357e,P1,gdeQ,87,_gde_q/P1_gdeQ (87).mov,_gde_q,81490,test
P1_gdeQ_0088_d525bcdb537e,P1,gdeQ,88,_gde_q/P1_gdeQ (88).mov,_gde_q,81490,test
P1_gdeQ_0089_5520bef531da,P1,gdeQ,89,_gde_q/P1_gdeQ (89).mov,_gde_q,81490,test
P1_gdeQ_0009_90e3d9c4e852,P1,gdeQ,9,_gde_q/P1_gdeQ (9).mov,_gde_q,120491,test
P1_gdeQ_0090_ac1f705b4784,P1,gdeQ,90,_gde_q/P1_gdeQ (90).mov,_gde_q,80569,test
P1_gdeQ_0091_07ebfae75410,P1,gdeQ,91,_gde_q/P1_gdeQ (91).mov,_gde_q,80569,test
P1_gdeQ_0092_91e9c5479f90,P1,gdeQ,92,_gde_q/P1_gdeQ (92).mov,_gde_q,80569,test
P1_gdeQ_0093_fd05b0445139,P1,gdeQ,93,_gde_q/P1_gdeQ (93).mov,_gde_q,80569,test
P1_gdeQ_0094_53b2694e7380,P1,gdeQ,94,_gde_q/P1_gdeQ (94).mov,_gde_q,80569,test
P1_gdeQ_0095_adf01e44ad76,P1,gdeQ,95,_gde_q/P1_gdeQ (95).mov,_gde_q,80569,test
P1_gdeQ_0096_9e7778f82c08,P1,gdeQ,96,_gde_q/P1_gdeQ (96).mov,_gde_q,80569,test
P1_gdeQ_0097_5f1d8b870f13,P1,gdeQ,97,_gde_q/P1_gdeQ (97).mov,_gde_q,80569,test
P1_gdeQ_0098_ec5377e3608e,P1,gdeQ,98,_gde_q/P1_gdeQ (98).mov,_gde_q,80569,test
P1_gdeQ_0099_04eb07b24eda,P1,gdeQ,99,_gde_q/P1_gdeQ (99).mov,_gde_q,80569,test
P2_gdeQ_0001_42b36d7cef02,P2,gdeQ,1,_gde_q/P2_gdeQ (1).mov,_gde_q,125336,validation
P2_gdeQ_0010_cdef87fc80cb,P2,gdeQ,10,_gde_q/P2_gdeQ (10).mov,_gde_q,87680,validation
P2_gdeQ_0011_f47caa9e3c7c,P2,gdeQ,11,_gde_q/P2_gdeQ (11).mov,_gde_q,80829,validation
P2_gdeQ_0012_d05bcef0edda,P2,gdeQ,12,_gde_q/P2_gdeQ (12).mov,_gde_q,66040,validation
P2_gdeQ_0013_0356bd5cd98a,P2,gdeQ,13,_gde_q/P2_gdeQ (13).mov,_gde_q,85763,validation
P2_gdeQ_0014_9bdbf8a4bf32,P2,gdeQ,14,_gde_q/P2_gdeQ (14).mov,_gde_q,80975,validation
P2_gdeQ_0015_c97196d004bb,P2,gdeQ,15,_gde_q/P2_gdeQ (15).mov,_gde_q,59266,validation
P2_gdeQ_0016_513dc23ecd82,P2,gdeQ,16,_gde_q/P2_gdeQ (16).mov,_gde_q,65160,validation
P2_gdeQ_0017_68d07a691dd9,P2,gdeQ,17,_gde_q/P2_gdeQ (17).mov,_gde_q,51792,validation
P2_gdeQ_0018_c5c2e83fe3e9,P2,gdeQ,18,_gde_q/P2_gdeQ (18).mov,_gde_q,91326,validation
P2_gdeQ_0019_b03d5e2092a1,P2,gdeQ,19,_gde_q/P2_gdeQ (19).mov,_gde_q,94744,validation
P2_gdeQ_0002_89bc888a5b0f,P2,gdeQ,2,_gde_q/P2_gdeQ (2).mov,_gde_q,98150,validation
P2_gdeQ_0020_b133ee4f2b30,P2,gdeQ,20,_gde_q/P2_gdeQ (20).mov,_gde_q,99828,validation
P2_gdeQ_0021_3b12064badd2,P2,gdeQ,21,_gde_q/P2_gdeQ (21).mov,_gde_q,98631,validation
P2_gdeQ_0022_a28a174ff80c,P2,gdeQ,22,_gde_q/P2_gdeQ (22).mov,_gde_q,141400,validation
P2_gdeQ_0023_44f413762d20,P2,gdeQ,23,_gde_q/P2_gdeQ (23).mov,_gde_q,146717,validation
P2_gdeQ_0024_6d33a3426b10,P2,gdeQ,24,_gde_q/P2_gdeQ (24).mov,_gde_q,128160,validation
P2_gdeQ_0025_5cec7728e95a,P2,gdeQ,25,_gde_q/P2_gdeQ (25).mov,_gde_q,114278,validation
P2_gdeQ_0026_618c70cf50ba,P2,gdeQ,26,_gde_q/P2_gdeQ (26).mov,_gde_q,107467,validation
P2_gdeQ_0027_771eee3b06d2,P2,gdeQ,27,_gde_q/P2_gdeQ (27).mov,_gde_q,124826,validation
P2_gdeQ_0028_89e5813d8494,P2,gdeQ,28,_gde_q/P2_gdeQ (28).mov,_gde_q,130697,validation
P2_gdeQ_0029_1e4c63359f30,P2,gdeQ,29,_gde_q/P2_gdeQ (29).mov,_gde_q,124421,validation
P2_gdeQ_0003_740f9dd27a1c,P2,gdeQ,3,_gde_q/P2_gdeQ (3).mov,_gde_q,91600,validation
P2_gdeQ_0030_d71deaedee5a,P2,gdeQ,30,_gde_q/P2_gdeQ (30).mov,_gde_q,125336,validation
P2_gdeQ_0031_c91337724d63,P2,gdeQ,31,_gde_q/P2_gdeQ (31).mov,_gde_q,85301,validation
P2_gdeQ_0032_629c8c95e4c9,P2,gdeQ,32,_gde_q/P2_gdeQ (32).mov,_gde_q,96003,validation
P2_gdeQ_0033_ec12bf67c08b,P2,gdeQ,33,_gde_q/P2_gdeQ (33).mov,_gde_q,97337,validation
P2_gdeQ_0034_050585b58cfc,P2,gdeQ,34,_gde_q/P2_gdeQ (34).mov,_gde_q,74870,validation
P2_gdeQ_0035_c565cfb1a8cf,P2,gdeQ,35,_gde_q/P2_gdeQ (35).mov,_gde_q,93894,validation
P2_gdeQ_0036_44d27870a582,P2,gdeQ,36,_gde_q/P2_gdeQ (36).mov,_gde_q,73126,validation
P2_gdeQ_0037_8749154dbce5,P2,gdeQ,37,_gde_q/P2_gdeQ (37).mov,_gde_q,99394,validation
P2_gdeQ_0038_9855f95a9618,P2,gdeQ,38,_gde_q/P2_gdeQ (38).mov,_gde_q,96270,validation
P2_gdeQ_0039_766d2a3f698e,P2,gdeQ,39,_gde_q/P2_gdeQ (39).mov,_gde_q,97481,validation
P2_gdeQ_0004_a54afd397921,P2,gdeQ,4,_gde_q/P2_gdeQ (4).mov,_gde_q,98720,validation
P2_gdeQ_0040_a77ad8f09d19,P2,gdeQ,40,_gde_q/P2_gdeQ (40).mov,_gde_q,100029,validation
P2_gdeQ_0005_bf4050f4a200,P2,gdeQ,5,_gde_q/P2_gdeQ (5).mov,_gde_q,91604,validation
P2_gdeQ_0006_c17cc071b1a7,P2,gdeQ,6,_gde_q/P2_gdeQ (6).mov,_gde_q,99372,validation
P2_gdeQ_0007_00a0ea3c7a78,P2,gdeQ,7,_gde_q/P2_gdeQ (7).mov,_gde_q,80524,validation
P2_gdeQ_0008_7ab2cd2a4a03,P2,gdeQ,8,_gde_q/P2_gdeQ (8).mov,_gde_q,121650,validation
P2_gdeQ_0009_cfac25f210c0,P2,gdeQ,9,_gde_q/P2_gdeQ (9).mov,_gde_q,85904,validation
P3_gdeQ_0001_5863e1c879e1,P3,gdeQ,1,_gde_q/P3_gdeQ (1).mov,_gde_q,65325,train
P3_gdeQ_0010_97919b69d53e,P3,gdeQ,10,_gde_q/P3_gdeQ (10).mov,_gde_q,53211,train
P3_gdeQ_0011_acd59c5a2566,P3,gdeQ,11,_gde_q/P3_gdeQ (11).mov,_gde_q,66403,train
P3_gdeQ_0012_b3ab74d11535,P3,gdeQ,12,_gde_q/P3_gdeQ (12).mov,_gde_q,91457,train
P3_gdeQ_0013_e89a3e9089e2,P3,gdeQ,13,_gde_q/P3_gdeQ (13).mov,_gde_q,63720,train
P3_gdeQ_0014_0a27f8a0e0d7,P3,gdeQ,14,_gde_q/P3_gdeQ (14).mov,_gde_q,81595,train
P3_gdeQ_0015_1017370c01a6,P3,gdeQ,15,_gde_q/P3_gdeQ (15).mov,_gde_q,66428,train
P3_gdeQ_0016_9a17e9ecbfcf,P3,gdeQ,16,_gde_q/P3_gdeQ (16).mov,_gde_q,38928,train
P3_gdeQ_0017_16b6ce513933,P3,gdeQ,17,_gde_q/P3_gdeQ (17).mov,_gde_q,56647,train
P3_gdeQ_0018_efa16fa6f20c,P3,gdeQ,18,_gde_q/P3_gdeQ (18).mov,_gde_q,63240,train
P3_gdeQ_0019_b12e06da28b2,P3,gdeQ,19,_gde_q/P3_gdeQ (19).mov,_gde_q,60819,train
P3_gdeQ_0002_1e60dc405f51,P3,gdeQ,2,_gde_q/P3_gdeQ (2).mov,_gde_q,51318,train
P3_gdeQ_0020_8ecf71926dce,P3,gdeQ,20,_gde_q/P3_gdeQ (20).mov,_gde_q,56647,train
P3_gdeQ_0021_ee4f655de53e,P3,gdeQ,21,_gde_q/P3_gdeQ (21).mov,_gde_q,63240,train
P3_gdeQ_0022_8e3e1931ccc4,P3,gdeQ,22,_gde_q/P3_gdeQ (22).mov,_gde_q,52068,train
P3_gdeQ_0023_1bb6ddcebe06,P3,gdeQ,23,_gde_q/P3_gdeQ (23).mov,_gde_q,52413,train
P3_gdeQ_0024_c99d6e090844,P3,gdeQ,24,_gde_q/P3_gdeQ (24).mov,_gde_q,52068,train
P3_gdeQ_0025_91d2892806ff,P3,gdeQ,25,_gde_q/P3_gdeQ (25).mov,_gde_q,62805,train
P3_gdeQ_0026_79bcac17db67,P3,gdeQ,26,_gde_q/P3_gdeQ (26).mov,_gde_q,52406,train
P3_gdeQ_0027_54028097866c,P3,gdeQ,27,_gde_q/P3_gdeQ (27).mov,_gde_q,51973,train
P3_gdeQ_0028_d6fe2660edf3,P3,gdeQ,28,_gde_q/P3_gdeQ (28).mov,_gde_q,56094,train
P3_gdeQ_0029_7411f9c5496b,P3,gdeQ,29,_gde_q/P3_gdeQ (29).mov,_gde_q,62937,train
P3_gdeQ_0003_abe11239507c,P3,gdeQ,3,_gde_q/P3_gdeQ (3).mov,_gde_q,79522,train
P3_gdeQ_0030_30636c96cc4c,P3,gdeQ,30,_gde_q/P3_gdeQ (30).mov,_gde_q,69666,train
P3_gdeQ_0031_9405bc25fe59,P3,gdeQ,31,_gde_q/P3_gdeQ (31).mov,_gde_q,50850,train
P3_gdeQ_0032_d43225b05659,P3,gdeQ,32,_gde_q/P3_gdeQ (32).mov,_gde_q,55459,train
P3_gdeQ_0033_2eb9f1add681,P3,gdeQ,33,_gde_q/P3_gdeQ (33).mov,_gde_q,51369,train
P3_gdeQ_0034_340c4c41eadf,P3,gdeQ,34,_gde_q/P3_gdeQ (34).mov,_gde_q,68014,train
P3_gdeQ_0035_eb2e535e8bac,P3,gdeQ,35,_gde_q/P3_gdeQ (35).mov,_gde_q,71265,train
P3_gdeQ_0036_c2b57f350be8,P3,gdeQ,36,_gde_q/P3_gdeQ (36).mov,_gde_q,64643,train
P3_gdeQ_0037_3efae6d6e46b,P3,gdeQ,37,_gde_q/P3_gdeQ (37).mov,_gde_q,92395,train
P3_gdeQ_0038_f5c163598d33,P3,gdeQ,38,_gde_q/P3_gdeQ (38).mov,_gde_q,95654,train
P3_gdeQ_0039_e6420b534447,P3,gdeQ,39,_gde_q/P3_gdeQ (39).mov,_gde_q,99491,train
P3_gdeQ_0004_9f7b454353b4,P3,gdeQ,4,_gde_q/P3_gdeQ (4).mov,_gde_q,68468,train
P3_gdeQ_0040_c1671d982d0f,P3,gdeQ,40,_gde_q/P3_gdeQ (40).mov,_gde_q,66641,train
P3_gdeQ_0005_c5e73ee24438,P3,gdeQ,5,_gde_q/P3_gdeQ (5).mov,_gde_q,94449,train
P3_gdeQ_0006_d32e4843c64c,P3,gdeQ,6,_gde_q/P3_gdeQ (6).mov,_gde_q,64435,train
P3_gdeQ_0007_3196e970ce4a,P3,gdeQ,7,_gde_q/P3_gdeQ (7).mov,_gde_q,57552,train
P3_gdeQ_0008_6a2ab1f764a4,P3,gdeQ,8,_gde_q/P3_gdeQ (8).mov,_gde_q,82283,train
P3_gdeQ_0009_26e4a5805727,P3,gdeQ,9,_gde_q/P3_gdeQ (9).mov,_gde_q,51853,train
P4_gdeQ_0001_076f221c5bdf,P4,gdeQ,1,_gde_q/P4_gdeQ (1).mov,_gde_q,108695,train
P4_gdeQ_0010_d6cee968ce74,P4,gdeQ,10,_gde_q/P4_gdeQ (10).mov,_gde_q,113426,train
P4_gdeQ_0011_efd64626d906,P4,gdeQ,11,_gde_q/P4_gdeQ (11).mov,_gde_q,101953,train
P4_gdeQ_0012_558a7b5ddf4e,P4,gdeQ,12,_gde_q/P4_gdeQ (12).mov,_gde_q,106873,train
P4_gdeQ_0013_8c7a1cecae16,P4,gdeQ,13,_gde_q/P4_gdeQ (13).mov,_gde_q,79798,train
P4_gdeQ_0014_3454aae318ac,P4,gdeQ,14,_gde_q/P4_gdeQ (14).mov,_gde_q,91008,train
P4_gdeQ_0015_d576d346aa64,P4,gdeQ,15,_gde_q/P4_gdeQ (15).mov,_gde_q,84697,train
P4_gdeQ_0016_5e5d0bb8cca3,P4,gdeQ,16,_gde_q/P4_gdeQ (16).mov,_gde_q,95455,train
P4_gdeQ_0017_b21f30d82612,P4,gdeQ,17,_gde_q/P4_gdeQ (17).mov,_gde_q,87667,train
P4_gdeQ_0018_8e7e297386c2,P4,gdeQ,18,_gde_q/P4_gdeQ (18).mov,_gde_q,93599,train
P4_gdeQ_0019_a3c26c61f045,P4,gdeQ,19,_gde_q/P4_gdeQ (19).mov,_gde_q,80042,train
P4_gdeQ_0002_edadd1ac3cc9,P4,gdeQ,2,_gde_q/P4_gdeQ (2).mov,_gde_q,112680,train
P4_gdeQ_0020_aa1bfc7a701f,P4,gdeQ,20,_gde_q/P4_gdeQ (20).mov,_gde_q,86061,train
P4_gdeQ_0021_6e500ad6d257,P4,gdeQ,21,_gde_q/P4_gdeQ (21).mov,_gde_q,88726,train
P4_gdeQ_0022_6344adeec084,P4,gdeQ,22,_gde_q/P4_gdeQ (22).mov,_gde_q,135375,train
P4_gdeQ_0023_243eea42eb09,P4,gdeQ,23,_gde_q/P4_gdeQ (23).mov,_gde_q,98693,train
P4_gdeQ_0024_7d702f071726,P4,gdeQ,24,_gde_q/P4_gdeQ (24).mov,_gde_q,97684,train
P4_gdeQ_0025_0907c546ab26,P4,gdeQ,25,_gde_q/P4_gdeQ (25).mov,_gde_q,93123,train
P4_gdeQ_0026_40761b5e7663,P4,gdeQ,26,_gde_q/P4_gdeQ (26).mov,_gde_q,93462,train
P4_gdeQ_0027_793b56db3a43,P4,gdeQ,27,_gde_q/P4_gdeQ (27).mov,_gde_q,124920,train
P4_gdeQ_0028_b759256f5ebb,P4,gdeQ,28,_gde_q/P4_gdeQ (28).mov,_gde_q,79549,train
P4_gdeQ_0029_bb582145ea7e,P4,gdeQ,29,_gde_q/P4_gdeQ (29).mov,_gde_q,80432,train
P4_gdeQ_0003_71232dfb69c4,P4,gdeQ,3,_gde_q/P4_gdeQ (3).mov,_gde_q,86551,train
P4_gdeQ_0030_6a9d04c03e17,P4,gdeQ,30,_gde_q/P4_gdeQ (30).mov,_gde_q,114942,train
P4_gdeQ_0031_9e35e225bb34,P4,gdeQ,31,_gde_q/P4_gdeQ (31).mov,_gde_q,84758,train
P4_gdeQ_0032_837eb455c526,P4,gdeQ,32,_gde_q/P4_gdeQ (32).mov,_gde_q,56006,train
P4_gdeQ_0033_4318e003cf38,P4,gdeQ,33,_gde_q/P4_gdeQ (33).mov,_gde_q,130169,train
P4_gdeQ_0034_aad1588dfc2a,P4,gdeQ,34,_gde_q/P4_gdeQ (34).mov,_gde_q,97441,train
P4_gdeQ_0035_57f7820f2c1d,P4,gdeQ,35,_gde_q/P4_gdeQ (35).mov,_gde_q,104623,train
P4_gdeQ_0036_a4f62afb2055,P4,gdeQ,36,_gde_q/P4_gdeQ (36).mov,_gde_q,103088,train
P4_gdeQ_0037_28224214cbba,P4,gdeQ,37,_gde_q/P4_gdeQ (37).mov,_gde_q,66001,train
P4_gdeQ_0038_54f5bba0a116,P4,gdeQ,38,_gde_q/P4_gdeQ (38).mov,_gde_q,99185,train
P4_gdeQ_0039_bb4904c1c7a3,P4,gdeQ,39,_gde_q/P4_gdeQ (39).mov,_gde_q,175004,train
P4_gdeQ_0004_5a7222aeaa30,P4,gdeQ,4,_gde_q/P4_gdeQ (4).mov,_gde_q,79619,train
P4_gdeQ_0040_3a30d5e92fd7,P4,gdeQ,40,_gde_q/P4_gdeQ (40).mov,_gde_q,175004,train
P4_gdeQ_0005_5ebebf3a9077,P4,gdeQ,5,_gde_q/P4_gdeQ (5).mov,_gde_q,79818,train
P4_gdeQ_0006_9903168d5041,P4,gdeQ,6,_gde_q/P4_gdeQ (6).mov,_gde_q,79171,train
P4_gdeQ_0007_e395a3679654,P4,gdeQ,7,_gde_q/P4_gdeQ (7).mov,_gde_q,86524,train
P4_gdeQ_0008_612cbc4fd364,P4,gdeQ,8,_gde_q/P4_gdeQ (8).mov,_gde_q,100645,train
P4_gdeQ_0009_a06009d417ba,P4,gdeQ,9,_gde_q/P4_gdeQ (9).mov,_gde_q,104259,train
P5_gdeQ_0001_df6b4c9c31a6,P5,gdeQ,1,_gde_q/P5_gdeQ (1).mov,_gde_q,258182,train
P5_gdeQ_0010_f5ceba284940,P5,gdeQ,10,_gde_q/P5_gdeQ (10).mov,_gde_q,212581,train
P5_gdeQ_0011_fb60d4670489,P5,gdeQ,11,_gde_q/P5_gdeQ (11).mov,_gde_q,161177,train
P5_gdeQ_0012_18c0b4336a81,P5,gdeQ,12,_gde_q/P5_gdeQ (12).mov,_gde_q,145506,train
P5_gdeQ_0013_fbaf9d4674fe,P5,gdeQ,13,_gde_q/P5_gdeQ (13).mov,_gde_q,106360,train
P5_gdeQ_0014_b7ce89ee1b74,P5,gdeQ,14,_gde_q/P5_gdeQ (14).mov,_gde_q,104961,train
P5_gdeQ_0015_f62d9cd53ff2,P5,gdeQ,15,_gde_q/P5_gdeQ (15).mov,_gde_q,93961,train
P5_gdeQ_0016_f61bfde2ee8f,P5,gdeQ,16,_gde_q/P5_gdeQ (16).mov,_gde_q,94512,train
P5_gdeQ_0017_fb9cf41135ce,P5,gdeQ,17,_gde_q/P5_gdeQ (17).mov,_gde_q,94182,train
P5_gdeQ_0018_18d3cc2ee4ee,P5,gdeQ,18,_gde_q/P5_gdeQ (18).mov,_gde_q,125018,train
P5_gdeQ_0019_47ab9202ff45,P5,gdeQ,19,_gde_q/P5_gdeQ (19).mov,_gde_q,126041,train
P5_gdeQ_0002_34f35e95248b,P5,gdeQ,2,_gde_q/P5_gdeQ (2).mov,_gde_q,190771,train
P5_gdeQ_0020_a2f601b4394c,P5,gdeQ,20,_gde_q/P5_gdeQ (20).mov,_gde_q,98399,train
P5_gdeQ_0021_bfae3bb95815,P5,gdeQ,21,_gde_q/P5_gdeQ (21).mov,_gde_q,96140,train
P5_gdeQ_0022_4ec459682104,P5,gdeQ,22,_gde_q/P5_gdeQ (22).mov,_gde_q,63393,train
P5_gdeQ_0023_d2eb1c683655,P5,gdeQ,23,_gde_q/P5_gdeQ (23).mov,_gde_q,74880,train
P5_gdeQ_0024_c7445a747dd3,P5,gdeQ,24,_gde_q/P5_gdeQ (24).mov,_gde_q,109263,train
P5_gdeQ_0025_6ba9083c83c5,P5,gdeQ,25,_gde_q/P5_gdeQ (25).mov,_gde_q,99137,train
P5_gdeQ_0026_c8311af015d4,P5,gdeQ,26,_gde_q/P5_gdeQ (26).mov,_gde_q,113662,train
P5_gdeQ_0027_3367f1ac6c3f,P5,gdeQ,27,_gde_q/P5_gdeQ (27).mov,_gde_q,122220,train
P5_gdeQ_0028_35f6c45273e4,P5,gdeQ,28,_gde_q/P5_gdeQ (28).mov,_gde_q,122958,train
P5_gdeQ_0029_0667f7fb7d1c,P5,gdeQ,29,_gde_q/P5_gdeQ (29).mov,_gde_q,118646,train
P5_gdeQ_0003_31135b3fa1a6,P5,gdeQ,3,_gde_q/P5_gdeQ (3).mov,_gde_q,90597,train
P5_gdeQ_0030_c2ef046a3a42,P5,gdeQ,30,_gde_q/P5_gdeQ (30).mov,_gde_q,95994,train
P5_gdeQ_0031_39490985bcfa,P5,gdeQ,31,_gde_q/P5_gdeQ (31).mov,_gde_q,84518,train
P5_gdeQ_0032_087d778596bf,P5,gdeQ,32,_gde_q/P5_gdeQ (32).mov,_gde_q,141506,train
P5_gdeQ_0033_ab160784e25f,P5,gdeQ,33,_gde_q/P5_gdeQ (33).mov,_gde_q,140539,train
P5_gdeQ_0034_235f33ec1616,P5,gdeQ,34,_gde_q/P5_gdeQ (34).mov,_gde_q,92104,train
P5_gdeQ_0035_5319e396a48b,P5,gdeQ,35,_gde_q/P5_gdeQ (35).mov,_gde_q,134794,train
P5_gdeQ_0036_df3b3b235b17,P5,gdeQ,36,_gde_q/P5_gdeQ (36).mov,_gde_q,134946,train
P5_gdeQ_0037_db9c57e0536b,P5,gdeQ,37,_gde_q/P5_gdeQ (37).mov,_gde_q,99426,train
P5_gdeQ_0038_3a20daa6432e,P5,gdeQ,38,_gde_q/P5_gdeQ (38).mov,_gde_q,98197,train
P5_gdeQ_0039_b320061872e3,P5,gdeQ,39,_gde_q/P5_gdeQ (39).mov,_gde_q,101071,train
P5_gdeQ_0004_93acb208c4fe,P5,gdeQ,4,_gde_q/P5_gdeQ (4).mov,_gde_q,100439,train
P5_gdeQ_0040_86d45e1e26d2,P5,gdeQ,40,_gde_q/P5_gdeQ (40).mov,_gde_q,103195,train
P5_gdeQ_0005_f40088ed7f29,P5,gdeQ,5,_gde_q/P5_gdeQ (5).mov,_gde_q,99654,train
P5_gdeQ_0006_0dc70470aefc,P5,gdeQ,6,_gde_q/P5_gdeQ (6).mov,_gde_q,105376,train
P5_gdeQ_0007_a4d9ad26c271,P5,gdeQ,7,_gde_q/P5_gdeQ (7).mov,_gde_q,105813,train
P5_gdeQ_0008_cf3e2c5b354a,P5,gdeQ,8,_gde_q/P5_gdeQ (8).mov,_gde_q,87247,train
P5_gdeQ_0009_7ea28ea79e44,P5,gdeQ,9,_gde_q/P5_gdeQ (9).mov,_gde_q,91041,train
P1_kak_0001_09f959657ecb,P1,kak,1,_kak/P1_kak (1).mov,_kak,113423,test
P1_kak_0010_49e4e1edf8d0,P1,kak,10,_kak/P1_kak (10).mov,_kak,128568,test
P1_kak_0011_7497994f42c8,P1,kak,11,_kak/P1_kak (11).mov,_kak,131077,test
P1_kak_0012_24b113e532a5,P1,kak,12,_kak/P1_kak (12).mov,_kak,131077,test
P1_kak_0013_eb668515aec8,P1,kak,13,_kak/P1_kak (13).mov,_kak,116422,test
P1_kak_0014_33f39891c878,P1,kak,14,_kak/P1_kak (14).mov,_kak,119228,test
P1_kak_0015_b8db7d222117,P1,kak,15,_kak/P1_kak (15).mov,_kak,114450,test
P1_kak_0016_ea51d0018b19,P1,kak,16,_kak/P1_kak (16).mov,_kak,101078,test
P1_kak_0017_2960045c68db,P1,kak,17,_kak/P1_kak (17).mov,_kak,110986,test
P1_kak_0018_3f5242938633,P1,kak,18,_kak/P1_kak (18).mov,_kak,111348,test
P1_kak_0019_a95449286f44,P1,kak,19,_kak/P1_kak (19).mov,_kak,121758,test
P1_kak_0002_bbe81f9c996e,P1,kak,2,_kak/P1_kak (2).mov,_kak,93140,test
P1_kak_0020_1932fa8a6a0d,P1,kak,20,_kak/P1_kak (20).mov,_kak,137945,test
P1_kak_0021_81d7302b5d3e,P1,kak,21,_kak/P1_kak (21).mov,_kak,104199,test
P1_kak_0022_2b8ebd4cd1d6,P1,kak,22,_kak/P1_kak (22).mov,_kak,138596,test
P1_kak_0023_0ced49f8737f,P1,kak,23,_kak/P1_kak (23).mov,_kak,119786,test
P1_kak_0024_2a3fdda0fcc0,P1,kak,24,_kak/P1_kak (24).mov,_kak,167730,test
P1_kak_0025_7184bb5a8a03,P1,kak,25,_kak/P1_kak (25).mov,_kak,160586,test
P1_kak_0026_6d26525aaaa0,P1,kak,26,_kak/P1_kak (26).mov,_kak,123595,test
P1_kak_0027_200da5737ab2,P1,kak,27,_kak/P1_kak (27).mov,_kak,124144,test
P1_kak_0028_4672590f167b,P1,kak,28,_kak/P1_kak (28).mov,_kak,136866,test
P1_kak_0029_b01edd5723e5,P1,kak,29,_kak/P1_kak (29).mov,_kak,119683,test
P1_kak_0003_21cacb2d4471,P1,kak,3,_kak/P1_kak (3).mov,_kak,114064,test
P1_kak_0030_0e84f8173897,P1,kak,30,_kak/P1_kak (30).mov,_kak,103634,test
P1_kak_0031_1b6ab35fa65f,P1,kak,31,_kak/P1_kak (31).mov,_kak,103634,test
P1_kak_0032_6aa2d083578c,P1,kak,32,_kak/P1_kak (32).mov,_kak,140587,test
P1_kak_0033_f769ab3f11bb,P1,kak,33,_kak/P1_kak (33).mov,_kak,129859,test
P1_kak_0034_60b9706b3f17,P1,kak,34,_kak/P1_kak (34).mov,_kak,114285,test
P1_kak_0035_4548024a5b7a,P1,kak,35,_kak/P1_kak (35).mov,_kak,116571,test
P1_kak_0036_dac1570bde4d,P1,kak,36,_kak/P1_kak (36).mov,_kak,131327,test
P1_kak_0037_fb9404378321,P1,kak,37,_kak/P1_kak (37).mov,_kak,130453,test
P1_kak_0038_291512fd51fa,P1,kak,38,_kak/P1_kak (38).mov,_kak,119809,test
P1_kak_0039_ecb9bb39f0df,P1,kak,39,_kak/P1_kak (39).mov,_kak,119809,test
P1_kak_0004_027641451b9d,P1,kak,4,_kak/P1_kak (4).mov,_kak,86083,test
P1_kak_0040_4f5a4d277c5e,P1,kak,40,_kak/P1_kak (40).mov,_kak,132651,test
P1_kak_0005_22a7230843b8,P1,kak,5,_kak/P1_kak (5).mov,_kak,133488,test
P1_kak_0006_e4e4157c2fd1,P1,kak,6,_kak/P1_kak (6).mov,_kak,113569,test
P1_kak_0007_a06a86ee782a,P1,kak,7,_kak/P1_kak (7).mov,_kak,137183,test
P1_kak_0008_c57ece012a8f,P1,kak,8,_kak/P1_kak (8).mov,_kak,128755,test
P1_kak_0009_fa1c3fbfbc15,P1,kak,9,_kak/P1_kak (9).mov,_kak,100494,test
P2_kak_0001_f32529227fa6,P2,kak,1,_kak/P2_kak (1).mov,_kak,90351,validation
P2_kak_0010_e694d0d2d54d,P2,kak,10,_kak/P2_kak (10).mov,_kak,91344,validation
P2_kak_0011_2c1531e70202,P2,kak,11,_kak/P2_kak (11).mov,_kak,84158,validation
P2_kak_0012_705808fe3be2,P2,kak,12,_kak/P2_kak (12).mov,_kak,79869,validation
P2_kak_0013_d39543f65fb0,P2,kak,13,_kak/P2_kak (13).mov,_kak,94118,validation
P2_kak_0014_dcd2f112e59a,P2,kak,14,_kak/P2_kak (14).mov,_kak,82337,validation
P2_kak_0015_6cbcd46a65f9,P2,kak,15,_kak/P2_kak (15).mov,_kak,114127,validation
P2_kak_0016_2787fd0ee8b9,P2,kak,16,_kak/P2_kak (16).mov,_kak,87841,validation
P2_kak_0017_b51004f25803,P2,kak,17,_kak/P2_kak (17).mov,_kak,77246,validation
P2_kak_0018_cd27e6a970fd,P2,kak,18,_kak/P2_kak (18).mov,_kak,92238,validation
P2_kak_0019_0a4478f2e20a,P2,kak,19,_kak/P2_kak (19).mov,_kak,79693,validation
P2_kak_0002_a48b4ab1155f,P2,kak,2,_kak/P2_kak (2).mov,_kak,86844,validation
P2_kak_0020_f8bd2ff01c4f,P2,kak,20,_kak/P2_kak (20).mov,_kak,79271,validation
P2_kak_0021_8ae034825c07,P2,kak,21,_kak/P2_kak (21).mov,_kak,89142,validation
P2_kak_0022_d9155610aeec,P2,kak,22,_kak/P2_kak (22).mov,_kak,84267,validation
P2_kak_0023_6e6203f032ef,P2,kak,23,_kak/P2_kak (23).mov,_kak,87795,validation
P2_kak_0024_7ddb0bfa7aeb,P2,kak,24,_kak/P2_kak (24).mov,_kak,67469,validation
P2_kak_0025_6fb379bdb8a4,P2,kak,25,_kak/P2_kak (25).mov,_kak,73473,validation
P2_kak_0026_14c7fa98cd60,P2,kak,26,_kak/P2_kak (26).mov,_kak,64047,validation
P2_kak_0027_a05953d5471a,P2,kak,27,_kak/P2_kak (27).mov,_kak,102321,validation
P2_kak_0028_2af05c27ffdc,P2,kak,28,_kak/P2_kak (28).mov,_kak,96016,validation
P2_kak_0029_a6f92ca6be8f,P2,kak,29,_kak/P2_kak (29).mov,_kak,90770,validation
P2_kak_0003_fd23ed42cd7d,P2,kak,3,_kak/P2_kak (3).mov,_kak,77224,validation
P2_kak_0030_b406da53eab1,P2,kak,30,_kak/P2_kak (30).mov,_kak,82613,validation
P2_kak_0031_57e060574c98,P2,kak,31,_kak/P2_kak (31).mov,_kak,92797,validation
P2_kak_0032_7222ce68f449,P2,kak,32,_kak/P2_kak (32).mov,_kak,84935,validation
P2_kak_0033_424935c03d39,P2,kak,33,_kak/P2_kak (33).mov,_kak,102791,validation
P2_kak_0034_149102e39604,P2,kak,34,_kak/P2_kak (34).mov,_kak,91872,validation
P2_kak_0035_5855b017ac76,P2,kak,35,_kak/P2_kak (35).mov,_kak,64751,validation
P2_kak_0036_75e1b5dd9493,P2,kak,36,_kak/P2_kak (36).mov,_kak,65043,validation
P2_kak_0037_06f8b145ae20,P2,kak,37,_kak/P2_kak (37).mov,_kak,72355,validation
P2_kak_0038_64d18adf4e80,P2,kak,38,_kak/P2_kak (38).mov,_kak,53055,validation
P2_kak_0039_041ce486119d,P2,kak,39,_kak/P2_kak (39).mov,_kak,78942,validation
P2_kak_0004_e524b9497cde,P2,kak,4,_kak/P2_kak (4).mov,_kak,85428,validation
P2_kak_0040_9d17f3c148f5,P2,kak,40,_kak/P2_kak (40).mov,_kak,93928,validation
P2_kak_0041_6c5742116fd4,P2,kak,41,_kak/P2_kak (41).mov,_kak,65796,validation
P2_kak_0042_150e3085c9d6,P2,kak,42,_kak/P2_kak (42).mov,_kak,105229,validation
P2_kak_0043_0f10badcdf12,P2,kak,43,_kak/P2_kak (43).mov,_kak,91907,validation
P2_kak_0044_e9ab8bdae1c8,P2,kak,44,_kak/P2_kak (44).mov,_kak,82756,validation
P2_kak_0045_c6d19af846ca,P2,kak,45,_kak/P2_kak (45).mov,_kak,96465,validation
P2_kak_0046_5d2cc392b52a,P2,kak,46,_kak/P2_kak (46).mov,_kak,67634,validation
P2_kak_0005_4ad76fd655fd,P2,kak,5,_kak/P2_kak (5).mov,_kak,75719,validation
P2_kak_0006_1925eab0ef83,P2,kak,6,_kak/P2_kak (6).mov,_kak,76949,validation
P2_kak_0007_5838e4805a02,P2,kak,7,_kak/P2_kak (7).mov,_kak,84598,validation
P2_kak_0008_152a41a87316,P2,kak,8,_kak/P2_kak (8).mov,_kak,73026,validation
P2_kak_0009_c0c68022ef0e,P2,kak,9,_kak/P2_kak (9).mov,_kak,84612,validation
P3_kak_0001_947229efe695,P3,kak,1,_kak/P3_kak (1).mov,_kak,99932,train
P3_kak_0010_07ad5fb4fde2,P3,kak,10,_kak/P3_kak (10).mov,_kak,97281,train
P3_kak_0100_574240bc81fa,P3,kak,100,_kak/P3_kak (100).mov,_kak,103153,train
P3_kak_0011_e6e8a23e396e,P3,kak,11,_kak/P3_kak (11).mov,_kak,121035,train
P3_kak_0012_41aa2bf4feb7,P3,kak,12,_kak/P3_kak (12).mov,_kak,107478,train
P3_kak_0013_606cbb942dee,P3,kak,13,_kak/P3_kak (13).mov,_kak,112723,train
P3_kak_0014_453c2453a84e,P3,kak,14,_kak/P3_kak (14).mov,_kak,104529,train
P3_kak_0015_1744688df1d4,P3,kak,15,_kak/P3_kak (15).mov,_kak,123432,train
P3_kak_0016_65974de2b894,P3,kak,16,_kak/P3_kak (16).mov,_kak,125363,train
P3_kak_0017_29e72319329c,P3,kak,17,_kak/P3_kak (17).mov,_kak,129742,train
P3_kak_0018_5a1f6788dcff,P3,kak,18,_kak/P3_kak (18).mov,_kak,110200,train
P3_kak_0019_2f66247050c5,P3,kak,19,_kak/P3_kak (19).mov,_kak,130758,train
P3_kak_0002_c735164f1654,P3,kak,2,_kak/P3_kak (2).mov,_kak,120037,train
P3_kak_0020_113a1bb2d5ff,P3,kak,20,_kak/P3_kak (20).mov,_kak,111873,train
P3_kak_0021_cf25c0802cbe,P3,kak,21,_kak/P3_kak (21).mov,_kak,85383,train
P3_kak_0022_3000ed850367,P3,kak,22,_kak/P3_kak (22).mov,_kak,97673,train
P3_kak_0023_74f6e946d71b,P3,kak,23,_kak/P3_kak (23).mov,_kak,103435,train
P3_kak_0024_1d0eb8ba11e3,P3,kak,24,_kak/P3_kak (24).mov,_kak,112062,train
P3_kak_0025_be2e36032480,P3,kak,25,_kak/P3_kak (25).mov,_kak,99798,train
P3_kak_0026_7b4ee98abef2,P3,kak,26,_kak/P3_kak (26).mov,_kak,87840,train
P3_kak_0027_140bdd35ef9a,P3,kak,27,_kak/P3_kak (27).mov,_kak,98021,train
P3_kak_0028_0c69c0b8b15a,P3,kak,28,_kak/P3_kak (28).mov,_kak,101110,train
P3_kak_0029_3102440f9ee0,P3,kak,29,_kak/P3_kak (29).mov,_kak,98502,train
P3_kak_0003_62f2683a5c26,P3,kak,3,_kak/P3_kak (3).mov,_kak,106405,train
P3_kak_0030_a69d13f12c53,P3,kak,30,_kak/P3_kak (30).mov,_kak,98629,train
P3_kak_0031_d221316f5814,P3,kak,31,_kak/P3_kak (31).mov,_kak,110256,train
P3_kak_0032_bff902b1234d,P3,kak,32,_kak/P3_kak (32).mov,_kak,117968,train
P3_kak_0033_5440b3072065,P3,kak,33,_kak/P3_kak (33).mov,_kak,108719,train
P3_kak_0034_1d50926808af,P3,kak,34,_kak/P3_kak (34).mov,_kak,101653,train
P3_kak_0035_4464b9222220,P3,kak,35,_kak/P3_kak (35).mov,_kak,96950,train
P3_kak_0036_8471fe2e5753,P3,kak,36,_kak/P3_kak (36).mov,_kak,117412,train
P3_kak_0037_3da225b9f778,P3,kak,37,_kak/P3_kak (37).mov,_kak,112417,train
P3_kak_0038_ebcf4799f496,P3,kak,38,_kak/P3_kak (38).mov,_kak,100980,train
P3_kak_0039_1fa82afb0e0b,P3,kak,39,_kak/P3_kak (39).mov,_kak,106684,train
P3_kak_0004_761a18970ca5,P3,kak,4,_kak/P3_kak (4).mov,_kak,87118,train
P3_kak_0040_7817b346c0ce,P3,kak,40,_kak/P3_kak (40).mov,_kak,104677,train
P3_kak_0041_518d06020597,P3,kak,41,_kak/P3_kak (41).mov,_kak,78780,train
P3_kak_0042_489a2d390454,P3,kak,42,_kak/P3_kak (42).mov,_kak,88117,train
P3_kak_0043_c5f9dc721e38,P3,kak,43,_kak/P3_kak (43).mov,_kak,73093,train
P3_kak_0044_d26c1a40671c,P3,kak,44,_kak/P3_kak (44).mov,_kak,84093,train
P3_kak_0045_fd2b8cde80b1,P3,kak,45,_kak/P3_kak (45).mov,_kak,82877,train
P3_kak_0046_d53e3fb52fb7,P3,kak,46,_kak/P3_kak (46).mov,_kak,76950,train
P3_kak_0047_066eb315888f,P3,kak,47,_kak/P3_kak (47).mov,_kak,69405,train
P3_kak_0048_cd33f7501d1d,P3,kak,48,_kak/P3_kak (48).mov,_kak,84435,train
P3_kak_0049_137dcf095acd,P3,kak,49,_kak/P3_kak (49).mov,_kak,73879,train
P3_kak_0005_706226021192,P3,kak,5,_kak/P3_kak (5).mov,_kak,93661,train
P3_kak_0050_0730c30f34ac,P3,kak,50,_kak/P3_kak (50).mov,_kak,82021,train
P3_kak_0051_a37859f9b8f1,P3,kak,51,_kak/P3_kak (51).mov,_kak,108000,train
P3_kak_0052_53b6422e1369,P3,kak,52,_kak/P3_kak (52).mov,_kak,114754,train
P3_kak_0053_f3dd519e691c,P3,kak,53,_kak/P3_kak (53).mov,_kak,111890,train
P3_kak_0054_60dfb2663e3c,P3,kak,54,_kak/P3_kak (54).mov,_kak,113510,train
P3_kak_0055_5cb5ed65447b,P3,kak,55,_kak/P3_kak (55).mov,_kak,97917,train
P3_kak_0056_2916479ba91d,P3,kak,56,_kak/P3_kak (56).mov,_kak,108260,train
P3_kak_0057_0fde3a6901f0,P3,kak,57,_kak/P3_kak (57).mov,_kak,112335,train
P3_kak_0058_b1da1085399e,P3,kak,58,_kak/P3_kak (58).mov,_kak,94890,train
P3_kak_0059_b977005f0e45,P3,kak,59,_kak/P3_kak (59).mov,_kak,112803,train
P3_kak_0006_08ddb35dec1e,P3,kak,6,_kak/P3_kak (6).mov,_kak,72284,train
P3_kak_0060_54d0e86982b3,P3,kak,60,_kak/P3_kak (60).mov,_kak,111718,train
P3_kak_0061_31a1b39bd9a0,P3,kak,61,_kak/P3_kak (61).mov,_kak,109700,train
P3_kak_0062_694e33824b29,P3,kak,62,_kak/P3_kak (62).mov,_kak,122109,train
P3_kak_0063_dc6bd09016b4,P3,kak,63,_kak/P3_kak (63).mov,_kak,122717,train
P3_kak_0064_c9960df7e67f,P3,kak,64,_kak/P3_kak (64).mov,_kak,124167,train
P3_kak_0065_1490210af472,P3,kak,65,_kak/P3_kak (65).mov,_kak,121176,train
P3_kak_0066_a7af1d89ce84,P3,kak,66,_kak/P3_kak (66).mov,_kak,115464,train
P3_kak_0067_ca2f09f30783,P3,kak,67,_kak/P3_kak (67).mov,_kak,111693,train
P3_kak_0068_9415eaef2034,P3,kak,68,_kak/P3_kak (68).mov,_kak,121633,train
P3_kak_0069_600d989b9b14,P3,kak,69,_kak/P3_kak (69).mov,_kak,122977,train
P3_kak_0007_93df2c7e735b,P3,kak,7,_kak/P3_kak (7).mov,_kak,74104,train
P3_kak_0070_b8a7861bbf1d,P3,kak,70,_kak/P3_kak (70).mov,_kak,117391,train
P3_kak_0071_5aecddbff415,P3,kak,71,_kak/P3_kak (71).mov,_kak,131798,train
P3_kak_0072_a7f4083a94b5,P3,kak,72,_kak/P3_kak (72).mov,_kak,116895,train
P3_kak_0073_7f99c01f8932,P3,kak,73,_kak/P3_kak (73).mov,_kak,126586,train
P3_kak_0074_870a91d5c983,P3,kak,74,_kak/P3_kak (74).mov,_kak,138713,train
P3_kak_0075_4c181d3bf45e,P3,kak,75,_kak/P3_kak (75).mov,_kak,136980,train
P3_kak_0076_803af99e9a5b,P3,kak,76,_kak/P3_kak (76).mov,_kak,126028,train
P3_kak_0077_c2f39c5caf26,P3,kak,77,_kak/P3_kak (77).mov,_kak,137050,train
P3_kak_0078_aafcf7987697,P3,kak,78,_kak/P3_kak (78).mov,_kak,131477,train
P3_kak_0079_d4f4ea0e3cc1,P3,kak,79,_kak/P3_kak (79).mov,_kak,131265,train
P3_kak_0008_0ee358c9df0f,P3,kak,8,_kak/P3_kak (8).mov,_kak,75061,train
P3_kak_0080_b16697664b23,P3,kak,80,_kak/P3_kak (80).mov,_kak,132064,train
P3_kak_0081_317184745647,P3,kak,81,_kak/P3_kak (81).mov,_kak,116696,train
P3_kak_0082_a2160c61b225,P3,kak,82,_kak/P3_kak (82).mov,_kak,114017,train
P3_kak_0083_5136839f6dd9,P3,kak,83,_kak/P3_kak (83).mov,_kak,116627,train
P3_kak_0084_a48e831e5df1,P3,kak,84,_kak/P3_kak (84).mov,_kak,86597,train
P3_kak_0085_c9e1b20ece1a,P3,kak,85,_kak/P3_kak (85).mov,_kak,89875,train
P3_kak_0086_a14118d7e16e,P3,kak,86,_kak/P3_kak (86).mov,_kak,98520,train
P3_kak_0087_c21db980a9ed,P3,kak,87,_kak/P3_kak (87).mov,_kak,112265,train
P3_kak_0088_5e370d696423,P3,kak,88,_kak/P3_kak (88).mov,_kak,103159,train
P3_kak_0089_da34e991bc5e,P3,kak,89,_kak/P3_kak (89).mov,_kak,88271,train
P3_kak_0009_e72746338fb8,P3,kak,9,_kak/P3_kak (9).mov,_kak,89906,train
P3_kak_0090_c38a9de84fee,P3,kak,90,_kak/P3_kak (90).mov,_kak,108190,train
P3_kak_0091_85ef6deda8fd,P3,kak,91,_kak/P3_kak (91).mov,_kak,81338,train
P3_kak_0092_fc04167d94da,P3,kak,92,_kak/P3_kak (92).mov,_kak,92308,train
P3_kak_0093_90fcc74a1ec8,P3,kak,93,_kak/P3_kak (93).mov,_kak,86039,train
P3_kak_0094_991152ae59b5,P3,kak,94,_kak/P3_kak (94).mov,_kak,107626,train
P3_kak_0095_5927c78d4265,P3,kak,95,_kak/P3_kak (95).mov,_kak,115392,train
P3_kak_0096_738dd24709ec,P3,kak,96,_kak/P3_kak (96).mov,_kak,96763,train
P3_kak_0097_e30182671597,P3,kak,97,_kak/P3_kak (97).mov,_kak,87533,train
P3_kak_0098_53a38e260073,P3,kak,98,_kak/P3_kak (98).mov,_kak,114044,train
P3_kak_0099_90048277aa42,P3,kak,99,_kak/P3_kak (99).mov,_kak,101233,train
P4_kak_0001_aba30bd5aaf7,P4,kak,1,_kak/P4_kak (1).mov,_kak,71181,train
P4_kak_0033_4e0e8dd7c86e,P4,kak,33,_kak/P4_kak (33).mov,_kak,65121,train
P4_kak_0034_8a6ba723b9b7,P4,kak,34,_kak/P4_kak (34).mov,_kak,80260,train
P4_kak_0035_38296e85f3f5,P4,kak,35,_kak/P4_kak (35).mov,_kak,84600,train
P4_kak_0036_56a8724a664a,P4,kak,36,_kak/P4_kak (36).mov,_kak,81825,train
P4_kak_0037_635d2c14d9ac,P4,kak,37,_kak/P4_kak (37).mov,_kak,37398,train
P4_kak_0038_8fa7b00ce1f0,P4,kak,38,_kak/P4_kak (38).mov,_kak,52549,train
P4_kak_0039_bd4319f0f229,P4,kak,39,_kak/P4_kak (39).mov,_kak,44900,train
P4_kak_0040_e5839458b963,P4,kak,40,_kak/P4_kak (40).mov,_kak,80631,train
P4_kak_0041_dfbc7f0eb5cd,P4,kak,41,_kak/P4_kak (41).mov,_kak,71902,train
P4_kak_0042_2c71b28dc081,P4,kak,42,_kak/P4_kak (42).mov,_kak,68445,train
P4_kak_0043_ed2064f92a5e,P4,kak,43,_kak/P4_kak (43).mov,_kak,64042,train
P4_kak_0044_8a11dc4c718c,P4,kak,44,_kak/P4_kak (44).mov,_kak,75625,train
P4_kak_0045_8429799e727d,P4,kak,45,_kak/P4_kak (45).mov,_kak,55283,train
P4_kak_0046_0c565cec8a67,P4,kak,46,_kak/P4_kak (46).mov,_kak,43696,train
P4_kak_0047_360c291c2617,P4,kak,47,_kak/P4_kak (47).mov,_kak,61131,train
P4_kak_0048_17b786c2048e,P4,kak,48,_kak/P4_kak (48).mov,_kak,59995,train
P4_kak_0049_c5247884cd82,P4,kak,49,_kak/P4_kak (49).mov,_kak,58915,train
P4_kak_0050_e7a0383d8c91,P4,kak,50,_kak/P4_kak (50).mov,_kak,52852,train
P4_kak_0051_2817ffd487ee,P4,kak,51,_kak/P4_kak (51).mov,_kak,64235,train
P4_kak_0052_3900a799b3d4,P4,kak,52,_kak/P4_kak (52).mov,_kak,52852,train
P4_kak_0053_939d112ea774,P4,kak,53,_kak/P4_kak (53).mov,_kak,64899,train
P4_kak_0054_2079fa2295b6,P4,kak,54,_kak/P4_kak (54).mov,_kak,72521,train
P4_kak_0055_29039889470b,P4,kak,55,_kak/P4_kak (55).mov,_kak,64432,train
P4_kak_0056_3f0a3f4f12a4,P4,kak,56,_kak/P4_kak (56).mov,_kak,57826,train
P4_kak_0057_e038e5b23e27,P4,kak,57,_kak/P4_kak (57).mov,_kak,48124,train
P4_kak_0058_8a233c67aa9e,P4,kak,58,_kak/P4_kak (58).mov,_kak,107431,train
P4_kak_0059_f3bbb15c4790,P4,kak,59,_kak/P4_kak (59).mov,_kak,62656,train
P4_kak_0060_129f699a9165,P4,kak,60,_kak/P4_kak (60).mov,_kak,70170,train
P4_kak_0061_12c60179184c,P4,kak,61,_kak/P4_kak (61).mov,_kak,58858,train
P4_kak_0062_d99ad772bd3c,P4,kak,62,_kak/P4_kak (62).mov,_kak,60427,train
P4_kak_0063_69c46e75776b,P4,kak,63,_kak/P4_kak (63).mov,_kak,56100,train
P4_kak_0064_1ee1105714a3,P4,kak,64,_kak/P4_kak (64).mov,_kak,75721,train
P5_kak_0001_aaa5cebbb802,P5,kak,1,_kak/P5_kak (1).mov,_kak,91029,train
P5_kak_0010_300fadf0816b,P5,kak,10,_kak/P5_kak (10).mov,_kak,86413,train
P5_kak_0011_f82e002c9043,P5,kak,11,_kak/P5_kak (11).mov,_kak,88559,train
P5_kak_0012_c5cdb6be7f22,P5,kak,12,_kak/P5_kak (12).mov,_kak,70747,train
P5_kak_0013_481b22d569fc,P5,kak,13,_kak/P5_kak (13).mov,_kak,67356,train
P5_kak_0014_a66a13055352,P5,kak,14,_kak/P5_kak (14).mov,_kak,86133,train
P5_kak_0015_570616a13b0f,P5,kak,15,_kak/P5_kak (15).mov,_kak,71764,train
P5_kak_0016_d031b3c08340,P5,kak,16,_kak/P5_kak (16).mov,_kak,64606,train
P5_kak_0017_7dbda182b47d,P5,kak,17,_kak/P5_kak (17).mov,_kak,81862,train
P5_kak_0018_c1f43032c63f,P5,kak,18,_kak/P5_kak (18).mov,_kak,90692,train
P5_kak_0019_7c0a0f79b661,P5,kak,19,_kak/P5_kak (19).mov,_kak,82698,train
P5_kak_0002_a8047602180d,P5,kak,2,_kak/P5_kak (2).mov,_kak,79712,train
P5_kak_0020_399874797cbc,P5,kak,20,_kak/P5_kak (20).mov,_kak,80081,train
P5_kak_0021_586f667c8599,P5,kak,21,_kak/P5_kak (21).mov,_kak,71483,train
P5_kak_0022_d4a756803274,P5,kak,22,_kak/P5_kak (22).mov,_kak,80824,train
P5_kak_0023_daea398df93b,P5,kak,23,_kak/P5_kak (23).mov,_kak,74445,train
P5_kak_0024_479fac8fd20f,P5,kak,24,_kak/P5_kak (24).mov,_kak,95367,train
P5_kak_0025_b5039220dc7a,P5,kak,25,_kak/P5_kak (25).mov,_kak,86570,train
P5_kak_0026_9c08e6d25a28,P5,kak,26,_kak/P5_kak (26).mov,_kak,69102,train
P5_kak_0027_8644bec4b41d,P5,kak,27,_kak/P5_kak (27).mov,_kak,73251,train
P5_kak_0028_b8fc9105e34e,P5,kak,28,_kak/P5_kak (28).mov,_kak,67928,train
P5_kak_0029_a44f56199219,P5,kak,29,_kak/P5_kak (29).mov,_kak,51691,train
P5_kak_0003_080e4ee91ac1,P5,kak,3,_kak/P5_kak (3).mov,_kak,101717,train
P5_kak_0030_75d43f8a667a,P5,kak,30,_kak/P5_kak (30).mov,_kak,104799,train
P5_kak_0031_e84ca8ba00e5,P5,kak,31,_kak/P5_kak (31).mov,_kak,84052,train
P5_kak_0032_b728a042e656,P5,kak,32,_kak/P5_kak (32).mov,_kak,87768,train
P5_kak_0033_ae5ed904e372,P5,kak,33,_kak/P5_kak (33).mov,_kak,72757,train
P5_kak_0034_78974af410a2,P5,kak,34,_kak/P5_kak (34).mov,_kak,70400,train
P5_kak_0035_2b22296b67e1,P5,kak,35,_kak/P5_kak (35).mov,_kak,93716,train
P5_kak_0004_92a6c8508be1,P5,kak,4,_kak/P5_kak (4).mov,_kak,104334,train
P5_kak_0005_8bdfcde7cde9,P5,kak,5,_kak/P5_kak (5).mov,_kak,93721,train
P5_kak_0006_6c8314e70d7d,P5,kak,6,_kak/P5_kak (6).mov,_kak,81427,train
P5_kak_0007_be22cae50233,P5,kak,7,_kak/P5_kak (7).mov,_kak,90739,train
P5_kak_0008_6d9ea148b844,P5,kak,8,_kak/P5_kak (8).mov,_kak,64473,train
P5_kak_0009_cb4c40891639,P5,kak,9,_kak/P5_kak (9).mov,_kak,92148,train
P1_kakQ_0001_6ac585dbc660,P1,kakQ,1,_kak_q/P1_kakQ (1).mov,_kak_q,102918,test
P1_kakQ_0010_a1c0501c0567,P1,kakQ,10,_kak_q/P1_kakQ (10).mov,_kak_q,142429,test
P1_kakQ_0011_f72f16f2d19c,P1,kakQ,11,_kak_q/P1_kakQ (11).mov,_kak_q,175983,test
P1_kakQ_0012_04322268ad4b,P1,kakQ,12,_kak_q/P1_kakQ (12).mov,_kak_q,175125,test
P1_kakQ_0013_a02ba6d7fc85,P1,kakQ,13,_kak_q/P1_kakQ (13).mov,_kak_q,163546,test
P1_kakQ_0014_2aa0e4a8e70b,P1,kakQ,14,_kak_q/P1_kakQ (14).mov,_kak_q,144503,test
P1_kakQ_0015_d054fb31d8dd,P1,kakQ,15,_kak_q/P1_kakQ (15).mov,_kak_q,132149,test
P1_kakQ_0016_aebe381d342d,P1,kakQ,16,_kak_q/P1_kakQ (16).mov,_kak_q,152912,test
P1_kakQ_0017_13c71dabafd4,P1,kakQ,17,_kak_q/P1_kakQ (17).mov,_kak_q,126480,test
P1_kakQ_0018_6388e767faa7,P1,kakQ,18,_kak_q/P1_kakQ (18).mov,_kak_q,126434,test
P1_kakQ_0019_3fb764fafbd6,P1,kakQ,19,_kak_q/P1_kakQ (19).mov,_kak_q,126162,test
P1_kakQ_0002_1b6ada968463,P1,kakQ,2,_kak_q/P1_kakQ (2).mov,_kak_q,119450,test
P1_kakQ_0020_c9c26fbf73a1,P1,kakQ,20,_kak_q/P1_kakQ (20).mov,_kak_q,103646,test
P1_kakQ_0021_c96f164ec04b,P1,kakQ,21,_kak_q/P1_kakQ (21).mov,_kak_q,127979,test
P1_kakQ_0022_ac5b1a6e3625,P1,kakQ,22,_kak_q/P1_kakQ (22).mov,_kak_q,149074,test
P1_kakQ_0023_ca58bda5d369,P1,kakQ,23,_kak_q/P1_kakQ (23).mov,_kak_q,120796,test
P1_kakQ_0024_84e50694583e,P1,kakQ,24,_kak_q/P1_kakQ (24).mov,_kak_q,129773,test
P1_kakQ_0025_bf7ac6af519a,P1,kakQ,25,_kak_q/P1_kakQ (25).mov,_kak_q,119421,test
P1_kakQ_0026_15eec96cc2bd,P1,kakQ,26,_kak_q/P1_kakQ (26).mov,_kak_q,152657,test
P1_kakQ_0027_d4c3beec9357,P1,kakQ,27,_kak_q/P1_kakQ (27).mov,_kak_q,128220,test
P1_kakQ_0028_5cb89b4f1b1d,P1,kakQ,28,_kak_q/P1_kakQ (28).mov,_kak_q,120178,test
P1_kakQ_0029_e42a6b53c1d4,P1,kakQ,29,_kak_q/P1_kakQ (29).mov,_kak_q,124737,test
P1_kakQ_0003_6650ca6a6abe,P1,kakQ,3,_kak_q/P1_kakQ (3).mov,_kak_q,144662,test
P1_kakQ_0030_a0763f3fc055,P1,kakQ,30,_kak_q/P1_kakQ (30).mov,_kak_q,115709,test
P1_kakQ_0031_f8567cbd38f2,P1,kakQ,31,_kak_q/P1_kakQ (31).mov,_kak_q,112497,test
P1_kakQ_0032_b4f9cfcc19fb,P1,kakQ,32,_kak_q/P1_kakQ (32).mov,_kak_q,129757,test
P1_kakQ_0033_93c891c5f934,P1,kakQ,33,_kak_q/P1_kakQ (33).mov,_kak_q,102125,test
P1_kakQ_0034_d9a6de94c4ce,P1,kakQ,34,_kak_q/P1_kakQ (34).mov,_kak_q,112245,test
P1_kakQ_0035_efc25df9135c,P1,kakQ,35,_kak_q/P1_kakQ (35).mov,_kak_q,113368,test
P1_kakQ_0004_785d11ac1dc0,P1,kakQ,4,_kak_q/P1_kakQ (4).mov,_kak_q,119870,test
P1_kakQ_0005_435ba0ee62ba,P1,kakQ,5,_kak_q/P1_kakQ (5).mov,_kak_q,101797,test
P1_kakQ_0006_6656ac948588,P1,kakQ,6,_kak_q/P1_kakQ (6).mov,_kak_q,126623,test
P1_kakQ_0007_155439881e8e,P1,kakQ,7,_kak_q/P1_kakQ (7).mov,_kak_q,128537,test
P1_kakQ_0008_4689232a6407,P1,kakQ,8,_kak_q/P1_kakQ (8).mov,_kak_q,141384,test
P1_kakQ_0009_2eb13aef4dae,P1,kakQ,9,_kak_q/P1_kakQ (9).mov,_kak_q,128721,test
P2_kakQ_0001_bd2f214c1909,P2,kakQ,1,_kak_q/P2_kakQ (1).mov,_kak_q,103470,validation
P2_kakQ_0010_c8d00d50a90e,P2,kakQ,10,_kak_q/P2_kakQ (10).mov,_kak_q,103834,validation
P2_kakQ_0011_08e8b525e476,P2,kakQ,11,_kak_q/P2_kakQ (11).mov,_kak_q,112582,validation
P2_kakQ_0012_fa596788fae8,P2,kakQ,12,_kak_q/P2_kakQ (12).mov,_kak_q,82633,validation
P2_kakQ_0013_fe34a17bf494,P2,kakQ,13,_kak_q/P2_kakQ (13).mov,_kak_q,98511,validation
P2_kakQ_0014_d955e3def068,P2,kakQ,14,_kak_q/P2_kakQ (14).mov,_kak_q,104901,validation
P2_kakQ_0015_b955d5edbb51,P2,kakQ,15,_kak_q/P2_kakQ (15).mov,_kak_q,110497,validation
P2_kakQ_0016_54ae5b4cb858,P2,kakQ,16,_kak_q/P2_kakQ (16).mov,_kak_q,70497,validation
P2_kakQ_0017_5d9f612589b6,P2,kakQ,17,_kak_q/P2_kakQ (17).mov,_kak_q,88666,validation
P2_kakQ_0018_9bee8ed0d117,P2,kakQ,18,_kak_q/P2_kakQ (18).mov,_kak_q,111567,validation
P2_kakQ_0019_b8341dd08d37,P2,kakQ,19,_kak_q/P2_kakQ (19).mov,_kak_q,96706,validation
P2_kakQ_0002_83214a73735c,P2,kakQ,2,_kak_q/P2_kakQ (2).mov,_kak_q,68505,validation
P2_kakQ_0020_59a0039bba19,P2,kakQ,20,_kak_q/P2_kakQ (20).mov,_kak_q,103001,validation
P2_kakQ_0021_490cf4e02afa,P2,kakQ,21,_kak_q/P2_kakQ (21).mov,_kak_q,111094,validation
P2_kakQ_0022_9bb0564b4271,P2,kakQ,22,_kak_q/P2_kakQ (22).mov,_kak_q,89893,validation
P2_kakQ_0023_c2f9564dafd3,P2,kakQ,23,_kak_q/P2_kakQ (23).mov,_kak_q,82521,validation
P2_kakQ_0024_df6b91636266,P2,kakQ,24,_kak_q/P2_kakQ (24).mov,_kak_q,88395,validation
P2_kakQ_0025_a8a67f58c3c3,P2,kakQ,25,_kak_q/P2_kakQ (25).mov,_kak_q,96027,validation
P2_kakQ_0026_9fb9c1bacc62,P2,kakQ,26,_kak_q/P2_kakQ (26).mov,_kak_q,96360,validation
P2_kakQ_0027_feccbb76d4b4,P2,kakQ,27,_kak_q/P2_kakQ (27).mov,_kak_q,106704,validation
P2_kakQ_0028_2e42092cac16,P2,kakQ,28,_kak_q/P2_kakQ (28).mov,_kak_q,88381,validation
P2_kakQ_0029_be5f2ff06d30,P2,kakQ,29,_kak_q/P2_kakQ (29).mov,_kak_q,107788,validation
P2_kakQ_0003_d65f31a2036e,P2,kakQ,3,_kak_q/P2_kakQ (3).mov,_kak_q,73047,validation
P2_kakQ_0030_4524d1a2cde4,P2,kakQ,30,_kak_q/P2_kakQ (30).mov,_kak_q,113114,validation
P2_kakQ_0031_233f23f8a979,P2,kakQ,31,_kak_q/P2_kakQ (31).mov,_kak_q,104367,validation
P2_kakQ_0032_1c6df77f1a08,P2,kakQ,32,_kak_q/P2_kakQ (32).mov,_kak_q,97602,validation
P2_kakQ_0033_fee7f5aafe71,P2,kakQ,33,_kak_q/P2_kakQ (33).mov,_kak_q,91232,validation
P2_kakQ_0034_4cee6bb981cb,P2,kakQ,34,_kak_q/P2_kakQ (34).mov,_kak_q,83910,validation
P2_kakQ_0035_527e6182e9fb,P2,kakQ,35,_kak_q/P2_kakQ (35).mov,_kak_q,116148,validation
P2_kakQ_0036_db775aff9bf4,P2,kakQ,36,_kak_q/P2_kakQ (36).mov,_kak_q,88316,validation
P2_kakQ_0037_af4f7184a6b9,P2,kakQ,37,_kak_q/P2_kakQ (37).mov,_kak_q,100414,validation
P2_kakQ_0038_3319d81142bf,P2,kakQ,38,_kak_q/P2_kakQ (38).mov,_kak_q,92427,validation
P2_kakQ_0039_453808aae3d2,P2,kakQ,39,_kak_q/P2_kakQ (39).mov,_kak_q,89624,validation
P2_kakQ_0004_aa96190197d6,P2,kakQ,4,_kak_q/P2_kakQ (4).mov,_kak_q,77340,validation
P2_kakQ_0040_832cb0c8d1af,P2,kakQ,40,_kak_q/P2_kakQ (40).mov,_kak_q,87932,validation
P2_kakQ_0041_497d4bf88754,P2,kakQ,41,_kak_q/P2_kakQ (41).mov,_kak_q,114781,validation
P2_kakQ_0005_af073bd64fd4,P2,kakQ,5,_kak_q/P2_kakQ (5).mov,_kak_q,77991,validation
P2_kakQ_0006_93f9475f0160,P2,kakQ,6,_kak_q/P2_kakQ (6).mov,_kak_q,79977,validation
P2_kakQ_0007_0a5c7186af01,P2,kakQ,7,_kak_q/P2_kakQ (7).mov,_kak_q,77472,validation
P2_kakQ_0008_9bcfe7bf143f,P2,kakQ,8,_kak_q/P2_kakQ (8).mov,_kak_q,106867,validation
P2_kakQ_0009_87ec49c42c49,P2,kakQ,9,_kak_q/P2_kakQ (9).mov,_kak_q,108664,validation
P3_kakQ_0001_d3b0da09e1e5,P3,kakQ,1,_kak_q/P3_kakQ (1).mov,_kak_q,102528,train
P3_kakQ_0010_2c181b63d6b2,P3,kakQ,10,_kak_q/P3_kakQ (10).mov,_kak_q,107325,train
P3_kakQ_0100_8e4cd304f45a,P3,kakQ,100,_kak_q/P3_kakQ (100).mov,_kak_q,126602,train
P3_kakQ_0011_baecbb233dee,P3,kakQ,11,_kak_q/P3_kakQ (11).mov,_kak_q,129977,train
P3_kakQ_0012_ce39380bb4d2,P3,kakQ,12,_kak_q/P3_kakQ (12).mov,_kak_q,106433,train
P3_kakQ_0013_4967ce148799,P3,kakQ,13,_kak_q/P3_kakQ (13).mov,_kak_q,113451,train
P3_kakQ_0014_80ff4c3f1d3a,P3,kakQ,14,_kak_q/P3_kakQ (14).mov,_kak_q,120838,train
P3_kakQ_0015_52b539e1e09c,P3,kakQ,15,_kak_q/P3_kakQ (15).mov,_kak_q,116885,train
P3_kakQ_0016_44bee4b4a0a3,P3,kakQ,16,_kak_q/P3_kakQ (16).mov,_kak_q,101819,train
P3_kakQ_0017_cad50e919aaa,P3,kakQ,17,_kak_q/P3_kakQ (17).mov,_kak_q,99081,train
P3_kakQ_0018_7f7f6199a935,P3,kakQ,18,_kak_q/P3_kakQ (18).mov,_kak_q,105115,train
P3_kakQ_0019_6d55961f18eb,P3,kakQ,19,_kak_q/P3_kakQ (19).mov,_kak_q,96850,train
P3_kakQ_0002_0582dde56750,P3,kakQ,2,_kak_q/P3_kakQ (2).mov,_kak_q,126418,train
P3_kakQ_0020_607189374e61,P3,kakQ,20,_kak_q/P3_kakQ (20).mov,_kak_q,106201,train
P3_kakQ_0021_52da1d8ba591,P3,kakQ,21,_kak_q/P3_kakQ (21).mov,_kak_q,104920,train
P3_kakQ_0022_ffc5866ce023,P3,kakQ,22,_kak_q/P3_kakQ (22).mov,_kak_q,108970,train
P3_kakQ_0023_0d57f04e956f,P3,kakQ,23,_kak_q/P3_kakQ (23).mov,_kak_q,115081,train
P3_kakQ_0024_219b39dd327a,P3,kakQ,24,_kak_q/P3_kakQ (24).mov,_kak_q,104918,train
P3_kakQ_0025_7b0e26f76f57,P3,kakQ,25,_kak_q/P3_kakQ (25).mov,_kak_q,113988,train
P3_kakQ_0026_233d7b85a23c,P3,kakQ,26,_kak_q/P3_kakQ (26).mov,_kak_q,119130,train
P3_kakQ_0027_7f73d134010c,P3,kakQ,27,_kak_q/P3_kakQ (27).mov,_kak_q,113634,train
P3_kakQ_0028_746ea2c21d12,P3,kakQ,28,_kak_q/P3_kakQ (28).mov,_kak_q,108595,train
P3_kakQ_0029_3b5951b4c732,P3,kakQ,29,_kak_q/P3_kakQ (29).mov,_kak_q,117308,train
P3_kakQ_0003_f614c2b97d10,P3,kakQ,3,_kak_q/P3_kakQ (3).mov,_kak_q,126570,train
P3_kakQ_0030_c7db12a9f508,P3,kakQ,30,_kak_q/P3_kakQ (30).mov,_kak_q,117067,train
P3_kakQ_0031_f1a3c3c7bd4d,P3,kakQ,31,_kak_q/P3_kakQ (31).mov,_kak_q,143142,train
P3_kakQ_0032_102d954a679f,P3,kakQ,32,_kak_q/P3_kakQ (32).mov,_kak_q,106497,train
P3_kakQ_0033_0d083d3fd370,P3,kakQ,33,_kak_q/P3_kakQ (33).mov,_kak_q,122442,train
P3_kakQ_0034_b5e28f616183,P3,kakQ,34,_kak_q/P3_kakQ (34).mov,_kak_q,118750,train
P3_kakQ_0035_f99652c4aae8,P3,kakQ,35,_kak_q/P3_kakQ (35).mov,_kak_q,108658,train
P3_kakQ_0036_a7da77293409,P3,kakQ,36,_kak_q/P3_kakQ (36).mov,_kak_q,131733,train
P3_kakQ_0037_23bb6543240f,P3,kakQ,37,_kak_q/P3_kakQ (37).mov,_kak_q,131733,train
P3_kakQ_0038_a1634af9cb58,P3,kakQ,38,_kak_q/P3_kakQ (38).mov,_kak_q,126846,train
P3_kakQ_0039_05ec028d8cc8,P3,kakQ,39,_kak_q/P3_kakQ (39).mov,_kak_q,112813,train
P3_kakQ_0004_7d2590cce1e8,P3,kakQ,4,_kak_q/P3_kakQ (4).mov,_kak_q,129339,train
P3_kakQ_0040_c0d1d3a68aa6,P3,kakQ,40,_kak_q/P3_kakQ (40).mov,_kak_q,110171,train
P3_kakQ_0041_328cbc54507b,P3,kakQ,41,_kak_q/P3_kakQ (41).mov,_kak_q,85489,train
P3_kakQ_0042_9c239cbf93cb,P3,kakQ,42,_kak_q/P3_kakQ (42).mov,_kak_q,103805,train
P3_kakQ_0043_22e67e691b04,P3,kakQ,43,_kak_q/P3_kakQ (43).mov,_kak_q,93818,train
P3_kakQ_0044_818d002ee9ee,P3,kakQ,44,_kak_q/P3_kakQ (44).mov,_kak_q,114080,train
P3_kakQ_0045_812db733a68b,P3,kakQ,45,_kak_q/P3_kakQ (45).mov,_kak_q,109077,train
P3_kakQ_0046_46159b85738f,P3,kakQ,46,_kak_q/P3_kakQ (46).mov,_kak_q,108265,train
P3_kakQ_0047_f02cb5702469,P3,kakQ,47,_kak_q/P3_kakQ (47).mov,_kak_q,100326,train
P3_kakQ_0048_878bb6331475,P3,kakQ,48,_kak_q/P3_kakQ (48).mov,_kak_q,112964,train
P3_kakQ_0049_76ef7bdce2e9,P3,kakQ,49,_kak_q/P3_kakQ (49).mov,_kak_q,104299,train
P3_kakQ_0005_b753cf1e66a6,P3,kakQ,5,_kak_q/P3_kakQ (5).mov,_kak_q,115820,train
P3_kakQ_0050_e00c6bd03e2e,P3,kakQ,50,_kak_q/P3_kakQ (50).mov,_kak_q,111337,train
P3_kakQ_0051_c006190a487e,P3,kakQ,51,_kak_q/P3_kakQ (51).mov,_kak_q,135000,train
P3_kakQ_0052_f4bf5ef17841,P3,kakQ,52,_kak_q/P3_kakQ (52).mov,_kak_q,154146,train
P3_kakQ_0053_42c11f039d5f,P3,kakQ,53,_kak_q/P3_kakQ (53).mov,_kak_q,127603,train
P3_kakQ_0054_b3864867a960,P3,kakQ,54,_kak_q/P3_kakQ (54).mov,_kak_q,147582,train
P3_kakQ_0055_39002215144e,P3,kakQ,55,_kak_q/P3_kakQ (55).mov,_kak_q,135941,train
P3_kakQ_0056_30d8af4f480a,P3,kakQ,56,_kak_q/P3_kakQ (56).mov,_kak_q,135653,train
P3_kakQ_0057_67368dfe75d4,P3,kakQ,57,_kak_q/P3_kakQ (57).mov,_kak_q,132101,train
P3_kakQ_0058_b36cae6222f6,P3,kakQ,58,_kak_q/P3_kakQ (58).mov,_kak_q,127658,train
P3_kakQ_0059_bd34870a4527,P3,kakQ,59,_kak_q/P3_kakQ (59).mov,_kak_q,139066,train
P3_kakQ_0006_50223ea989f7,P3,kakQ,6,_kak_q/P3_kakQ (6).mov,_kak_q,122218,train
P3_kakQ_0060_6aaf890bb108,P3,kakQ,60,_kak_q/P3_kakQ (60).mov,_kak_q,139522,train
P3_kakQ_0061_fb045c8c33d4,P3,kakQ,61,_kak_q/P3_kakQ (61).mov,_kak_q,123779,train
P3_kakQ_0062_dc8dd279ad35,P3,kakQ,62,_kak_q/P3_kakQ (62).mov,_kak_q,120999,train
P3_kakQ_0063_8635d03e020d,P3,kakQ,63,_kak_q/P3_kakQ (63).mov,_kak_q,128145,train
P3_kakQ_0064_13a41cfb9aee,P3,kakQ,64,_kak_q/P3_kakQ (64).mov,_kak_q,136027,train
P3_kakQ_0065_adf4cbf08730,P3,kakQ,65,_kak_q/P3_kakQ (65).mov,_kak_q,126785,train
P3_kakQ_0066_b85c8d071590,P3,kakQ,66,_kak_q/P3_kakQ (66).mov,_kak_q,134921,train
P3_kakQ_0067_aba684cd506a,P3,kakQ,67,_kak_q/P3_kakQ (67).mov,_kak_q,127903,train
P3_kakQ_0068_19190a77b1ad,P3,kakQ,68,_kak_q/P3_kakQ (68).mov,_kak_q,137494,train
P3_kakQ_0069_d746e08391a0,P3,kakQ,69,_kak_q/P3_kakQ (69).mov,_kak_q,137787,train
P3_kakQ_0007_321c86eab122,P3,kakQ,7,_kak_q/P3_kakQ (7).mov,_kak_q,114906,train
P3_kakQ_0070_b8a629efbbf6,P3,kakQ,70,_kak_q/P3_kakQ (70).mov,_kak_q,135790,train
P3_kakQ_0071_aebd197faec0,P3,kakQ,71,_kak_q/P3_kakQ (71).mov,_kak_q,115191,train
P3_kakQ_0072_68461d53a265,P3,kakQ,72,_kak_q/P3_kakQ (72).mov,_kak_q,127508,train
P3_kakQ_0073_fdf7bc3c423e,P3,kakQ,73,_kak_q/P3_kakQ (73).mov,_kak_q,131945,train
P3_kakQ_0074_a11f903e3889,P3,kakQ,74,_kak_q/P3_kakQ (74).mov,_kak_q,116516,train
P3_kakQ_0075_15b37de62549,P3,kakQ,75,_kak_q/P3_kakQ (75).mov,_kak_q,124340,train
P3_kakQ_0076_678e33a53611,P3,kakQ,76,_kak_q/P3_kakQ (76).mov,_kak_q,136337,train
P3_kakQ_0077_426a1bbf2e25,P3,kakQ,77,_kak_q/P3_kakQ (77).mov,_kak_q,114589,train
P3_kakQ_0078_852be133c208,P3,kakQ,78,_kak_q/P3_kakQ (78).mov,_kak_q,123538,train
P3_kakQ_0079_db5c46edb4c6,P3,kakQ,79,_kak_q/P3_kakQ (79).mov,_kak_q,122044,train
P3_kakQ_0008_3305aecfeef0,P3,kakQ,8,_kak_q/P3_kakQ (8).mov,_kak_q,103227,train
P3_kakQ_0080_7620eb67a248,P3,kakQ,80,_kak_q/P3_kakQ (80).mov,_kak_q,125056,train
P3_kakQ_0081_fc5227939d86,P3,kakQ,81,_kak_q/P3_kakQ (81).mov,_kak_q,140130,train
P3_kakQ_0082_1bef49e181a6,P3,kakQ,82,_kak_q/P3_kakQ (82).mov,_kak_q,141818,train
P3_kakQ_0083_0b9a80b776ee,P3,kakQ,83,_kak_q/P3_kakQ (83).mov,_kak_q,143484,train
P3_kakQ_0084_6c0a0635b4e6,P3,kakQ,84,_kak_q/P3_kakQ (84).mov,_kak_q,133975,train
P3_kakQ_0085_4d94d267c8fc,P3,kakQ,85,_kak_q/P3_kakQ (85).mov,_kak_q,120153,train
P3_kakQ_0086_70ca4cad9e14,P3,kakQ,86,_kak_q/P3_kakQ (86).mov,_kak_q,140083,train
P3_kakQ_0087_4995acd27232,P3,kakQ,87,_kak_q/P3_kakQ (87).mov,_kak_q,132309,train
P3_kakQ_0088_4aa0a106721f,P3,kakQ,88,_kak_q/P3_kakQ (88).mov,_kak_q,127576,train
P3_kakQ_0089_1ce630addc06,P3,kakQ,89,_kak_q/P3_kakQ (89).mov,_kak_q,127761,train
P3_kakQ_0009_527b95f3f72d,P3,kakQ,9,_kak_q/P3_kakQ (9).mov,_kak_q,117955,train
P3_kakQ_0090_0e1ce7dc8a06,P3,kakQ,90,_kak_q/P3_kakQ (90).mov,_kak_q,138046,train
P3_kakQ_0091_cce5c9a0d53c,P3,kakQ,91,_kak_q/P3_kakQ (91).mov,_kak_q,101605,train
P3_kakQ_0092_5e92e03daf69,P3,kakQ,92,_kak_q/P3_kakQ (92).mov,_kak_q,108934,train
P3_kakQ_0093_24e3de7c44a3,P3,kakQ,93,_kak_q/P3_kakQ (93).mov,_kak_q,108191,train
P3_kakQ_0094_442c44baa1b1,P3,kakQ,94,_kak_q/P3_kakQ (94).mov,_kak_q,120225,train
P3_kakQ_0095_b444c5223f36,P3,kakQ,95,_kak_q/P3_kakQ (95).mov,_kak_q,127655,train
P3_kakQ_0096_e7fd126df5ab,P3,kakQ,96,_kak_q/P3_kakQ (96).mov,_kak_q,124055,train
P3_kakQ_0097_229a38ec34de,P3,kakQ,97,_kak_q/P3_kakQ (97).mov,_kak_q,112104,train
P3_kakQ_0098_ac5a0a6b7011,P3,kakQ,98,_kak_q/P3_kakQ (98).mov,_kak_q,114362,train
P3_kakQ_0099_fb37dc09bab8,P3,kakQ,99,_kak_q/P3_kakQ (99).mov,_kak_q,115357,train
P4_kakQ_0001_17ef5f3298e7,P4,kakQ,1,_kak_q/P4_kakQ (1).mov,_kak_q,63461,train
P4_kakQ_0010_668296eed9f6,P4,kakQ,10,_kak_q/P4_kakQ (10).mov,_kak_q,53154,train
P4_kakQ_0011_5d314fea3485,P4,kakQ,11,_kak_q/P4_kakQ (11).mov,_kak_q,66949,train
P4_kakQ_0012_5600e9769ab4,P4,kakQ,12,_kak_q/P4_kakQ (12).mov,_kak_q,74410,train
P4_kakQ_0013_aea33abbd046,P4,kakQ,13,_kak_q/P4_kakQ (13).mov,_kak_q,78925,train
P4_kakQ_0014_8c5271442bf8,P4,kakQ,14,_kak_q/P4_kakQ (14).mov,_kak_q,67294,train
P4_kakQ_0015_e2531c92e736,P4,kakQ,15,_kak_q/P4_kakQ (15).mov,_kak_q,66740,train
P4_kakQ_0016_7aaa7ac435e3,P4,kakQ,16,_kak_q/P4_kakQ (16).mov,_kak_q,63922,train
P4_kakQ_0017_b1da7788859f,P4,kakQ,17,_kak_q/P4_kakQ (17).mov,_kak_q,51729,train
P4_kakQ_0018_d8c0eb0f2dca,P4,kakQ,18,_kak_q/P4_kakQ (18).mov,_kak_q,60181,train
P4_kakQ_0019_ddd393d1a254,P4,kakQ,19,_kak_q/P4_kakQ (19).mov,_kak_q,51613,train
P4_kakQ_0002_50eb966af942,P4,kakQ,2,_kak_q/P4_kakQ (2).mov,_kak_q,58813,train
P4_kakQ_0020_f605f8d79542,P4,kakQ,20,_kak_q/P4_kakQ (20).mov,_kak_q,44869,train
P4_kakQ_0021_48f6087e5c3f,P4,kakQ,21,_kak_q/P4_kakQ (21).mov,_kak_q,59686,train
P4_kakQ_0022_727c86c0facc,P4,kakQ,22,_kak_q/P4_kakQ (22).mov,_kak_q,44199,train
P4_kakQ_0023_18a286e5e76b,P4,kakQ,23,_kak_q/P4_kakQ (23).mov,_kak_q,61680,train
P4_kakQ_0024_c6dbef4b1def,P4,kakQ,24,_kak_q/P4_kakQ (24).mov,_kak_q,52458,train
P4_kakQ_0025_f066cf34d29f,P4,kakQ,25,_kak_q/P4_kakQ (25).mov,_kak_q,68147,train
P4_kakQ_0026_99d3bb3e5de5,P4,kakQ,26,_kak_q/P4_kakQ (26).mov,_kak_q,74258,train
P4_kakQ_0027_61bf941dfd74,P4,kakQ,27,_kak_q/P4_kakQ (27).mov,_kak_q,66696,train
P4_kakQ_0028_ae9531b15c71,P4,kakQ,28,_kak_q/P4_kakQ (28).mov,_kak_q,72013,train
P4_kakQ_0029_581a3881b173,P4,kakQ,29,_kak_q/P4_kakQ (29).mov,_kak_q,63609,train
P4_kakQ_0003_6e78a4467e7c,P4,kakQ,3,_kak_q/P4_kakQ (3).mov,_kak_q,67702,train
P4_kakQ_0030_22f32c255fc8,P4,kakQ,30,_kak_q/P4_kakQ (30).mov,_kak_q,50328,train
P4_kakQ_0031_932523197a68,P4,kakQ,31,_kak_q/P4_kakQ (31).mov,_kak_q,49858,train
P4_kakQ_0032_ec7933aabed3,P4,kakQ,32,_kak_q/P4_kakQ (32).mov,_kak_q,51508,train
P4_kakQ_0033_1e1f52d11787,P4,kakQ,33,_kak_q/P4_kakQ (33).mov,_kak_q,58089,train
P4_kakQ_0034_8a529679632b,P4,kakQ,34,_kak_q/P4_kakQ (34).mov,_kak_q,56313,train
P4_kakQ_0035_39779d562e6c,P4,kakQ,35,_kak_q/P4_kakQ (35).mov,_kak_q,56869,train
P4_kakQ_0036_9f4377de225e,P4,kakQ,36,_kak_q/P4_kakQ (36).mov,_kak_q,52892,train
P4_kakQ_0037_c77d8526521d,P4,kakQ,37,_kak_q/P4_kakQ (37).mov,_kak_q,58705,train
P4_kakQ_0038_b79e49acb40b,P4,kakQ,38,_kak_q/P4_kakQ (38).mov,_kak_q,60234,train
P4_kakQ_0039_96df573e3761,P4,kakQ,39,_kak_q/P4_kakQ (39).mov,_kak_q,73081,train
P4_kakQ_0004_b09a3ed78003,P4,kakQ,4,_kak_q/P4_kakQ (4).mov,_kak_q,68357,train
P4_kakQ_0040_c371a5a49c85,P4,kakQ,40,_kak_q/P4_kakQ (40).mov,_kak_q,64746,train
P4_kakQ_0005_fa3d927f9bc8,P4,kakQ,5,_kak_q/P4_kakQ (5).mov,_kak_q,81068,train
P4_kakQ_0006_49617d21f079,P4,kakQ,6,_kak_q/P4_kakQ (6).mov,_kak_q,67448,train
P4_kakQ_0007_b638d23a5e1a,P4,kakQ,7,_kak_q/P4_kakQ (7).mov,_kak_q,68819,train
P4_kakQ_0008_dcd4f852c1be,P4,kakQ,8,_kak_q/P4_kakQ (8).mov,_kak_q,90632,train
P4_kakQ_0009_4af965ef5f83,P4,kakQ,9,_kak_q/P4_kakQ (9).mov,_kak_q,74599,train
P5_kakQ_0001_a6ea025d859c,P5,kakQ,1,_kak_q/P5_kakQ (1).mov,_kak_q,96224,train
P5_kakQ_0010_d4ee442a82c6,P5,kakQ,10,_kak_q/P5_kakQ (10).mov,_kak_q,66461,train
P5_kakQ_0011_3d95aa4ff680,P5,kakQ,11,_kak_q/P5_kakQ (11).mov,_kak_q,74605,train
P5_kakQ_0012_d06c5e7ceecc,P5,kakQ,12,_kak_q/P5_kakQ (12).mov,_kak_q,60731,train
P5_kakQ_0013_8ba3200f83a8,P5,kakQ,13,_kak_q/P5_kakQ (13).mov,_kak_q,66302,train
P5_kakQ_0014_a9695abb5982,P5,kakQ,14,_kak_q/P5_kakQ (14).mov,_kak_q,91312,train
P5_kakQ_0015_8e16d53b2177,P5,kakQ,15,_kak_q/P5_kakQ (15).mov,_kak_q,76393,train
P5_kakQ_0016_d3dcb6c347c7,P5,kakQ,16,_kak_q/P5_kakQ (16).mov,_kak_q,91486,train
P5_kakQ_0017_5a3458a3923b,P5,kakQ,17,_kak_q/P5_kakQ (17).mov,_kak_q,96224,train
P5_kakQ_0018_53bc9896b0a9,P5,kakQ,18,_kak_q/P5_kakQ (18).mov,_kak_q,45882,train
P5_kakQ_0019_985a73dec51b,P5,kakQ,19,_kak_q/P5_kakQ (19).mov,_kak_q,84523,train
P5_kakQ_0002_f0a92db9c6a3,P5,kakQ,2,_kak_q/P5_kakQ (2).mov,_kak_q,66162,train
P5_kakQ_0020_16291b75de57,P5,kakQ,20,_kak_q/P5_kakQ (20).mov,_kak_q,63687,train
P5_kakQ_0021_fb41dedf06e6,P5,kakQ,21,_kak_q/P5_kakQ (21).mov,_kak_q,77900,train
P5_kakQ_0022_d30ce8ac92ff,P5,kakQ,22,_kak_q/P5_kakQ (22).mov,_kak_q,73140,train
P5_kakQ_0023_a16594825e58,P5,kakQ,23,_kak_q/P5_kakQ (23).mov,_kak_q,106306,train
P5_kakQ_0024_def95b00773a,P5,kakQ,24,_kak_q/P5_kakQ (24).mov,_kak_q,72149,train
P5_kakQ_0025_39714bd21394,P5,kakQ,25,_kak_q/P5_kakQ (25).mov,_kak_q,48255,train
P5_kakQ_0026_4f196c54b2e6,P5,kakQ,26,_kak_q/P5_kakQ (26).mov,_kak_q,47974,train
P5_kakQ_0027_4598a6cb7387,P5,kakQ,27,_kak_q/P5_kakQ (27).mov,_kak_q,46401,train
P5_kakQ_0028_fcf4e1dbc27e,P5,kakQ,28,_kak_q/P5_kakQ (28).mov,_kak_q,83863,train
P5_kakQ_0029_009caf0e15df,P5,kakQ,29,_kak_q/P5_kakQ (29).mov,_kak_q,74316,train
P5_kakQ_0003_1dac548ff852,P5,kakQ,3,_kak_q/P5_kakQ (3).mov,_kak_q,65227,train
P5_kakQ_0030_393421844858,P5,kakQ,30,_kak_q/P5_kakQ (30).mov,_kak_q,102433,train
P5_kakQ_0031_928ad3ee2caa,P5,kakQ,31,_kak_q/P5_kakQ (31).mov,_kak_q,77931,train
P5_kakQ_0032_02fb75deb404,P5,kakQ,32,_kak_q/P5_kakQ (32).mov,_kak_q,40130,train
P5_kakQ_0033_6ea3e60768d8,P5,kakQ,33,_kak_q/P5_kakQ (33).mov,_kak_q,61205,train
P5_kakQ_0034_c67739c754fc,P5,kakQ,34,_kak_q/P5_kakQ (34).mov,_kak_q,60859,train
P5_kakQ_0035_ef3cdf1983dd,P5,kakQ,35,_kak_q/P5_kakQ (35).mov,_kak_q,73304,train
P5_kakQ_0036_5d63d38fc663,P5,kakQ,36,_kak_q/P5_kakQ (36).mov,_kak_q,43621,train
P5_kakQ_0037_1d48fdf5622f,P5,kakQ,37,_kak_q/P5_kakQ (37).mov,_kak_q,68862,train
P5_kakQ_0038_583aecd5d032,P5,kakQ,38,_kak_q/P5_kakQ (38).mov,_kak_q,72110,train
P5_kakQ_0039_e2a6fbf3bf56,P5,kakQ,39,_kak_q/P5_kakQ (39).mov,_kak_q,57342,train
P5_kakQ_0004_084ae4325722,P5,kakQ,4,_kak_q/P5_kakQ (4).mov,_kak_q,65227,train
P5_kakQ_0040_2a3e884654a5,P5,kakQ,40,_kak_q/P5_kakQ (40).mov,_kak_q,76802,train
P5_kakQ_0041_45e602be7c08,P5,kakQ,41,_kak_q/P5_kakQ (41).mov,_kak_q,50666,train
P5_kakQ_0042_92f3d13a81be,P5,kakQ,42,_kak_q/P5_kakQ (42).mov,_kak_q,57105,train
P5_kakQ_0005_1c80d8ee74de,P5,kakQ,5,_kak_q/P5_kakQ (5).mov,_kak_q,94390,train
P5_kakQ_0006_901011ff4da7,P5,kakQ,6,_kak_q/P5_kakQ (6).mov,_kak_q,84354,train
P5_kakQ_0007_a5e3a3cf5a48,P5,kakQ,7,_kak_q/P5_kakQ (7).mov,_kak_q,91593,train
P5_kakQ_0008_4016570b4357,P5,kakQ,8,_kak_q/P5_kakQ (8).mov,_kak_q,87690,train
P5_kakQ_0009_47d983f937d4,P5,kakQ,9,_kak_q/P5_kakQ (9).mov,_kak_q,79426,train
P1_kakoi_0001_f0949850a647,P1,kakoi,1,_kakoi/P1_kakoi (1).mov,_kakoi,116721,test
P1_kakoi_0010_244cf208974a,P1,kakoi,10,_kakoi/P1_kakoi (10).mov,_kakoi,198823,test
P1_kakoi_0011_247ec1e5f842,P1,kakoi,11,_kakoi/P1_kakoi (11).mov,_kakoi,219237,test
P1_kakoi_0012_f103ff7d95b1,P1,kakoi,12,_kakoi/P1_kakoi (12).mov,_kakoi,219237,test
P1_kakoi_0013_3947109bc211,P1,kakoi,13,_kakoi/P1_kakoi (13).mov,_kakoi,219237,test
P1_kakoi_0014_8f8a7d6dd703,P1,kakoi,14,_kakoi/P1_kakoi (14).mov,_kakoi,144967,test
P1_kakoi_0015_778705c233a0,P1,kakoi,15,_kakoi/P1_kakoi (15).mov,_kakoi,112125,test
P1_kakoi_0016_398821559482,P1,kakoi,16,_kakoi/P1_kakoi (16).mov,_kakoi,115702,test
P1_kakoi_0017_2bbc608ded32,P1,kakoi,17,_kakoi/P1_kakoi (17).mov,_kakoi,115334,test
P1_kakoi_0018_8e171d4ac33a,P1,kakoi,18,_kakoi/P1_kakoi (18).mov,_kakoi,183965,test
P1_kakoi_0019_7a11ef8edbaa,P1,kakoi,19,_kakoi/P1_kakoi (19).mov,_kakoi,163538,test
P1_kakoi_0002_24ee0c8be3b9,P1,kakoi,2,_kakoi/P1_kakoi (2).mov,_kakoi,197889,test
P1_kakoi_0020_2e1a25aae0e3,P1,kakoi,20,_kakoi/P1_kakoi (20).mov,_kakoi,187824,test
P1_kakoi_0021_78c3314a1a03,P1,kakoi,21,_kakoi/P1_kakoi (21).mov,_kakoi,190616,test
P1_kakoi_0022_ad4bd3edab7f,P1,kakoi,22,_kakoi/P1_kakoi (22).mov,_kakoi,180461,test
P1_kakoi_0023_5b87158781e2,P1,kakoi,23,_kakoi/P1_kakoi (23).mov,_kakoi,223810,test
P1_kakoi_0024_2707026fc503,P1,kakoi,24,_kakoi/P1_kakoi (24).mov,_kakoi,189899,test
P1_kakoi_0025_14641b4cb15b,P1,kakoi,25,_kakoi/P1_kakoi (25).mov,_kakoi,174922,test
P1_kakoi_0026_073d40188bc9,P1,kakoi,26,_kakoi/P1_kakoi (26).mov,_kakoi,166575,test
P1_kakoi_0027_f351bdd6b918,P1,kakoi,27,_kakoi/P1_kakoi (27).mov,_kakoi,160744,test
P1_kakoi_0028_6fd4b018d0b0,P1,kakoi,28,_kakoi/P1_kakoi (28).mov,_kakoi,164563,test
P1_kakoi_0029_5141397206d7,P1,kakoi,29,_kakoi/P1_kakoi (29).mov,_kakoi,136892,test
P1_kakoi_0003_8f1d80a6d5de,P1,kakoi,3,_kakoi/P1_kakoi (3).mov,_kakoi,156646,test
P1_kakoi_0030_cb2b9bdf0c0f,P1,kakoi,30,_kakoi/P1_kakoi (30).mov,_kakoi,151426,test
P1_kakoi_0031_0cc4808e2a21,P1,kakoi,31,_kakoi/P1_kakoi (31).mov,_kakoi,145040,test
P1_kakoi_0032_f8a3baddc390,P1,kakoi,32,_kakoi/P1_kakoi (32).mov,_kakoi,137973,test
P1_kakoi_0033_26a47a8f508a,P1,kakoi,33,_kakoi/P1_kakoi (33).mov,_kakoi,120277,test
P1_kakoi_0034_16fdcae96791,P1,kakoi,34,_kakoi/P1_kakoi (34).mov,_kakoi,194432,test
P1_kakoi_0035_faa0a570aff9,P1,kakoi,35,_kakoi/P1_kakoi (35).mov,_kakoi,157804,test
P1_kakoi_0036_dff4fb93bfd4,P1,kakoi,36,_kakoi/P1_kakoi (36).mov,_kakoi,165144,test
P1_kakoi_0037_f9cdc7536c83,P1,kakoi,37,_kakoi/P1_kakoi (37).mov,_kakoi,170960,test
P1_kakoi_0038_64e11fd885d1,P1,kakoi,38,_kakoi/P1_kakoi (38).mov,_kakoi,121892,test
P1_kakoi_0039_b8d04c30fbf3,P1,kakoi,39,_kakoi/P1_kakoi (39).mov,_kakoi,152847,test
P1_kakoi_0004_8ab277acf967,P1,kakoi,4,_kakoi/P1_kakoi (4).mov,_kakoi,157504,test
P1_kakoi_0040_b33a2f3e178d,P1,kakoi,40,_kakoi/P1_kakoi (40).mov,_kakoi,160969,test
P1_kakoi_0005_4929b69d68a5,P1,kakoi,5,_kakoi/P1_kakoi (5).mov,_kakoi,164071,test
P1_kakoi_0006_785f4d7e2b58,P1,kakoi,6,_kakoi/P1_kakoi (6).mov,_kakoi,218666,test
P1_kakoi_0007_56be6d45a5f2,P1,kakoi,7,_kakoi/P1_kakoi (7).mov,_kakoi,218666,test
P1_kakoi_0008_e97414a82e0b,P1,kakoi,8,_kakoi/P1_kakoi (8).mov,_kakoi,221134,test
P1_kakoi_0009_ff17fd63d568,P1,kakoi,9,_kakoi/P1_kakoi (9).mov,_kakoi,218666,test
P2_kakoi_0001_edc0c5c0c964,P2,kakoi,1,_kakoi/P2_kakoi (1).mov,_kakoi,160486,validation
P2_kakoi_0010_42b9bdd22e9e,P2,kakoi,10,_kakoi/P2_kakoi (10).mov,_kakoi,169216,validation
P2_kakoi_0011_bbc6ae3b586d,P2,kakoi,11,_kakoi/P2_kakoi (11).mov,_kakoi,193147,validation
P2_kakoi_0012_0e58e2ae2f99,P2,kakoi,12,_kakoi/P2_kakoi (12).mov,_kakoi,171903,validation
P2_kakoi_0013_022d623aa3f2,P2,kakoi,13,_kakoi/P2_kakoi (13).mov,_kakoi,190470,validation
P2_kakoi_0014_42eee80fd6fc,P2,kakoi,14,_kakoi/P2_kakoi (14).mov,_kakoi,203871,validation
P2_kakoi_0015_23849b051971,P2,kakoi,15,_kakoi/P2_kakoi (15).mov,_kakoi,182755,validation
P2_kakoi_0016_c3705bd78e7d,P2,kakoi,16,_kakoi/P2_kakoi (16).mov,_kakoi,200521,validation
P2_kakoi_0017_1bb12b8febf1,P2,kakoi,17,_kakoi/P2_kakoi (17).mov,_kakoi,161109,validation
P2_kakoi_0018_59f93dc4f545,P2,kakoi,18,_kakoi/P2_kakoi (18).mov,_kakoi,155533,validation
P2_kakoi_0019_c5ff3c00924d,P2,kakoi,19,_kakoi/P2_kakoi (19).mov,_kakoi,140347,validation
P2_kakoi_0002_375be74e3a92,P2,kakoi,2,_kakoi/P2_kakoi (2).mov,_kakoi,188409,validation
P2_kakoi_0020_cf98c13fa5ae,P2,kakoi,20,_kakoi/P2_kakoi (20).mov,_kakoi,106542,validation
P2_kakoi_0021_3c67bc37d89f,P2,kakoi,21,_kakoi/P2_kakoi (21).mov,_kakoi,118215,validation
P2_kakoi_0022_bfdf51954556,P2,kakoi,22,_kakoi/P2_kakoi (22).mov,_kakoi,102002,validation
P2_kakoi_0023_e656fc14423a,P2,kakoi,23,_kakoi/P2_kakoi (23).mov,_kakoi,112619,validation
P2_kakoi_0024_d22134b99a8b,P2,kakoi,24,_kakoi/P2_kakoi (24).mov,_kakoi,124624,validation
P2_kakoi_0025_c729f02332eb,P2,kakoi,25,_kakoi/P2_kakoi (25).mov,_kakoi,131481,validation
P2_kakoi_0026_88749e7bf580,P2,kakoi,26,_kakoi/P2_kakoi (26).mov,_kakoi,140989,validation
P2_kakoi_0027_832b1d63be3d,P2,kakoi,27,_kakoi/P2_kakoi (27).mov,_kakoi,129749,validation
P2_kakoi_0028_7917eb06fb90,P2,kakoi,28,_kakoi/P2_kakoi (28).mov,_kakoi,112586,validation
P2_kakoi_0029_c6fd694f44da,P2,kakoi,29,_kakoi/P2_kakoi (29).mov,_kakoi,111471,validation
P2_kakoi_0003_8b2bdb3df429,P2,kakoi,3,_kakoi/P2_kakoi (3).mov,_kakoi,164589,validation
P2_kakoi_0030_d463a23e3207,P2,kakoi,30,_kakoi/P2_kakoi (30).mov,_kakoi,125139,validation
P2_kakoi_0031_603b93e0dc71,P2,kakoi,31,_kakoi/P2_kakoi (31).mov,_kakoi,73590,validation
P2_kakoi_0032_fb44b5a73b5c,P2,kakoi,32,_kakoi/P2_kakoi (32).mov,_kakoi,82489,validation
P2_kakoi_0033_8ee1e3092365,P2,kakoi,33,_kakoi/P2_kakoi (33).mov,_kakoi,101876,validation
P2_kakoi_0034_ca53a048b251,P2,kakoi,34,_kakoi/P2_kakoi (34).mov,_kakoi,206169,validation
P2_kakoi_0035_f622eb815f0f,P2,kakoi,35,_kakoi/P2_kakoi (35).mov,_kakoi,209026,validation
P2_kakoi_0036_4f510acbfcf3,P2,kakoi,36,_kakoi/P2_kakoi (36).mov,_kakoi,175825,validation
P2_kakoi_0037_fbd3028de0b2,P2,kakoi,37,_kakoi/P2_kakoi (37).mov,_kakoi,155289,validation
P2_kakoi_0038_5dc4e98b9ad2,P2,kakoi,38,_kakoi/P2_kakoi (38).mov,_kakoi,151382,validation
P2_kakoi_0039_e5610d8980fa,P2,kakoi,39,_kakoi/P2_kakoi (39).mov,_kakoi,146904,validation
P2_kakoi_0004_3cc2e477033a,P2,kakoi,4,_kakoi/P2_kakoi (4).mov,_kakoi,156915,validation
P2_kakoi_0040_9226d9af377b,P2,kakoi,40,_kakoi/P2_kakoi (40).mov,_kakoi,159885,validation
P2_kakoi_0005_a928dde96d2b,P2,kakoi,5,_kakoi/P2_kakoi (5).mov,_kakoi,149694,validation
P2_kakoi_0006_fec221573538,P2,kakoi,6,_kakoi/P2_kakoi (6).mov,_kakoi,144153,validation
P2_kakoi_0007_e0395dfb0420,P2,kakoi,7,_kakoi/P2_kakoi (7).mov,_kakoi,150488,validation
P2_kakoi_0008_a7b683adce25,P2,kakoi,8,_kakoi/P2_kakoi (8).mov,_kakoi,178709,validation
P2_kakoi_0009_0eafbdc84ea1,P2,kakoi,9,_kakoi/P2_kakoi (9).mov,_kakoi,101499,validation
P3_kakoi_0001_ab4131876248,P3,kakoi,1,_kakoi/P3_kakoi (1).mov,_kakoi,96404,train
P3_kakoi_0010_3f47ebfdfbdf,P3,kakoi,10,_kakoi/P3_kakoi (10).mov,_kakoi,89626,train
P3_kakoi_0100_5b488f2c918a,P3,kakoi,100,_kakoi/P3_kakoi (100).mov,_kakoi,131808,train
P3_kakoi_0101_724195015d50,P3,kakoi,101,_kakoi/P3_kakoi (101).mov,_kakoi,131808,train
P3_kakoi_0102_0d9873b9c52f,P3,kakoi,102,_kakoi/P3_kakoi (102).mov,_kakoi,131808,train
P3_kakoi_0011_d704bf51c7a1,P3,kakoi,11,_kakoi/P3_kakoi (11).mov,_kakoi,77200,train
P3_kakoi_0012_6054cfa7ba0b,P3,kakoi,12,_kakoi/P3_kakoi (12).mov,_kakoi,72040,train
P3_kakoi_0013_5ab5a05de9d2,P3,kakoi,13,_kakoi/P3_kakoi (13).mov,_kakoi,72040,train
P3_kakoi_0014_9ccb6b813786,P3,kakoi,14,_kakoi/P3_kakoi (14).mov,_kakoi,72040,train
P3_kakoi_0015_763f4def7f94,P3,kakoi,15,_kakoi/P3_kakoi (15).mov,_kakoi,72040,train
P3_kakoi_0016_7c2488fd7292,P3,kakoi,16,_kakoi/P3_kakoi (16).mov,_kakoi,72040,train
P3_kakoi_0017_d0a8c6fc7c41,P3,kakoi,17,_kakoi/P3_kakoi (17).mov,_kakoi,72040,train
P3_kakoi_0018_486aef56c1ad,P3,kakoi,18,_kakoi/P3_kakoi (18).mov,_kakoi,72040,train
P3_kakoi_0019_303885183387,P3,kakoi,19,_kakoi/P3_kakoi (19).mov,_kakoi,72040,train
P3_kakoi_0002_542d7e1e31fe,P3,kakoi,2,_kakoi/P3_kakoi (2).mov,_kakoi,96404,train
P3_kakoi_0020_eb0ab01f3fe4,P3,kakoi,20,_kakoi/P3_kakoi (20).mov,_kakoi,72040,train
P3_kakoi_0021_84a1362ddc2a,P3,kakoi,21,_kakoi/P3_kakoi (21).mov,_kakoi,72040,train
P3_kakoi_0022_625743b1e72b,P3,kakoi,22,_kakoi/P3_kakoi (22).mov,_kakoi,72040,train
P3_kakoi_0023_039546dceb38,P3,kakoi,23,_kakoi/P3_kakoi (23).mov,_kakoi,72040,train
P3_kakoi_0024_0b64ebe3aeaa,P3,kakoi,24,_kakoi/P3_kakoi (24).mov,_kakoi,72040,train
P3_kakoi_0025_aba1c8015a5e,P3,kakoi,25,_kakoi/P3_kakoi (25).mov,_kakoi,72040,train
P3_kakoi_0026_8085ea108cc6,P3,kakoi,26,_kakoi/P3_kakoi (26).mov,_kakoi,72040,train
P3_kakoi_0027_c3bb05b498f4,P3,kakoi,27,_kakoi/P3_kakoi (27).mov,_kakoi,72040,train
P3_kakoi_0028_39b6a465e48b,P3,kakoi,28,_kakoi/P3_kakoi (28).mov,_kakoi,92908,train
P3_kakoi_0029_ec59db8a2674,P3,kakoi,29,_kakoi/P3_kakoi (29).mov,_kakoi,92908,train
P3_kakoi_0003_91eb2d467e2a,P3,kakoi,3,_kakoi/P3_kakoi (3).mov,_kakoi,96404,train
P3_kakoi_0030_6d27cfe98bc1,P3,kakoi,30,_kakoi/P3_kakoi (30).mov,_kakoi,89195,train
P3_kakoi_0031_892614392515,P3,kakoi,31,_kakoi/P3_kakoi (31).mov,_kakoi,94166,train
P3_kakoi_0032_906489854795,P3,kakoi,32,_kakoi/P3_kakoi (32).mov,_kakoi,94392,train
P3_kakoi_0033_98a68c4e96e5,P3,kakoi,33,_kakoi/P3_kakoi (33).mov,_kakoi,88551,train
P3_kakoi_0034_c744428fb78f,P3,kakoi,34,_kakoi/P3_kakoi (34).mov,_kakoi,102680,train
P3_kakoi_0035_45460516b38a,P3,kakoi,35,_kakoi/P3_kakoi (35).mov,_kakoi,109420,train
P3_kakoi_0036_38e9220385c9,P3,kakoi,36,_kakoi/P3_kakoi (36).mov,_kakoi,105601,train
P3_kakoi_0037_066294cdda4c,P3,kakoi,37,_kakoi/P3_kakoi (37).mov,_kakoi,107777,train
P3_kakoi_0038_03d74cada012,P3,kakoi,38,_kakoi/P3_kakoi (38).mov,_kakoi,65796,train
P3_kakoi_0039_9d20e7eb4d42,P3,kakoi,39,_kakoi/P3_kakoi (39).mov,_kakoi,91401,train
P3_kakoi_0004_6874f569ce95,P3,kakoi,4,_kakoi/P3_kakoi (4).mov,_kakoi,52472,train
P3_kakoi_0040_d6dff7b34b9e,P3,kakoi,40,_kakoi/P3_kakoi (40).mov,_kakoi,93121,train
P3_kakoi_0041_cb26571aa812,P3,kakoi,41,_kakoi/P3_kakoi (41).mov,_kakoi,93993,train
P3_kakoi_0042_2463313f0236,P3,kakoi,42,_kakoi/P3_kakoi (42).mov,_kakoi,93993,train
P3_kakoi_0043_885c7ce59976,P3,kakoi,43,_kakoi/P3_kakoi (43).mov,_kakoi,95299,train
P3_kakoi_0044_022b91edf9bf,P3,kakoi,44,_kakoi/P3_kakoi (44).mov,_kakoi,72846,train
P3_kakoi_0045_e71213c89180,P3,kakoi,45,_kakoi/P3_kakoi (45).mov,_kakoi,75929,train
P3_kakoi_0046_7b38188d9afe,P3,kakoi,46,_kakoi/P3_kakoi (46).mov,_kakoi,86887,train
P3_kakoi_0047_e2c20d89cb4d,P3,kakoi,47,_kakoi/P3_kakoi (47).mov,_kakoi,95275,train
P3_kakoi_0048_8b74410fc8a6,P3,kakoi,48,_kakoi/P3_kakoi (48).mov,_kakoi,95275,train
P3_kakoi_0049_da20cdb195f0,P3,kakoi,49,_kakoi/P3_kakoi (49).mov,_kakoi,81877,train
P3_kakoi_0005_1c5ed018708b,P3,kakoi,5,_kakoi/P3_kakoi (5).mov,_kakoi,89626,train
P3_kakoi_0050_8ea9ddb7d284,P3,kakoi,50,_kakoi/P3_kakoi (50).mov,_kakoi,81877,train
P3_kakoi_0051_666913a8c31b,P3,kakoi,51,_kakoi/P3_kakoi (51).mov,_kakoi,102744,train
P3_kakoi_0052_295552ec4264,P3,kakoi,52,_kakoi/P3_kakoi (52).mov,_kakoi,102744,train
P3_kakoi_0053_337f10dbfa9a,P3,kakoi,53,_kakoi/P3_kakoi (53).mov,_kakoi,102744,train
P3_kakoi_0054_c6cc4b40c35d,P3,kakoi,54,_kakoi/P3_kakoi (54).mov,_kakoi,102744,train
P3_kakoi_0055_7735d96d346f,P3,kakoi,55,_kakoi/P3_kakoi (55).mov,_kakoi,52472,train
P3_kakoi_0056_bf0b5368625e,P3,kakoi,56,_kakoi/P3_kakoi (56).mov,_kakoi,52472,train
P3_kakoi_0057_397ab1c01a9c,P3,kakoi,57,_kakoi/P3_kakoi (57).mov,_kakoi,52472,train
P3_kakoi_0058_b1f3fe43769a,P3,kakoi,58,_kakoi/P3_kakoi (58).mov,_kakoi,52472,train
P3_kakoi_0059_783331d85c8d,P3,kakoi,59,_kakoi/P3_kakoi (59).mov,_kakoi,123897,train
P3_kakoi_0006_8fb081b8c905,P3,kakoi,6,_kakoi/P3_kakoi (6).mov,_kakoi,89626,train
P3_kakoi_0060_d9e86f85ac1d,P3,kakoi,60,_kakoi/P3_kakoi (60).mov,_kakoi,123897,train
P3_kakoi_0061_2e294781d3c4,P3,kakoi,61,_kakoi/P3_kakoi (61).mov,_kakoi,142450,train
P3_kakoi_0062_04ee3c4d4774,P3,kakoi,62,_kakoi/P3_kakoi (62).mov,_kakoi,159364,train
P3_kakoi_0063_63b2ddb663cc,P3,kakoi,63,_kakoi/P3_kakoi (63).mov,_kakoi,124544,train
P3_kakoi_0064_70b0816f57c7,P3,kakoi,64,_kakoi/P3_kakoi (64).mov,_kakoi,141914,train
P3_kakoi_0065_41bdd7cfaad4,P3,kakoi,65,_kakoi/P3_kakoi (65).mov,_kakoi,147109,train
P3_kakoi_0066_7427a82ae2b3,P3,kakoi,66,_kakoi/P3_kakoi (66).mov,_kakoi,118057,train
P3_kakoi_0067_f4dc2d36eabe,P3,kakoi,67,_kakoi/P3_kakoi (67).mov,_kakoi,147054,train
P3_kakoi_0068_4e6693327e03,P3,kakoi,68,_kakoi/P3_kakoi (68).mov,_kakoi,147054,train
P3_kakoi_0069_374019b461c6,P3,kakoi,69,_kakoi/P3_kakoi (69).mov,_kakoi,122988,train
P3_kakoi_0007_470a63a43dc4,P3,kakoi,7,_kakoi/P3_kakoi (7).mov,_kakoi,89626,train
P3_kakoi_0070_388822987178,P3,kakoi,70,_kakoi/P3_kakoi (70).mov,_kakoi,122988,train
P3_kakoi_0071_116000f1fa1f,P3,kakoi,71,_kakoi/P3_kakoi (71).mov,_kakoi,122988,train
P3_kakoi_0072_afdd5a5b23eb,P3,kakoi,72,_kakoi/P3_kakoi (72).mov,_kakoi,122988,train
P3_kakoi_0073_85526fd6a92f,P3,kakoi,73,_kakoi/P3_kakoi (73).mov,_kakoi,122988,train
P3_kakoi_0074_0ae2da6a120d,P3,kakoi,74,_kakoi/P3_kakoi (74).mov,_kakoi,122988,train
P3_kakoi_0075_e4d6cf0d3e73,P3,kakoi,75,_kakoi/P3_kakoi (75).mov,_kakoi,122988,train
P3_kakoi_0076_999ef377bf96,P3,kakoi,76,_kakoi/P3_kakoi (76).mov,_kakoi,122988,train
P3_kakoi_0077_ba85a6490ffa,P3,kakoi,77,_kakoi/P3_kakoi (77).mov,_kakoi,122988,train
P3_kakoi_0078_e61079b02e22,P3,kakoi,78,_kakoi/P3_kakoi (78).mov,_kakoi,122988,train
P3_kakoi_0079_80e6f776bc6d,P3,kakoi,79,_kakoi/P3_kakoi (79).mov,_kakoi,122988,train
P3_kakoi_0008_8b6237a08d06,P3,kakoi,8,_kakoi/P3_kakoi (8).mov,_kakoi,89626,train
P3_kakoi_0080_e231f0227a3f,P3,kakoi,80,_kakoi/P3_kakoi (80).mov,_kakoi,122541,train
P3_kakoi_0081_ec2a9b8e4667,P3,kakoi,81,_kakoi/P3_kakoi (81).mov,_kakoi,122541,train
P3_kakoi_0082_8308503853db,P3,kakoi,82,_kakoi/P3_kakoi (82).mov,_kakoi,122541,train
P3_kakoi_0083_8d1638883ae7,P3,kakoi,83,_kakoi/P3_kakoi (83).mov,_kakoi,74923,train
P3_kakoi_0084_3677f0f71d20,P3,kakoi,84,_kakoi/P3_kakoi (84).mov,_kakoi,74923,train
P3_kakoi_0085_ac34317390db,P3,kakoi,85,_kakoi/P3_kakoi (85).mov,_kakoi,74923,train
P3_kakoi_0086_7384e67cee5c,P3,kakoi,86,_kakoi/P3_kakoi (86).mov,_kakoi,74923,train
P3_kakoi_0087_9ade4ce0c257,P3,kakoi,87,_kakoi/P3_kakoi (87).mov,_kakoi,74923,train
P3_kakoi_0088_e9015e84c233,P3,kakoi,88,_kakoi/P3_kakoi (88).mov,_kakoi,74923,train
P3_kakoi_0089_e4b5887eecb9,P3,kakoi,89,_kakoi/P3_kakoi (89).mov,_kakoi,74923,train
P3_kakoi_0009_bca5e2d1fec9,P3,kakoi,9,_kakoi/P3_kakoi (9).mov,_kakoi,89626,train
P3_kakoi_0090_7ad0a1f9c1d3,P3,kakoi,90,_kakoi/P3_kakoi (90).mov,_kakoi,74923,train
P3_kakoi_0091_8089b1330d11,P3,kakoi,91,_kakoi/P3_kakoi (91).mov,_kakoi,74923,train
P3_kakoi_0092_5aa59e86e809,P3,kakoi,92,_kakoi/P3_kakoi (92).mov,_kakoi,74923,train
P3_kakoi_0093_794fb8c59d03,P3,kakoi,93,_kakoi/P3_kakoi (93).mov,_kakoi,74923,train
P3_kakoi_0094_eb3cf3ad2e37,P3,kakoi,94,_kakoi/P3_kakoi (94).mov,_kakoi,74923,train
P3_kakoi_0095_3344da367b5b,P3,kakoi,95,_kakoi/P3_kakoi (95).mov,_kakoi,74923,train
P3_kakoi_0096_156a789c4850,P3,kakoi,96,_kakoi/P3_kakoi (96).mov,_kakoi,74923,train
P3_kakoi_0097_b9fa523453ab,P3,kakoi,97,_kakoi/P3_kakoi (97).mov,_kakoi,131808,train
P3_kakoi_0098_f95dbba2887e,P3,kakoi,98,_kakoi/P3_kakoi (98).mov,_kakoi,131808,train
P3_kakoi_0099_d9a09db8669a,P3,kakoi,99,_kakoi/P3_kakoi (99).mov,_kakoi,131808,train
P4_kakoi_0001_b2d887acac94,P4,kakoi,1,_kakoi/P4_kakoi (1).mov,_kakoi,105851,train
P4_kakoi_0010_e38f7bf74c83,P4,kakoi,10,_kakoi/P4_kakoi (10).mov,_kakoi,97266,train
P4_kakoi_0011_4f6c23018a5f,P4,kakoi,11,_kakoi/P4_kakoi (11).mov,_kakoi,125507,train
P4_kakoi_0012_ba0a72a79f51,P4,kakoi,12,_kakoi/P4_kakoi (12).mov,_kakoi,71535,train
P4_kakoi_0013_940e0233afd7,P4,kakoi,13,_kakoi/P4_kakoi (13).mov,_kakoi,113902,train
P4_kakoi_0014_53b64dfe2974,P4,kakoi,14,_kakoi/P4_kakoi (14).mov,_kakoi,235471,train
P4_kakoi_0015_47d0f35cafa8,P4,kakoi,15,_kakoi/P4_kakoi (15).mov,_kakoi,103178,train
P4_kakoi_0016_d25e17e4fe50,P4,kakoi,16,_kakoi/P4_kakoi (16).mov,_kakoi,89288,train
P4_kakoi_0017_61f534436e0c,P4,kakoi,17,_kakoi/P4_kakoi (17).mov,_kakoi,81576,train
P4_kakoi_0018_4eeff1847ce5,P4,kakoi,18,_kakoi/P4_kakoi (18).mov,_kakoi,138109,train
P4_kakoi_0019_f3c213da4ffa,P4,kakoi,19,_kakoi/P4_kakoi (19).mov,_kakoi,136587,train
P4_kakoi_0002_71196fea97f7,P4,kakoi,2,_kakoi/P4_kakoi (2).mov,_kakoi,157035,train
P4_kakoi_0020_3df8f1acaf3e,P4,kakoi,20,_kakoi/P4_kakoi (20).mov,_kakoi,148053,train
P4_kakoi_0021_d4827e7432d0,P4,kakoi,21,_kakoi/P4_kakoi (21).mov,_kakoi,156278,train
P4_kakoi_0022_c0203926a1b4,P4,kakoi,22,_kakoi/P4_kakoi (22).mov,_kakoi,138907,train
P4_kakoi_0023_bba3191dd51d,P4,kakoi,23,_kakoi/P4_kakoi (23).mov,_kakoi,113825,train
P4_kakoi_0024_b9c62459c2c0,P4,kakoi,24,_kakoi/P4_kakoi (24).mov,_kakoi,117424,train
P4_kakoi_0025_4808f75df4bd,P4,kakoi,25,_kakoi/P4_kakoi (25).mov,_kakoi,108358,train
P4_kakoi_0026_ce4263b9f8c0,P4,kakoi,26,_kakoi/P4_kakoi (26).mov,_kakoi,104710,train
P4_kakoi_0027_50b512fb0729,P4,kakoi,27,_kakoi/P4_kakoi (27).mov,_kakoi,110383,train
P4_kakoi_0028_849eee2ad080,P4,kakoi,28,_kakoi/P4_kakoi (28).mov,_kakoi,137530,train
P4_kakoi_0029_656403ab61dd,P4,kakoi,29,_kakoi/P4_kakoi (29).mov,_kakoi,108410,train
P4_kakoi_0003_fe4999ba52ba,P4,kakoi,3,_kakoi/P4_kakoi (3).mov,_kakoi,101799,train
P4_kakoi_0030_a1862db16032,P4,kakoi,30,_kakoi/P4_kakoi (30).mov,_kakoi,150430,train
P4_kakoi_0031_4eeab7851aff,P4,kakoi,31,_kakoi/P4_kakoi (31).mov,_kakoi,72832,train
P4_kakoi_0032_73cbaedfa463,P4,kakoi,32,_kakoi/P4_kakoi (32).mov,_kakoi,103581,train
P4_kakoi_0033_33db11811a1d,P4,kakoi,33,_kakoi/P4_kakoi (33).mov,_kakoi,95250,train
P4_kakoi_0034_83f14d530c07,P4,kakoi,34,_kakoi/P4_kakoi (34).mov,_kakoi,101753,train
P4_kakoi_0035_6c48fff55aef,P4,kakoi,35,_kakoi/P4_kakoi (35).mov,_kakoi,85486,train
P4_kakoi_0036_553a9ebc5645,P4,kakoi,36,_kakoi/P4_kakoi (36).mov,_kakoi,118719,train
P4_kakoi_0037_8486ed1709a6,P4,kakoi,37,_kakoi/P4_kakoi (37).mov,_kakoi,109978,train
P4_kakoi_0038_0ed645e4f326,P4,kakoi,38,_kakoi/P4_kakoi (38).mov,_kakoi,133763,train
P4_kakoi_0039_92fce3053ee1,P4,kakoi,39,_kakoi/P4_kakoi (39).mov,_kakoi,96483,train
P4_kakoi_0004_df735b5e01c4,P4,kakoi,4,_kakoi/P4_kakoi (4).mov,_kakoi,108260,train
P4_kakoi_0040_966f7aa54883,P4,kakoi,40,_kakoi/P4_kakoi (40).mov,_kakoi,95110,train
P4_kakoi_0005_abbd6bc3edfd,P4,kakoi,5,_kakoi/P4_kakoi (5).mov,_kakoi,135226,train
P4_kakoi_0006_9489210b862f,P4,kakoi,6,_kakoi/P4_kakoi (6).mov,_kakoi,115540,train
P4_kakoi_0007_fc9c805d0140,P4,kakoi,7,_kakoi/P4_kakoi (7).mov,_kakoi,103255,train
P4_kakoi_0008_4d4a45a2b582,P4,kakoi,8,_kakoi/P4_kakoi (8).mov,_kakoi,89262,train
P4_kakoi_0009_41b8bc863e36,P4,kakoi,9,_kakoi/P4_kakoi (9).mov,_kakoi,115819,train
P5_kakoi_0001_00fa72eceb89,P5,kakoi,1,_kakoi/P5_kakoi (1).mov,_kakoi,100351,train
P5_kakoi_0010_4fef446c1a9f,P5,kakoi,10,_kakoi/P5_kakoi (10).mov,_kakoi,113888,train
P5_kakoi_0011_5ad40dabfd0a,P5,kakoi,11,_kakoi/P5_kakoi (11).mov,_kakoi,86628,train
P5_kakoi_0012_82a18f7afa3f,P5,kakoi,12,_kakoi/P5_kakoi (12).mov,_kakoi,120716,train
P5_kakoi_0013_0263dfadfd6a,P5,kakoi,13,_kakoi/P5_kakoi (13).mov,_kakoi,222587,train
P5_kakoi_0014_ae5ffc68dcad,P5,kakoi,14,_kakoi/P5_kakoi (14).mov,_kakoi,158706,train
P5_kakoi_0015_0cb69a816eef,P5,kakoi,15,_kakoi/P5_kakoi (15).mov,_kakoi,149931,train
P5_kakoi_0016_0c9ec18aa3e3,P5,kakoi,16,_kakoi/P5_kakoi (16).mov,_kakoi,81691,train
P5_kakoi_0017_0a12ae0d6040,P5,kakoi,17,_kakoi/P5_kakoi (17).mov,_kakoi,128100,train
P5_kakoi_0018_e1655093a254,P5,kakoi,18,_kakoi/P5_kakoi (18).mov,_kakoi,115034,train
P5_kakoi_0019_4c569b0edd71,P5,kakoi,19,_kakoi/P5_kakoi (19).mov,_kakoi,97386,train
P5_kakoi_0002_6bdbcd2ca0d6,P5,kakoi,2,_kakoi/P5_kakoi (2).mov,_kakoi,168833,train
P5_kakoi_0020_2bd2878e0172,P5,kakoi,20,_kakoi/P5_kakoi (20).mov,_kakoi,99248,train
P5_kakoi_0021_eb2dc46373da,P5,kakoi,21,_kakoi/P5_kakoi (21).mov,_kakoi,95923,train
P5_kakoi_0022_d7c0bcfbfdd0,P5,kakoi,22,_kakoi/P5_kakoi (22).mov,_kakoi,85202,train
P5_kakoi_0023_6d058b7b56f8,P5,kakoi,23,_kakoi/P5_kakoi (23).mov,_kakoi,171285,train
P5_kakoi_0024_0ca6f01c036f,P5,kakoi,24,_kakoi/P5_kakoi (24).mov,_kakoi,156431,train
P5_kakoi_0025_67c2b57ddcf9,P5,kakoi,25,_kakoi/P5_kakoi (25).mov,_kakoi,117368,train
P5_kakoi_0026_4c9bb12a9fc2,P5,kakoi,26,_kakoi/P5_kakoi (26).mov,_kakoi,138539,train
P5_kakoi_0027_a1a80eee1d3d,P5,kakoi,27,_kakoi/P5_kakoi (27).mov,_kakoi,114243,train
P5_kakoi_0028_298efe66bb1d,P5,kakoi,28,_kakoi/P5_kakoi (28).mov,_kakoi,195409,train
P5_kakoi_0029_66ab1306a630,P5,kakoi,29,_kakoi/P5_kakoi (29).mov,_kakoi,181383,train
P5_kakoi_0003_2ba032509e56,P5,kakoi,3,_kakoi/P5_kakoi (3).mov,_kakoi,118540,train
P5_kakoi_0030_164c4c0d788e,P5,kakoi,30,_kakoi/P5_kakoi (30).mov,_kakoi,123715,train
P5_kakoi_0031_ba55949cb8e0,P5,kakoi,31,_kakoi/P5_kakoi (31).mov,_kakoi,142305,train
P5_kakoi_0032_57af601dcddb,P5,kakoi,32,_kakoi/P5_kakoi (32).mov,_kakoi,143972,train
P5_kakoi_0033_804464fab6d1,P5,kakoi,33,_kakoi/P5_kakoi (33).mov,_kakoi,74656,train
P5_kakoi_0034_5fa475d94785,P5,kakoi,34,_kakoi/P5_kakoi (34).mov,_kakoi,107819,train
P5_kakoi_0035_aee2eb348925,P5,kakoi,35,_kakoi/P5_kakoi (35).mov,_kakoi,102909,train
P5_kakoi_0036_894d32da05e9,P5,kakoi,36,_kakoi/P5_kakoi (36).mov,_kakoi,138423,train
P5_kakoi_0037_6d4c793009fb,P5,kakoi,37,_kakoi/P5_kakoi (37).mov,_kakoi,152864,train
P5_kakoi_0038_9aa76f409be3,P5,kakoi,38,_kakoi/P5_kakoi (38).mov,_kakoi,139031,train
P5_kakoi_0039_49ff5f387225,P5,kakoi,39,_kakoi/P5_kakoi (39).mov,_kakoi,145785,train
P5_kakoi_0004_5cebc71c8186,P5,kakoi,4,_kakoi/P5_kakoi (4).mov,_kakoi,102766,train
P5_kakoi_0040_7d6839d99ff0,P5,kakoi,40,_kakoi/P5_kakoi (40).mov,_kakoi,128104,train
P5_kakoi_0005_7ce6202360de,P5,kakoi,5,_kakoi/P5_kakoi (5).mov,_kakoi,92039,train
P5_kakoi_0006_296eb140b6fc,P5,kakoi,6,_kakoi/P5_kakoi (6).mov,_kakoi,123820,train
P5_kakoi_0007_9545c04937cb,P5,kakoi,7,_kakoi/P5_kakoi (7).mov,_kakoi,200481,train
P5_kakoi_0008_feec651de8a7,P5,kakoi,8,_kakoi/P5_kakoi (8).mov,_kakoi,187121,train
P5_kakoi_0009_4bac29cf8eb5,P5,kakoi,9,_kakoi/P5_kakoi (9).mov,_kakoi,198949,train
P1_kakoiQ_0001_6f0a86e1cf9f,P1,kakoiQ,1,_kakoi_q/P1_kakoiQ (1).mov,_kakoi_q,123647,test
P1_kakoiQ_0010_f4b8956db9a8,P1,kakoiQ,10,_kakoi_q/P1_kakoiQ (10).mov,_kakoi_q,139387,test
P1_kakoiQ_0011_36ac26443148,P1,kakoiQ,11,_kakoi_q/P1_kakoiQ (11).mov,_kakoi_q,135843,test
P1_kakoiQ_0012_fe2aa7f895ff,P1,kakoiQ,12,_kakoi_q/P1_kakoiQ (12).mov,_kakoi_q,114492,test
P1_kakoiQ_0013_3df218cacf6c,P1,kakoiQ,13,_kakoi_q/P1_kakoiQ (13).mov,_kakoi_q,126698,test
P1_kakoiQ_0014_86f75ee9b3da,P1,kakoiQ,14,_kakoi_q/P1_kakoiQ (14).mov,_kakoi_q,130151,test
P1_kakoiQ_0015_25600c18a693,P1,kakoiQ,15,_kakoi_q/P1_kakoiQ (15).mov,_kakoi_q,142403,test
P1_kakoiQ_0016_8cec943a5123,P1,kakoiQ,16,_kakoi_q/P1_kakoiQ (16).mov,_kakoi_q,113257,test
P1_kakoiQ_0017_4e6bd10d7c3f,P1,kakoiQ,17,_kakoi_q/P1_kakoiQ (17).mov,_kakoi_q,115716,test
P1_kakoiQ_0018_657d6cf4c506,P1,kakoiQ,18,_kakoi_q/P1_kakoiQ (18).mov,_kakoi_q,100115,test
P1_kakoiQ_0019_213ed81cdd28,P1,kakoiQ,19,_kakoi_q/P1_kakoiQ (19).mov,_kakoi_q,122463,test
P1_kakoiQ_0002_936ec20f3062,P1,kakoiQ,2,_kakoi_q/P1_kakoiQ (2).mov,_kakoi_q,113639,test
P1_kakoiQ_0020_45a84e0fe4ae,P1,kakoiQ,20,_kakoi_q/P1_kakoiQ (20).mov,_kakoi_q,98982,test
P1_kakoiQ_0021_62b8c2991cfb,P1,kakoiQ,21,_kakoi_q/P1_kakoiQ (21).mov,_kakoi_q,139569,test
P1_kakoiQ_0022_0d249d9d659f,P1,kakoiQ,22,_kakoi_q/P1_kakoiQ (22).mov,_kakoi_q,151048,test
P1_kakoiQ_0023_77c0bba96f46,P1,kakoiQ,23,_kakoi_q/P1_kakoiQ (23).mov,_kakoi_q,125028,test
P1_kakoiQ_0024_d689001c7048,P1,kakoiQ,24,_kakoi_q/P1_kakoiQ (24).mov,_kakoi_q,135283,test
P1_kakoiQ_0025_9da8ad3c4d97,P1,kakoiQ,25,_kakoi_q/P1_kakoiQ (25).mov,_kakoi_q,138374,test
P1_kakoiQ_0026_ec147a81153f,P1,kakoiQ,26,_kakoi_q/P1_kakoiQ (26).mov,_kakoi_q,161239,test
P1_kakoiQ_0027_05046200bf3d,P1,kakoiQ,27,_kakoi_q/P1_kakoiQ (27).mov,_kakoi_q,154005,test
P1_kakoiQ_0028_864ad6348e61,P1,kakoiQ,28,_kakoi_q/P1_kakoiQ (28).mov,_kakoi_q,133315,test
P1_kakoiQ_0029_c55626d03ca0,P1,kakoiQ,29,_kakoi_q/P1_kakoiQ (29).mov,_kakoi_q,138716,test
P1_kakoiQ_0003_fd5067d2bcd9,P1,kakoiQ,3,_kakoi_q/P1_kakoiQ (3).mov,_kakoi_q,120945,test
P1_kakoiQ_0030_100d45b9855e,P1,kakoiQ,30,_kakoi_q/P1_kakoiQ (30).mov,_kakoi_q,132447,test
P1_kakoiQ_0031_1176e7d0c7ca,P1,kakoiQ,31,_kakoi_q/P1_kakoiQ (31).mov,_kakoi_q,122637,test
P1_kakoiQ_0032_360bcd8ddfb3,P1,kakoiQ,32,_kakoi_q/P1_kakoiQ (32).mov,_kakoi_q,115147,test
P1_kakoiQ_0033_25abf2c54766,P1,kakoiQ,33,_kakoi_q/P1_kakoiQ (33).mov,_kakoi_q,144380,test
P1_kakoiQ_0034_1568779c48c2,P1,kakoiQ,34,_kakoi_q/P1_kakoiQ (34).mov,_kakoi_q,159342,test
P1_kakoiQ_0035_9f11f3e96666,P1,kakoiQ,35,_kakoi_q/P1_kakoiQ (35).mov,_kakoi_q,124011,test
P1_kakoiQ_0036_0306c0338189,P1,kakoiQ,36,_kakoi_q/P1_kakoiQ (36).mov,_kakoi_q,131597,test
P1_kakoiQ_0037_6541ab9f2232,P1,kakoiQ,37,_kakoi_q/P1_kakoiQ (37).mov,_kakoi_q,133611,test
P1_kakoiQ_0038_09b627acb685,P1,kakoiQ,38,_kakoi_q/P1_kakoiQ (38).mov,_kakoi_q,127726,test
P1_kakoiQ_0039_85fb8e023213,P1,kakoiQ,39,_kakoi_q/P1_kakoiQ (39).mov,_kakoi_q,106478,test
P1_kakoiQ_0004_e95904a00165,P1,kakoiQ,4,_kakoi_q/P1_kakoiQ (4).mov,_kakoi_q,105344,test
P1_kakoiQ_0040_668a2e69e66b,P1,kakoiQ,40,_kakoi_q/P1_kakoiQ (40).mov,_kakoi_q,106433,test
P1_kakoiQ_0005_2e4a9264acb2,P1,kakoiQ,5,_kakoi_q/P1_kakoiQ (5).mov,_kakoi_q,84341,test
P1_kakoiQ_0006_a35ca8162ba9,P1,kakoiQ,6,_kakoi_q/P1_kakoiQ (6).mov,_kakoi_q,139992,test
P1_kakoiQ_0007_809b8bf8eac9,P1,kakoiQ,7,_kakoi_q/P1_kakoiQ (7).mov,_kakoi_q,123275,test
P1_kakoiQ_0008_cf8c5367a145,P1,kakoiQ,8,_kakoi_q/P1_kakoiQ (8).mov,_kakoi_q,147753,test
P1_kakoiQ_0009_496bcdce9600,P1,kakoiQ,9,_kakoi_q/P1_kakoiQ (9).mov,_kakoi_q,138695,test
P2_kakoiQ_0001_7849c5ea8370,P2,kakoiQ,1,_kakoi_q/P2_kakoiQ (1).mov,_kakoi_q,166418,validation
P2_kakoiQ_0010_6174ee0256df,P2,kakoiQ,10,_kakoi_q/P2_kakoiQ (10).mov,_kakoi_q,111116,validation
P2_kakoiQ_0011_ea6df143507d,P2,kakoiQ,11,_kakoi_q/P2_kakoiQ (11).mov,_kakoi_q,128696,validation
P2_kakoiQ_0012_10c191a27ffb,P2,kakoiQ,12,_kakoi_q/P2_kakoiQ (12).mov,_kakoi_q,96865,validation
P2_kakoiQ_0013_7f2cf3a560e3,P2,kakoiQ,13,_kakoi_q/P2_kakoiQ (13).mov,_kakoi_q,65246,validation
P2_kakoiQ_0014_d4d0f41b4372,P2,kakoiQ,14,_kakoi_q/P2_kakoiQ (14).mov,_kakoi_q,82829,validation
P2_kakoiQ_0015_6e6aa5ade4d7,P2,kakoiQ,15,_kakoi_q/P2_kakoiQ (15).mov,_kakoi_q,74022,validation
P2_kakoiQ_0016_adfcbefe52a1,P2,kakoiQ,16,_kakoi_q/P2_kakoiQ (16).mov,_kakoi_q,75237,validation
P2_kakoiQ_0017_363ca39fa621,P2,kakoiQ,17,_kakoi_q/P2_kakoiQ (17).mov,_kakoi_q,75963,validation
P2_kakoiQ_0018_307014a9f4bc,P2,kakoiQ,18,_kakoi_q/P2_kakoiQ (18).mov,_kakoi_q,105456,validation
P2_kakoiQ_0019_119b71478c38,P2,kakoiQ,19,_kakoi_q/P2_kakoiQ (19).mov,_kakoi_q,80081,validation
P2_kakoiQ_0002_f3c912178d5d,P2,kakoiQ,2,_kakoi_q/P2_kakoiQ (2).mov,_kakoi_q,117744,validation
P2_kakoiQ_0020_0a698437ddf4,P2,kakoiQ,20,_kakoi_q/P2_kakoiQ (20).mov,_kakoi_q,103332,validation
P2_kakoiQ_0021_6ad5039d888a,P2,kakoiQ,21,_kakoi_q/P2_kakoiQ (21).mov,_kakoi_q,94439,validation
P2_kakoiQ_0022_3a82f2aecd70,P2,kakoiQ,22,_kakoi_q/P2_kakoiQ (22).mov,_kakoi_q,80643,validation
P2_kakoiQ_0023_0aaa7437fe9f,P2,kakoiQ,23,_kakoi_q/P2_kakoiQ (23).mov,_kakoi_q,88695,validation
P2_kakoiQ_0024_b609343e2045,P2,kakoiQ,24,_kakoi_q/P2_kakoiQ (24).mov,_kakoi_q,92187,validation
P2_kakoiQ_0025_6ab260809f2f,P2,kakoiQ,25,_kakoi_q/P2_kakoiQ (25).mov,_kakoi_q,88315,validation
P2_kakoiQ_0026_8cb9e9ea874e,P2,kakoiQ,26,_kakoi_q/P2_kakoiQ (26).mov,_kakoi_q,65919,validation
P2_kakoiQ_0027_6a11fd9755c6,P2,kakoiQ,27,_kakoi_q/P2_kakoiQ (27).mov,_kakoi_q,86035,validation
P2_kakoiQ_0028_1429602741d6,P2,kakoiQ,28,_kakoi_q/P2_kakoiQ (28).mov,_kakoi_q,107639,validation
P2_kakoiQ_0029_540469c2231e,P2,kakoiQ,29,_kakoi_q/P2_kakoiQ (29).mov,_kakoi_q,117664,validation
P2_kakoiQ_0003_a5a0e51fc2d1,P2,kakoiQ,3,_kakoi_q/P2_kakoiQ (3).mov,_kakoi_q,109975,validation
P2_kakoiQ_0030_1ad17095acd4,P2,kakoiQ,30,_kakoi_q/P2_kakoiQ (30).mov,_kakoi_q,217213,validation
P2_kakoiQ_0031_f79cd911cd94,P2,kakoiQ,31,_kakoi_q/P2_kakoiQ (31).mov,_kakoi_q,119088,validation
P2_kakoiQ_0032_de1b1ea4bc29,P2,kakoiQ,32,_kakoi_q/P2_kakoiQ (32).mov,_kakoi_q,118627,validation
P2_kakoiQ_0033_2b1417344f75,P2,kakoiQ,33,_kakoi_q/P2_kakoiQ (33).mov,_kakoi_q,98133,validation
P2_kakoiQ_0034_8466862903cf,P2,kakoiQ,34,_kakoi_q/P2_kakoiQ (34).mov,_kakoi_q,109998,validation
P2_kakoiQ_0035_702ef809b200,P2,kakoiQ,35,_kakoi_q/P2_kakoiQ (35).mov,_kakoi_q,124354,validation
P2_kakoiQ_0036_665cdc1c7753,P2,kakoiQ,36,_kakoi_q/P2_kakoiQ (36).mov,_kakoi_q,171612,validation
P2_kakoiQ_0037_6cb173e79ed1,P2,kakoiQ,37,_kakoi_q/P2_kakoiQ (37).mov,_kakoi_q,96688,validation
P2_kakoiQ_0038_14e29c593f10,P2,kakoiQ,38,_kakoi_q/P2_kakoiQ (38).mov,_kakoi_q,103209,validation
P2_kakoiQ_0039_97bb507a347d,P2,kakoiQ,39,_kakoi_q/P2_kakoiQ (39).mov,_kakoi_q,79858,validation
P2_kakoiQ_0004_6e92720682fb,P2,kakoiQ,4,_kakoi_q/P2_kakoiQ (4).mov,_kakoi_q,132632,validation
P2_kakoiQ_0040_f0cc2b510418,P2,kakoiQ,40,_kakoi_q/P2_kakoiQ (40).mov,_kakoi_q,135020,validation
P2_kakoiQ_0005_6009c7b84239,P2,kakoiQ,5,_kakoi_q/P2_kakoiQ (5).mov,_kakoi_q,102209,validation
P2_kakoiQ_0006_083b6b5533ef,P2,kakoiQ,6,_kakoi_q/P2_kakoiQ (6).mov,_kakoi_q,118551,validation
P2_kakoiQ_0007_219bbb0df7cb,P2,kakoiQ,7,_kakoi_q/P2_kakoiQ (7).mov,_kakoi_q,130757,validation
P2_kakoiQ_0008_fbc21911de70,P2,kakoiQ,8,_kakoi_q/P2_kakoiQ (8).mov,_kakoi_q,120114,validation
P2_kakoiQ_0009_d781a55065ae,P2,kakoiQ,9,_kakoi_q/P2_kakoiQ (9).mov,_kakoi_q,116065,validation
P3_kakoiQ_0001_0d4d1b0bc1e7,P3,kakoiQ,1,_kakoi_q/P3_kakoiQ (1).mov,_kakoi_q,124363,train
P3_kakoiQ_0010_e617fd1e8c01,P3,kakoiQ,10,_kakoi_q/P3_kakoiQ (10).mov,_kakoi_q,94002,train
P3_kakoiQ_0100_df256fa5f3eb,P3,kakoiQ,100,_kakoi_q/P3_kakoiQ (100).mov,_kakoi_q,89800,train
P3_kakoiQ_0101_6e0e81c55b31,P3,kakoiQ,101,_kakoi_q/P3_kakoiQ (101).mov,_kakoi_q,95264,train
P3_kakoiQ_0011_22de80d17605,P3,kakoiQ,11,_kakoi_q/P3_kakoiQ (11).mov,_kakoi_q,108811,train
P3_kakoiQ_0012_c6d8ecb4a58f,P3,kakoiQ,12,_kakoi_q/P3_kakoiQ (12).mov,_kakoi_q,117776,train
P3_kakoiQ_0013_351689e9c806,P3,kakoiQ,13,_kakoi_q/P3_kakoiQ (13).mov,_kakoi_q,82595,train
P3_kakoiQ_0014_7dc4cf14bbcd,P3,kakoiQ,14,_kakoi_q/P3_kakoiQ (14).mov,_kakoi_q,86278,train
P3_kakoiQ_0015_56e4a59fcb35,P3,kakoiQ,15,_kakoi_q/P3_kakoiQ (15).mov,_kakoi_q,93998,train
P3_kakoiQ_0016_db4d11e9e33b,P3,kakoiQ,16,_kakoi_q/P3_kakoiQ (16).mov,_kakoi_q,107580,train
P3_kakoiQ_0017_5e2259accd9e,P3,kakoiQ,17,_kakoi_q/P3_kakoiQ (17).mov,_kakoi_q,112960,train
P3_kakoiQ_0018_c32312058c95,P3,kakoiQ,18,_kakoi_q/P3_kakoiQ (18).mov,_kakoi_q,111687,train
P3_kakoiQ_0019_8df029afbb3b,P3,kakoiQ,19,_kakoi_q/P3_kakoiQ (19).mov,_kakoi_q,108397,train
P3_kakoiQ_0002_8036c5eda0c7,P3,kakoiQ,2,_kakoi_q/P3_kakoiQ (2).mov,_kakoi_q,81727,train
P3_kakoiQ_0020_2988297ce5ec,P3,kakoiQ,20,_kakoi_q/P3_kakoiQ (20).mov,_kakoi_q,138256,train
P3_kakoiQ_0021_0f0b2271dd64,P3,kakoiQ,21,_kakoi_q/P3_kakoiQ (21).mov,_kakoi_q,108811,train
P3_kakoiQ_0023_29d9ed276f93,P3,kakoiQ,23,_kakoi_q/P3_kakoiQ (23).mov,_kakoi_q,89769,train
P3_kakoiQ_0024_88e18c8bfdb0,P3,kakoiQ,24,_kakoi_q/P3_kakoiQ (24).mov,_kakoi_q,89769,train
P3_kakoiQ_0025_e4e634489e7d,P3,kakoiQ,25,_kakoi_q/P3_kakoiQ (25).mov,_kakoi_q,102609,train
P3_kakoiQ_0026_607a6816c408,P3,kakoiQ,26,_kakoi_q/P3_kakoiQ (26).mov,_kakoi_q,89317,train
P3_kakoiQ_0027_487ba432a97e,P3,kakoiQ,27,_kakoi_q/P3_kakoiQ (27).mov,_kakoi_q,93084,train
P3_kakoiQ_0028_8db91fccc533,P3,kakoiQ,28,_kakoi_q/P3_kakoiQ (28).mov,_kakoi_q,111994,train
P3_kakoiQ_0029_4209c4a91276,P3,kakoiQ,29,_kakoi_q/P3_kakoiQ (29).mov,_kakoi_q,107560,train
P3_kakoiQ_0003_a978cb5dcb6e,P3,kakoiQ,3,_kakoi_q/P3_kakoiQ (3).mov,_kakoi_q,92626,train
P3_kakoiQ_0030_243a850b2f11,P3,kakoiQ,30,_kakoi_q/P3_kakoiQ (30).mov,_kakoi_q,108219,train
P3_kakoiQ_0031_64f12ace19b8,P3,kakoiQ,31,_kakoi_q/P3_kakoiQ (31).mov,_kakoi_q,100904,train
P3_kakoiQ_0032_0a385009b69f,P3,kakoiQ,32,_kakoi_q/P3_kakoiQ (32).mov,_kakoi_q,104552,train
P3_kakoiQ_0033_fda56857118f,P3,kakoiQ,33,_kakoi_q/P3_kakoiQ (33).mov,_kakoi_q,106899,train
P3_kakoiQ_0034_8b8018d91856,P3,kakoiQ,34,_kakoi_q/P3_kakoiQ (34).mov,_kakoi_q,97904,train
P3_kakoiQ_0035_7d98300428f1,P3,kakoiQ,35,_kakoi_q/P3_kakoiQ (35).mov,_kakoi_q,86517,train
P3_kakoiQ_0036_8cd23e82c7f2,P3,kakoiQ,36,_kakoi_q/P3_kakoiQ (36).mov,_kakoi_q,95373,train
P3_kakoiQ_0037_95667b3eac4b,P3,kakoiQ,37,_kakoi_q/P3_kakoiQ (37).mov,_kakoi_q,95587,train
P3_kakoiQ_0038_1e3ec3f1c6aa,P3,kakoiQ,38,_kakoi_q/P3_kakoiQ (38).mov,_kakoi_q,104514,train
P3_kakoiQ_0039_652f77bedce2,P3,kakoiQ,39,_kakoi_q/P3_kakoiQ (39).mov,_kakoi_q,102073,train
P3_kakoiQ_0004_1eacd2c894ee,P3,kakoiQ,4,_kakoi_q/P3_kakoiQ (4).mov,_kakoi_q,94309,train
P3_kakoiQ_0040_dae2da134503,P3,kakoiQ,40,_kakoi_q/P3_kakoiQ (40).mov,_kakoi_q,101192,train
P3_kakoiQ_0041_153c0294790a,P3,kakoiQ,41,_kakoi_q/P3_kakoiQ (41).mov,_kakoi_q,92921,train
P3_kakoiQ_0042_328c67846817,P3,kakoiQ,42,_kakoi_q/P3_kakoiQ (42).mov,_kakoi_q,105874,train
P3_kakoiQ_0043_47627fa6022d,P3,kakoiQ,43,_kakoi_q/P3_kakoiQ (43).mov,_kakoi_q,103336,train
P3_kakoiQ_0044_f28d1a323df4,P3,kakoiQ,44,_kakoi_q/P3_kakoiQ (44).mov,_kakoi_q,82541,train
P3_kakoiQ_0045_97c5baf5afbb,P3,kakoiQ,45,_kakoi_q/P3_kakoiQ (45).mov,_kakoi_q,92294,train
P3_kakoiQ_0046_2d9e3f828d75,P3,kakoiQ,46,_kakoi_q/P3_kakoiQ (46).mov,_kakoi_q,99889,train
P3_kakoiQ_0047_d48cbfbd1575,P3,kakoiQ,47,_kakoi_q/P3_kakoiQ (47).mov,_kakoi_q,91166,train
P3_kakoiQ_0048_c3d357d87030,P3,kakoiQ,48,_kakoi_q/P3_kakoiQ (48).mov,_kakoi_q,91142,train
P3_kakoiQ_0049_5be2d3749a14,P3,kakoiQ,49,_kakoi_q/P3_kakoiQ (49).mov,_kakoi_q,120811,train
P3_kakoiQ_0005_353feec512c3,P3,kakoiQ,5,_kakoi_q/P3_kakoiQ (5).mov,_kakoi_q,82973,train
P3_kakoiQ_0050_d40ade2323e3,P3,kakoiQ,50,_kakoi_q/P3_kakoiQ (50).mov,_kakoi_q,105081,train
P3_kakoiQ_0051_93fa833b3650,P3,kakoiQ,51,_kakoi_q/P3_kakoiQ (51).mov,_kakoi_q,92009,train
P3_kakoiQ_0052_88d1acc6e515,P3,kakoiQ,52,_kakoi_q/P3_kakoiQ (52).mov,_kakoi_q,102015,train
P3_kakoiQ_0053_a439dd045389,P3,kakoiQ,53,_kakoi_q/P3_kakoiQ (53).mov,_kakoi_q,101921,train
P3_kakoiQ_0054_5dab3de2532d,P3,kakoiQ,54,_kakoi_q/P3_kakoiQ (54).mov,_kakoi_q,103238,train
P3_kakoiQ_0055_2d164aa89756,P3,kakoiQ,55,_kakoi_q/P3_kakoiQ (55).mov,_kakoi_q,115286,train
P3_kakoiQ_0056_3460185b0c9d,P3,kakoiQ,56,_kakoi_q/P3_kakoiQ (56).mov,_kakoi_q,97243,train
P3_kakoiQ_0057_6aa422e16033,P3,kakoiQ,57,_kakoi_q/P3_kakoiQ (57).mov,_kakoi_q,91774,train
P3_kakoiQ_0058_4a9c9f6d033b,P3,kakoiQ,58,_kakoi_q/P3_kakoiQ (58).mov,_kakoi_q,102253,train
P3_kakoiQ_0059_fbd4ac70fa77,P3,kakoiQ,59,_kakoi_q/P3_kakoiQ (59).mov,_kakoi_q,86706,train
P3_kakoiQ_0006_195ac62064a1,P3,kakoiQ,6,_kakoi_q/P3_kakoiQ (6).mov,_kakoi_q,92860,train
P3_kakoiQ_0060_71c23023d29c,P3,kakoiQ,60,_kakoi_q/P3_kakoiQ (60).mov,_kakoi_q,88304,train
P3_kakoiQ_0061_4509ffaf2f1b,P3,kakoiQ,61,_kakoi_q/P3_kakoiQ (61).mov,_kakoi_q,90451,train
P3_kakoiQ_0062_15c047fba561,P3,kakoiQ,62,_kakoi_q/P3_kakoiQ (62).mov,_kakoi_q,96283,train
P3_kakoiQ_0063_60427cb81810,P3,kakoiQ,63,_kakoi_q/P3_kakoiQ (63).mov,_kakoi_q,95207,train
P3_kakoiQ_0064_3d6c22895e8b,P3,kakoiQ,64,_kakoi_q/P3_kakoiQ (64).mov,_kakoi_q,90721,train
P3_kakoiQ_0065_2ab2072d97b9,P3,kakoiQ,65,_kakoi_q/P3_kakoiQ (65).mov,_kakoi_q,84642,train
P3_kakoiQ_0066_5bf10f93846a,P3,kakoiQ,66,_kakoi_q/P3_kakoiQ (66).mov,_kakoi_q,94436,train
P3_kakoiQ_0067_19ad2ab47ec8,P3,kakoiQ,67,_kakoi_q/P3_kakoiQ (67).mov,_kakoi_q,93849,train
P3_kakoiQ_0068_0353ab3c0918,P3,kakoiQ,68,_kakoi_q/P3_kakoiQ (68).mov,_kakoi_q,100535,train
P3_kakoiQ_0069_e8686108e6ad,P3,kakoiQ,69,_kakoi_q/P3_kakoiQ (69).mov,_kakoi_q,99919,train
P3_kakoiQ_0007_699441cd0f4a,P3,kakoiQ,7,_kakoi_q/P3_kakoiQ (7).mov,_kakoi_q,83957,train
P3_kakoiQ_0070_dee3e0d1be19,P3,kakoiQ,70,_kakoi_q/P3_kakoiQ (70).mov,_kakoi_q,101162,train
P3_kakoiQ_0071_2d1db171f194,P3,kakoiQ,71,_kakoi_q/P3_kakoiQ (71).mov,_kakoi_q,109306,train
P3_kakoiQ_0072_8bb23ae5e322,P3,kakoiQ,72,_kakoi_q/P3_kakoiQ (72).mov,_kakoi_q,105779,train
P3_kakoiQ_0073_8fe35669db5b,P3,kakoiQ,73,_kakoi_q/P3_kakoiQ (73).mov,_kakoi_q,108579,train
P3_kakoiQ_0074_7a38d435cd55,P3,kakoiQ,74,_kakoi_q/P3_kakoiQ (74).mov,_kakoi_q,122496,train
P3_kakoiQ_0075_4ede113e5762,P3,kakoiQ,75,_kakoi_q/P3_kakoiQ (75).mov,_kakoi_q,111997,train
P3_kakoiQ_0076_da98fe88170f,P3,kakoiQ,76,_kakoi_q/P3_kakoiQ (76).mov,_kakoi_q,100261,train
P3_kakoiQ_0077_f2d35b935a49,P3,kakoiQ,77,_kakoi_q/P3_kakoiQ (77).mov,_kakoi_q,81762,train
P3_kakoiQ_0078_988234a662fe,P3,kakoiQ,78,_kakoi_q/P3_kakoiQ (78).mov,_kakoi_q,104259,train
P3_kakoiQ_0079_1ffe57ef8c7e,P3,kakoiQ,79,_kakoi_q/P3_kakoiQ (79).mov,_kakoi_q,99492,train
P3_kakoiQ_0008_746d9026d4de,P3,kakoiQ,8,_kakoi_q/P3_kakoiQ (8).mov,_kakoi_q,114368,train
P3_kakoiQ_0080_21a094b786cc,P3,kakoiQ,80,_kakoi_q/P3_kakoiQ (80).mov,_kakoi_q,86820,train
P3_kakoiQ_0081_cbc6b6031abe,P3,kakoiQ,81,_kakoi_q/P3_kakoiQ (81).mov,_kakoi_q,82764,train
P3_kakoiQ_0082_fa8048b82a73,P3,kakoiQ,82,_kakoi_q/P3_kakoiQ (82).mov,_kakoi_q,90184,train
P3_kakoiQ_0083_03c91b33ae4a,P3,kakoiQ,83,_kakoi_q/P3_kakoiQ (83).mov,_kakoi_q,119047,train
P3_kakoiQ_0084_095711aacac2,P3,kakoiQ,84,_kakoi_q/P3_kakoiQ (84).mov,_kakoi_q,137273,train
P3_kakoiQ_0085_65d235fdedbc,P3,kakoiQ,85,_kakoi_q/P3_kakoiQ (85).mov,_kakoi_q,91932,train
P3_kakoiQ_0086_0179d244eb6c,P3,kakoiQ,86,_kakoi_q/P3_kakoiQ (86).mov,_kakoi_q,100284,train
P3_kakoiQ_0087_1a0078ef7cf3,P3,kakoiQ,87,_kakoi_q/P3_kakoiQ (87).mov,_kakoi_q,114622,train
P3_kakoiQ_0088_e7fd45cd8f97,P3,kakoiQ,88,_kakoi_q/P3_kakoiQ (88).mov,_kakoi_q,94874,train
P3_kakoiQ_0089_bc9ee77b880b,P3,kakoiQ,89,_kakoi_q/P3_kakoiQ (89).mov,_kakoi_q,62817,train
P3_kakoiQ_0009_b4364331dd63,P3,kakoiQ,9,_kakoi_q/P3_kakoiQ (9).mov,_kakoi_q,86126,train
P3_kakoiQ_0090_89631dfcd57e,P3,kakoiQ,90,_kakoi_q/P3_kakoiQ (90).mov,_kakoi_q,100831,train
P3_kakoiQ_0091_bca7ee8705e9,P3,kakoiQ,91,_kakoi_q/P3_kakoiQ (91).mov,_kakoi_q,90821,train
P3_kakoiQ_0092_660526605b00,P3,kakoiQ,92,_kakoi_q/P3_kakoiQ (92).mov,_kakoi_q,106269,train
P3_kakoiQ_0093_ec098572e812,P3,kakoiQ,93,_kakoi_q/P3_kakoiQ (93).mov,_kakoi_q,105915,train
P3_kakoiQ_0094_8ebb0a22cd0c,P3,kakoiQ,94,_kakoi_q/P3_kakoiQ (94).mov,_kakoi_q,123878,train
P3_kakoiQ_0095_3c878b3e461b,P3,kakoiQ,95,_kakoi_q/P3_kakoiQ (95).mov,_kakoi_q,109190,train
P3_kakoiQ_0096_9c3f8924f52c,P3,kakoiQ,96,_kakoi_q/P3_kakoiQ (96).mov,_kakoi_q,119175,train
P3_kakoiQ_0097_1ab124fec868,P3,kakoiQ,97,_kakoi_q/P3_kakoiQ (97).mov,_kakoi_q,117911,train
P3_kakoiQ_0098_baceafb9962d,P3,kakoiQ,98,_kakoi_q/P3_kakoiQ (98).mov,_kakoi_q,104127,train
P3_kakoiQ_0099_0762f3d56b46,P3,kakoiQ,99,_kakoi_q/P3_kakoiQ (99).mov,_kakoi_q,90753,train
P4_kakoiQ_0001_20a246ebdc78,P4,kakoiQ,1,_kakoi_q/P4_kakoiQ (1).mov,_kakoi_q,270305,train
P4_kakoiQ_0010_762fcbff7b95,P4,kakoiQ,10,_kakoi_q/P4_kakoiQ (10).mov,_kakoi_q,317214,train
P4_kakoiQ_0011_114fe91d8dea,P4,kakoiQ,11,_kakoi_q/P4_kakoiQ (11).mov,_kakoi_q,267276,train
P4_kakoiQ_0012_ac979cd5c197,P4,kakoiQ,12,_kakoi_q/P4_kakoiQ (12).mov,_kakoi_q,317214,train
P4_kakoiQ_0013_2ff3d090ce1c,P4,kakoiQ,13,_kakoi_q/P4_kakoiQ (13).mov,_kakoi_q,332780,train
P4_kakoiQ_0014_4031f067b881,P4,kakoiQ,14,_kakoi_q/P4_kakoiQ (14).mov,_kakoi_q,317214,train
P4_kakoiQ_0015_9e173b2b41f7,P4,kakoiQ,15,_kakoi_q/P4_kakoiQ (15).mov,_kakoi_q,267276,train
P4_kakoiQ_0016_47e65d4e494a,P4,kakoiQ,16,_kakoi_q/P4_kakoiQ (16).mov,_kakoi_q,305154,train
P4_kakoiQ_0017_b34ae334e6b1,P4,kakoiQ,17,_kakoi_q/P4_kakoiQ (17).mov,_kakoi_q,358063,train
P4_kakoiQ_0018_54d6d9fa2d30,P4,kakoiQ,18,_kakoi_q/P4_kakoiQ (18).mov,_kakoi_q,257974,train
P4_kakoiQ_0019_ae4964b9a4a1,P4,kakoiQ,19,_kakoi_q/P4_kakoiQ (19).mov,_kakoi_q,409315,train
P4_kakoiQ_0002_23faba136ef8,P4,kakoiQ,2,_kakoi_q/P4_kakoiQ (2).mov,_kakoi_q,371224,train
P4_kakoiQ_0020_fccfc37a1144,P4,kakoiQ,20,_kakoi_q/P4_kakoiQ (20).mov,_kakoi_q,267432,train
P4_kakoiQ_0021_942d253bc04a,P4,kakoiQ,21,_kakoi_q/P4_kakoiQ (21).mov,_kakoi_q,244809,train
P4_kakoiQ_0022_1996d51abe5b,P4,kakoiQ,22,_kakoi_q/P4_kakoiQ (22).mov,_kakoi_q,308826,train
P4_kakoiQ_0023_9839d176c63a,P4,kakoiQ,23,_kakoi_q/P4_kakoiQ (23).mov,_kakoi_q,269146,train
P4_kakoiQ_0024_adc5306b0c62,P4,kakoiQ,24,_kakoi_q/P4_kakoiQ (24).mov,_kakoi_q,242472,train
P4_kakoiQ_0025_85fb8da28228,P4,kakoiQ,25,_kakoi_q/P4_kakoiQ (25).mov,_kakoi_q,267806,train
P4_kakoiQ_0026_1abf918dfdd8,P4,kakoiQ,26,_kakoi_q/P4_kakoiQ (26).mov,_kakoi_q,228163,train
P4_kakoiQ_0027_891f8270f41d,P4,kakoiQ,27,_kakoi_q/P4_kakoiQ (27).mov,_kakoi_q,266907,train
P4_kakoiQ_0028_807dd6941bc6,P4,kakoiQ,28,_kakoi_q/P4_kakoiQ (28).mov,_kakoi_q,242332,train
P4_kakoiQ_0029_6eaa54b889cc,P4,kakoiQ,29,_kakoi_q/P4_kakoiQ (29).mov,_kakoi_q,276215,train
P4_kakoiQ_0003_e19a4cb42b43,P4,kakoiQ,3,_kakoi_q/P4_kakoiQ (3).mov,_kakoi_q,244809,train
P4_kakoiQ_0030_1bf9a0e1796a,P4,kakoiQ,30,_kakoi_q/P4_kakoiQ (30).mov,_kakoi_q,395392,train
P4_kakoiQ_0031_1d90836b1503,P4,kakoiQ,31,_kakoi_q/P4_kakoiQ (31).mov,_kakoi_q,190492,train
P4_kakoiQ_0032_d8b37bc471de,P4,kakoiQ,32,_kakoi_q/P4_kakoiQ (32).mov,_kakoi_q,226253,train
P4_kakoiQ_0033_e37d527f0bde,P4,kakoiQ,33,_kakoi_q/P4_kakoiQ (33).mov,_kakoi_q,225917,train
P4_kakoiQ_0034_2c5b8d71eebd,P4,kakoiQ,34,_kakoi_q/P4_kakoiQ (34).mov,_kakoi_q,201934,train
P4_kakoiQ_0035_ff0d7c0d711a,P4,kakoiQ,35,_kakoi_q/P4_kakoiQ (35).mov,_kakoi_q,228017,train
P4_kakoiQ_0036_30b67060c3dd,P4,kakoiQ,36,_kakoi_q/P4_kakoiQ (36).mov,_kakoi_q,191544,train
P4_kakoiQ_0037_94e148c11ca3,P4,kakoiQ,37,_kakoi_q/P4_kakoiQ (37).mov,_kakoi_q,174908,train
P4_kakoiQ_0038_52bfc556435c,P4,kakoiQ,38,_kakoi_q/P4_kakoiQ (38).mov,_kakoi_q,293088,train
P4_kakoiQ_0039_5e06f9e2b69a,P4,kakoiQ,39,_kakoi_q/P4_kakoiQ (39).mov,_kakoi_q,228427,train
P4_kakoiQ_0004_fee4c4908a22,P4,kakoiQ,4,_kakoi_q/P4_kakoiQ (4).mov,_kakoi_q,267432,train
P4_kakoiQ_0040_2836287d0a05,P4,kakoiQ,40,_kakoi_q/P4_kakoiQ (40).mov,_kakoi_q,231626,train
P4_kakoiQ_0005_ed654b89de17,P4,kakoiQ,5,_kakoi_q/P4_kakoiQ (5).mov,_kakoi_q,409315,train
P4_kakoiQ_0006_6ef33151b56d,P4,kakoiQ,6,_kakoi_q/P4_kakoiQ (6).mov,_kakoi_q,257974,train
P4_kakoiQ_0007_9ebd1a88c8f4,P4,kakoiQ,7,_kakoi_q/P4_kakoiQ (7).mov,_kakoi_q,358063,train
P4_kakoiQ_0008_179742e24803,P4,kakoiQ,8,_kakoi_q/P4_kakoiQ (8).mov,_kakoi_q,305154,train
P4_kakoiQ_0009_abf4f55d7be1,P4,kakoiQ,9,_kakoi_q/P4_kakoiQ (9).mov,_kakoi_q,267276,train
P5_kakoiQ_0001_7191e8ff6959,P5,kakoiQ,1,_kakoi_q/P5_kakoiQ (1).mov,_kakoi_q,142789,train
P5_kakoiQ_0010_0c556dc20e4d,P5,kakoiQ,10,_kakoi_q/P5_kakoiQ (10).mov,_kakoi_q,74415,train
P5_kakoiQ_0011_2e663b993c57,P5,kakoiQ,11,_kakoi_q/P5_kakoiQ (11).mov,_kakoi_q,128613,train
P5_kakoiQ_0012_7e40a27dda06,P5,kakoiQ,12,_kakoi_q/P5_kakoiQ (12).mov,_kakoi_q,97107,train
P5_kakoiQ_0013_bbfabcf8a5e5,P5,kakoiQ,13,_kakoi_q/P5_kakoiQ (13).mov,_kakoi_q,124342,train
P5_kakoiQ_0014_70b9215c46b7,P5,kakoiQ,14,_kakoi_q/P5_kakoiQ (14).mov,_kakoi_q,142789,train
P5_kakoiQ_0015_7108eeafdac8,P5,kakoiQ,15,_kakoi_q/P5_kakoiQ (15).mov,_kakoi_q,128821,train
P5_kakoiQ_0016_8bd4e3fe6be0,P5,kakoiQ,16,_kakoi_q/P5_kakoiQ (16).mov,_kakoi_q,212584,train
P5_kakoiQ_0017_9571a7ff12b5,P5,kakoiQ,17,_kakoi_q/P5_kakoiQ (17).mov,_kakoi_q,109664,train
P5_kakoiQ_0018_c79cabadd455,P5,kakoiQ,18,_kakoi_q/P5_kakoiQ (18).mov,_kakoi_q,140748,train
P5_kakoiQ_0019_50db88763885,P5,kakoiQ,19,_kakoi_q/P5_kakoiQ (19).mov,_kakoi_q,153264,train
P5_kakoiQ_0002_e1566b5b76eb,P5,kakoiQ,2,_kakoi_q/P5_kakoiQ (2).mov,_kakoi_q,134729,train
P5_kakoiQ_0020_0611b8587dd7,P5,kakoiQ,20,_kakoi_q/P5_kakoiQ (20).mov,_kakoi_q,153160,train
P5_kakoiQ_0021_04f70f640623,P5,kakoiQ,21,_kakoi_q/P5_kakoiQ (21).mov,_kakoi_q,122969,train
P5_kakoiQ_0022_2e39ba194920,P5,kakoiQ,22,_kakoi_q/P5_kakoiQ (22).mov,_kakoi_q,118151,train
P5_kakoiQ_0023_3713ab94be04,P5,kakoiQ,23,_kakoi_q/P5_kakoiQ (23).mov,_kakoi_q,147621,train
P5_kakoiQ_0024_ba41c84dd014,P5,kakoiQ,24,_kakoi_q/P5_kakoiQ (24).mov,_kakoi_q,186553,train
P5_kakoiQ_0025_30f4fc73c3f5,P5,kakoiQ,25,_kakoi_q/P5_kakoiQ (25).mov,_kakoi_q,131875,train
P5_kakoiQ_0026_cae61d382387,P5,kakoiQ,26,_kakoi_q/P5_kakoiQ (26).mov,_kakoi_q,132965,train
P5_kakoiQ_0027_6ead49a252e5,P5,kakoiQ,27,_kakoi_q/P5_kakoiQ (27).mov,_kakoi_q,132980,train
P5_kakoiQ_0028_ac833205e0ec,P5,kakoiQ,28,_kakoi_q/P5_kakoiQ (28).mov,_kakoi_q,135801,train
P5_kakoiQ_0029_b7375f2f610d,P5,kakoiQ,29,_kakoi_q/P5_kakoiQ (29).mov,_kakoi_q,145274,train
P5_kakoiQ_0003_f6e30af09c3c,P5,kakoiQ,3,_kakoi_q/P5_kakoiQ (3).mov,_kakoi_q,200116,train
P5_kakoiQ_0030_e7628489ef7d,P5,kakoiQ,30,_kakoi_q/P5_kakoiQ (30).mov,_kakoi_q,131329,train
P5_kakoiQ_0031_8d1360f75408,P5,kakoiQ,31,_kakoi_q/P5_kakoiQ (31).mov,_kakoi_q,115038,train
P5_kakoiQ_0032_bf1b6e6ab9f5,P5,kakoiQ,32,_kakoi_q/P5_kakoiQ (32).mov,_kakoi_q,170835,train
P5_kakoiQ_0033_5c97f1a8c21a,P5,kakoiQ,33,_kakoi_q/P5_kakoiQ (33).mov,_kakoi_q,169621,train
P5_kakoiQ_0034_58d5e29e9d8b,P5,kakoiQ,34,_kakoi_q/P5_kakoiQ (34).mov,_kakoi_q,174630,train
P5_kakoiQ_0035_e6ae8b365d1e,P5,kakoiQ,35,_kakoi_q/P5_kakoiQ (35).mov,_kakoi_q,158959,train
P5_kakoiQ_0036_33050a8e755c,P5,kakoiQ,36,_kakoi_q/P5_kakoiQ (36).mov,_kakoi_q,169911,train
P5_kakoiQ_0037_abd52bcd75ac,P5,kakoiQ,37,_kakoi_q/P5_kakoiQ (37).mov,_kakoi_q,192554,train
P5_kakoiQ_0038_1db13cb8f331,P5,kakoiQ,38,_kakoi_q/P5_kakoiQ (38).mov,_kakoi_q,192914,train
P5_kakoiQ_0039_947003f315ac,P5,kakoiQ,39,_kakoi_q/P5_kakoiQ (39).mov,_kakoi_q,131224,train
P5_kakoiQ_0004_a553e5409b44,P5,kakoiQ,4,_kakoi_q/P5_kakoiQ (4).mov,_kakoi_q,219609,train
P5_kakoiQ_0040_2675f653771d,P5,kakoiQ,40,_kakoi_q/P5_kakoiQ (40).mov,_kakoi_q,124342,train
P5_kakoiQ_0005_b54c8ef967fe,P5,kakoiQ,5,_kakoi_q/P5_kakoiQ (5).mov,_kakoi_q,243106,train
P5_kakoiQ_0006_aa63aaa7e685,P5,kakoiQ,6,_kakoi_q/P5_kakoiQ (6).mov,_kakoi_q,209891,train
P5_kakoiQ_0007_c20a2bba9a63,P5,kakoiQ,7,_kakoi_q/P5_kakoiQ (7).mov,_kakoi_q,156080,train
P5_kakoiQ_0008_fd97e5fc10d7,P5,kakoiQ,8,_kakoi_q/P5_kakoiQ (8).mov,_kakoi_q,82060,train
P5_kakoiQ_0009_acd42e760fc5,P5,kakoiQ,9,_kakoi_q/P5_kakoiQ (9).mov,_kakoi_q,131224,train
P1_kogda_0001_24e3d1f343ec,P1,kogda,1,_kogda/P1_kogda (1).mov,_kogda,66354,test
P1_kogda_0100_a995f3dc4083,P1,kogda,100,_kogda/P1_kogda (100).mov,_kogda,68081,test
P1_kogda_0101_f74ab451a80a,P1,kogda,101,_kogda/P1_kogda (101).mov,_kogda,66354,test
P1_kogda_0102_24fc41d621b9,P1,kogda,102,_kogda/P1_kogda (102).mov,_kogda,66354,test
P1_kogda_0103_e575aef337fd,P1,kogda,103,_kogda/P1_kogda (103).mov,_kogda,66354,test
P1_kogda_0104_bc51f8d86401,P1,kogda,104,_kogda/P1_kogda (104).mov,_kogda,66354,test
P1_kogda_0105_44bf20e72667,P1,kogda,105,_kogda/P1_kogda (105).mov,_kogda,66354,test
P1_kogda_0106_96ffe82e60eb,P1,kogda,106,_kogda/P1_kogda (106).mov,_kogda,65049,test
P1_kogda_0107_731175e65ce7,P1,kogda,107,_kogda/P1_kogda (107).mov,_kogda,65049,test
P1_kogda_0108_088aab75d03f,P1,kogda,108,_kogda/P1_kogda (108).mov,_kogda,65049,test
P1_kogda_0109_ee0f8bbe04f3,P1,kogda,109,_kogda/P1_kogda (109).mov,_kogda,65049,test
P1_kogda_0110_ea74efd71124,P1,kogda,110,_kogda/P1_kogda (110).mov,_kogda,65049,test
P1_kogda_0111_01924a9c307f,P1,kogda,111,_kogda/P1_kogda (111).mov,_kogda,65049,test
P1_kogda_0112_25331eed1d0b,P1,kogda,112,_kogda/P1_kogda (112).mov,_kogda,65049,test
P1_kogda_0113_37f29acda0da,P1,kogda,113,_kogda/P1_kogda (113).mov,_kogda,65049,test
P1_kogda_0114_7fff26204478,P1,kogda,114,_kogda/P1_kogda (114).mov,_kogda,65049,test
P1_kogda_0115_50a47295cc75,P1,kogda,115,_kogda/P1_kogda (115).mov,_kogda,65049,test
P1_kogda_0116_55375a9344ee,P1,kogda,116,_kogda/P1_kogda (116).mov,_kogda,65049,test
P1_kogda_0117_c69d40d56f75,P1,kogda,117,_kogda/P1_kogda (117).mov,_kogda,65049,test
P1_kogda_0118_579df3c1e7fb,P1,kogda,118,_kogda/P1_kogda (118).mov,_kogda,67317,test
P1_kogda_0119_ee80c55358f2,P1,kogda,119,_kogda/P1_kogda (119).mov,_kogda,67317,test
P1_kogda_0120_3171a36b7cc9,P1,kogda,120,_kogda/P1_kogda (120).mov,_kogda,67317,test
P1_kogda_0121_8cecdd615f96,P1,kogda,121,_kogda/P1_kogda (121).mov,_kogda,67317,test
P1_kogda_0122_2af835c3e2b7,P1,kogda,122,_kogda/P1_kogda (122).mov,_kogda,67317,test
P1_kogda_0123_3bf34f9dbaba,P1,kogda,123,_kogda/P1_kogda (123).mov,_kogda,67317,test
P1_kogda_0124_d549e7e59a53,P1,kogda,124,_kogda/P1_kogda (124).mov,_kogda,67317,test
P1_kogda_0125_5fcd79b25ae3,P1,kogda,125,_kogda/P1_kogda (125).mov,_kogda,67317,test
P1_kogda_0126_f0cc2c2d8e8a,P1,kogda,126,_kogda/P1_kogda (126).mov,_kogda,67317,test
P1_kogda_0127_b2572b79ec82,P1,kogda,127,_kogda/P1_kogda (127).mov,_kogda,67317,test
P1_kogda_0128_10a1337510a9,P1,kogda,128,_kogda/P1_kogda (128).mov,_kogda,67317,test
P1_kogda_0129_9506bf0732dd,P1,kogda,129,_kogda/P1_kogda (129).mov,_kogda,67317,test
P1_kogda_0130_92c145526997,P1,kogda,130,_kogda/P1_kogda (130).mov,_kogda,56708,test
P1_kogda_0131_d89ad25b7f82,P1,kogda,131,_kogda/P1_kogda (131).mov,_kogda,56708,test
P1_kogda_0132_afb557811a9a,P1,kogda,132,_kogda/P1_kogda (132).mov,_kogda,56708,test
P1_kogda_0133_f6b0ad960c3d,P1,kogda,133,_kogda/P1_kogda (133).mov,_kogda,56708,test
P1_kogda_0134_ec414a822263,P1,kogda,134,_kogda/P1_kogda (134).mov,_kogda,56708,test
P1_kogda_0135_167ce2877a43,P1,kogda,135,_kogda/P1_kogda (135).mov,_kogda,56708,test
P1_kogda_0136_52326b29610d,P1,kogda,136,_kogda/P1_kogda (136).mov,_kogda,56708,test
P1_kogda_0137_75ffce5f8b90,P1,kogda,137,_kogda/P1_kogda (137).mov,_kogda,56708,test
P1_kogda_0138_53bfdbedbc7a,P1,kogda,138,_kogda/P1_kogda (138).mov,_kogda,56708,test
P1_kogda_0139_e9b29f4e900a,P1,kogda,139,_kogda/P1_kogda (139).mov,_kogda,56708,test
P1_kogda_0140_32fa1b8701da,P1,kogda,140,_kogda/P1_kogda (140).mov,_kogda,56708,test
P1_kogda_0057_99d90eb5223b,P1,kogda,57,_kogda/P1_kogda (57).mov,_kogda,66354,test
P1_kogda_0058_5581afcd64b2,P1,kogda,58,_kogda/P1_kogda (58).mov,_kogda,66354,test
P1_kogda_0059_9ac10414565a,P1,kogda,59,_kogda/P1_kogda (59).mov,_kogda,66354,test
P1_kogda_0060_80185586b233,P1,kogda,60,_kogda/P1_kogda (60).mov,_kogda,66354,test
P1_kogda_0061_bdbcd1c1a038,P1,kogda,61,_kogda/P1_kogda (61).mov,_kogda,66354,test
P1_kogda_0068_634e8253ad6b,P1,kogda,68,_kogda/P1_kogda (68).mov,_kogda,66354,test
P1_kogda_0069_6b4612804319,P1,kogda,69,_kogda/P1_kogda (69).mov,_kogda,87732,test
P1_kogda_0070_d5d89f5b595c,P1,kogda,70,_kogda/P1_kogda (70).mov,_kogda,87732,test
P1_kogda_0071_2f235a1d847b,P1,kogda,71,_kogda/P1_kogda (71).mov,_kogda,87732,test
P1_kogda_0072_f138d4d24c1e,P1,kogda,72,_kogda/P1_kogda (72).mov,_kogda,87732,test
P1_kogda_0073_9bc0653bafc1,P1,kogda,73,_kogda/P1_kogda (73).mov,_kogda,87732,test
P1_kogda_0074_d9b4a179790f,P1,kogda,74,_kogda/P1_kogda (74).mov,_kogda,87732,test
P1_kogda_0075_3d0303ac284f,P1,kogda,75,_kogda/P1_kogda (75).mov,_kogda,87732,test
P1_kogda_0076_642144c0e219,P1,kogda,76,_kogda/P1_kogda (76).mov,_kogda,87732,test
P1_kogda_0077_7989379d1fda,P1,kogda,77,_kogda/P1_kogda (77).mov,_kogda,87732,test
P1_kogda_0078_6e8b296d1636,P1,kogda,78,_kogda/P1_kogda (78).mov,_kogda,87732,test
P1_kogda_0079_040bc630f2a0,P1,kogda,79,_kogda/P1_kogda (79).mov,_kogda,61210,test
P1_kogda_0080_5934821af973,P1,kogda,80,_kogda/P1_kogda (80).mov,_kogda,61210,test
P1_kogda_0081_4dc55b28a0cb,P1,kogda,81,_kogda/P1_kogda (81).mov,_kogda,61210,test
P1_kogda_0082_0632bc872095,P1,kogda,82,_kogda/P1_kogda (82).mov,_kogda,61210,test
P1_kogda_0083_9a4aea57beb7,P1,kogda,83,_kogda/P1_kogda (83).mov,_kogda,61210,test
P1_kogda_0084_372be58aafba,P1,kogda,84,_kogda/P1_kogda (84).mov,_kogda,61210,test
P1_kogda_0085_337257db2c23,P1,kogda,85,_kogda/P1_kogda (85).mov,_kogda,61210,test
P1_kogda_0086_c83fd908f1ce,P1,kogda,86,_kogda/P1_kogda (86).mov,_kogda,45091,test
P1_kogda_0087_30b5b1d0723d,P1,kogda,87,_kogda/P1_kogda (87).mov,_kogda,61210,test
P1_kogda_0088_ec6fac96ca2a,P1,kogda,88,_kogda/P1_kogda (88).mov,_kogda,61210,test
P1_kogda_0089_93ab8a8387a8,P1,kogda,89,_kogda/P1_kogda (89).mov,_kogda,61210,test
P1_kogda_0090_a0a88bc3dd90,P1,kogda,90,_kogda/P1_kogda (90).mov,_kogda,61210,test
P1_kogda_0091_7628115647a3,P1,kogda,91,_kogda/P1_kogda (91).mov,_kogda,61210,test
P1_kogda_0092_f5f7f0a6618a,P1,kogda,92,_kogda/P1_kogda (92).mov,_kogda,61210,test
P1_kogda_0093_3226e4c045b5,P1,kogda,93,_kogda/P1_kogda (93).mov,_kogda,61210,test
P1_kogda_0094_f8e8329212e0,P1,kogda,94,_kogda/P1_kogda (94).mov,_kogda,61210,test
P1_kogda_0095_e3c637fcd24f,P1,kogda,95,_kogda/P1_kogda (95).mov,_kogda,68081,test
P1_kogda_0096_9ad7506367f9,P1,kogda,96,_kogda/P1_kogda (96).mov,_kogda,68081,test
P1_kogda_0097_e084e2ab0d03,P1,kogda,97,_kogda/P1_kogda (97).mov,_kogda,68081,test
P1_kogda_0098_ded78a9a2d90,P1,kogda,98,_kogda/P1_kogda (98).mov,_kogda,68081,test
P1_kogda_0099_ffeeeea84760,P1,kogda,99,_kogda/P1_kogda (99).mov,_kogda,68081,test
P2_kogda_0001_fffcfa379abd,P2,kogda,1,_kogda/P2_kogda(1).mov,_kogda,142895,validation
P2_kogda_0010_3441ffea3777,P2,kogda,10,_kogda/P2_kogda(10).mov,_kogda,62690,validation
P2_kogda_0011_0cd1125b6e3a,P2,kogda,11,_kogda/P2_kogda(11).mov,_kogda,61434,validation
P2_kogda_0012_af7e8941af9b,P2,kogda,12,_kogda/P2_kogda(12).mov,_kogda,55787,validation
P2_kogda_0013_776821df63d7,P2,kogda,13,_kogda/P2_kogda(13).mov,_kogda,56640,validation
P2_kogda_0014_011bcdc7635d,P2,kogda,14,_kogda/P2_kogda(14).mov,_kogda,53341,validation
P2_kogda_0015_88012b5a7705,P2,kogda,15,_kogda/P2_kogda(15).mov,_kogda,58878,validation
P2_kogda_0016_16f887212159,P2,kogda,16,_kogda/P2_kogda(16).mov,_kogda,36325,validation
P2_kogda_0017_f67566b72fea,P2,kogda,17,_kogda/P2_kogda(17).mov,_kogda,51329,validation
P2_kogda_0018_57b309623178,P2,kogda,18,_kogda/P2_kogda(18).mov,_kogda,39926,validation
P2_kogda_0019_bc3a223ddbb3,P2,kogda,19,_kogda/P2_kogda(19).mov,_kogda,46179,validation
P2_kogda_0002_780607019733,P2,kogda,2,_kogda/P2_kogda(2).mov,_kogda,142895,validation
P2_kogda_0020_4758814fc464,P2,kogda,20,_kogda/P2_kogda(20).mov,_kogda,53761,validation
P2_kogda_0021_eb297332eb7c,P2,kogda,21,_kogda/P2_kogda(21).mov,_kogda,44270,validation
P2_kogda_0022_03748c4b7355,P2,kogda,22,_kogda/P2_kogda(22).mov,_kogda,56710,validation
P2_kogda_0023_c3a4da8624f2,P2,kogda,23,_kogda/P2_kogda(23).mov,_kogda,43474,validation
P2_kogda_0024_ad1f76359c9f,P2,kogda,24,_kogda/P2_kogda(24).mov,_kogda,48925,validation
P2_kogda_0025_26a19ada5e06,P2,kogda,25,_kogda/P2_kogda(25).mov,_kogda,54465,validation
P2_kogda_0026_580edd1841db,P2,kogda,26,_kogda/P2_kogda(26).mov,_kogda,44097,validation
P2_kogda_0027_74d09d2fcb19,P2,kogda,27,_kogda/P2_kogda(27).mov,_kogda,59930,validation
P2_kogda_0028_45d3cf8c683d,P2,kogda,28,_kogda/P2_kogda(28).mov,_kogda,69246,validation
P2_kogda_0029_9637d5b7c2cd,P2,kogda,29,_kogda/P2_kogda(29).mov,_kogda,70068,validation
P2_kogda_0003_8e27c466a9be,P2,kogda,3,_kogda/P2_kogda(3).mov,_kogda,142895,validation
P2_kogda_0030_6400f112e6f2,P2,kogda,30,_kogda/P2_kogda(30).mov,_kogda,51738,validation
P2_kogda_0031_9ed513cc6a0f,P2,kogda,31,_kogda/P2_kogda(31).mov,_kogda,51738,validation
P2_kogda_0032_b758f7c2c3f4,P2,kogda,32,_kogda/P2_kogda(32).mov,_kogda,51036,validation
P2_kogda_0033_a975d8288da9,P2,kogda,33,_kogda/P2_kogda(33).mov,_kogda,51036,validation
P2_kogda_0034_1f0aef56c3eb,P2,kogda,34,_kogda/P2_kogda(34).mov,_kogda,51036,validation
P2_kogda_0035_f3a937b78f72,P2,kogda,35,_kogda/P2_kogda(35).mov,_kogda,51036,validation
P2_kogda_0036_44dc33b6abfd,P2,kogda,36,_kogda/P2_kogda(36).mov,_kogda,51036,validation
P2_kogda_0037_02cf5ebd8650,P2,kogda,37,_kogda/P2_kogda(37).mov,_kogda,51036,validation
P2_kogda_0038_c972937dfc79,P2,kogda,38,_kogda/P2_kogda(38).mov,_kogda,51036,validation
P2_kogda_0039_288ac480fa76,P2,kogda,39,_kogda/P2_kogda(39).mov,_kogda,40870,validation
P2_kogda_0004_4276311dc6a4,P2,kogda,4,_kogda/P2_kogda(4).mov,_kogda,114866,validation
P2_kogda_0040_0ac2df42fb22,P2,kogda,40,_kogda/P2_kogda(40).mov,_kogda,52496,validation
P2_kogda_0041_63296e041acb,P2,kogda,41,_kogda/P2_kogda(41).mov,_kogda,45676,validation
P2_kogda_0042_df1d48d79054,P2,kogda,42,_kogda/P2_kogda(42).mov,_kogda,45715,validation
P2_kogda_0043_52212c12ed52,P2,kogda,43,_kogda/P2_kogda(43).mov,_kogda,48216,validation
P2_kogda_0044_b0916398e140,P2,kogda,44,_kogda/P2_kogda(44).mov,_kogda,61197,validation
P2_kogda_0045_0f224bf036db,P2,kogda,45,_kogda/P2_kogda(45).mov,_kogda,45132,validation
P2_kogda_0046_6eb37bcac813,P2,kogda,46,_kogda/P2_kogda(46).mov,_kogda,57591,validation
P2_kogda_0047_2e05784a7cca,P2,kogda,47,_kogda/P2_kogda(47).mov,_kogda,42701,validation
P2_kogda_0048_b1aab0691b38,P2,kogda,48,_kogda/P2_kogda(48).mov,_kogda,44228,validation
P2_kogda_0049_5616a99c001e,P2,kogda,49,_kogda/P2_kogda(49).mov,_kogda,51386,validation
P2_kogda_0005_002ee3d7f451,P2,kogda,5,_kogda/P2_kogda(5).mov,_kogda,114866,validation
P2_kogda_0006_f23a19f187d6,P2,kogda,6,_kogda/P2_kogda(6).mov,_kogda,114866,validation
P2_kogda_0007_ee6909c38f89,P2,kogda,7,_kogda/P2_kogda(7).mov,_kogda,114866,validation
P2_kogda_0008_3711b824065e,P2,kogda,8,_kogda/P2_kogda(8).mov,_kogda,114866,validation
P2_kogda_0009_5c38ebe65251,P2,kogda,9,_kogda/P2_kogda(9).mov,_kogda,114866,validation
P3_kogda_0001_9ff6990c5af2,P3,kogda,1,_kogda/P3_kogda(1).mov,_kogda,60184,train
P3_kogda_0010_76cfc10ebdc9,P3,kogda,10,_kogda/P3_kogda(10).mov,_kogda,87622,train
P3_kogda_0011_0f6ef5d9451f,P3,kogda,11,_kogda/P3_kogda(11).mov,_kogda,91829,train
P3_kogda_0012_9208da13deb6,P3,kogda,12,_kogda/P3_kogda(12).mov,_kogda,71136,train
P3_kogda_0013_dec71e5a5f31,P3,kogda,13,_kogda/P3_kogda(13).mov,_kogda,46334,train
P3_kogda_0014_68a7ca089b32,P3,kogda,14,_kogda/P3_kogda(14).mov,_kogda,64068,train
P3_kogda_0015_2b2d7b185a02,P3,kogda,15,_kogda/P3_kogda(15).mov,_kogda,77633,train
P3_kogda_0016_7fb555f926c6,P3,kogda,16,_kogda/P3_kogda(16).mov,_kogda,72169,train
P3_kogda_0017_44136fd464c8,P3,kogda,17,_kogda/P3_kogda(17).mov,_kogda,24308,train
P3_kogda_0018_0fc8882d8cef,P3,kogda,18,_kogda/P3_kogda(18).mov,_kogda,31361,train
P3_kogda_0019_e4376e8fa6af,P3,kogda,19,_kogda/P3_kogda(19).mov,_kogda,24425,train
P3_kogda_0002_bc530a54d281,P3,kogda,2,_kogda/P3_kogda(2).mov,_kogda,60184,train
P3_kogda_0020_a0bc094f26f6,P3,kogda,20,_kogda/P3_kogda(20).mov,_kogda,32301,train
P3_kogda_0021_f22a4c33d9a2,P3,kogda,21,_kogda/P3_kogda(21).mov,_kogda,36141,train
P3_kogda_0022_7332c4863397,P3,kogda,22,_kogda/P3_kogda(22).mov,_kogda,28739,train
P3_kogda_0023_8c9e16a3999a,P3,kogda,23,_kogda/P3_kogda(23).mov,_kogda,37100,train
P3_kogda_0024_c14352efea2c,P3,kogda,24,_kogda/P3_kogda(24).mov,_kogda,25992,train
P3_kogda_0025_8df0b7ca4a6a,P3,kogda,25,_kogda/P3_kogda(25).mov,_kogda,28257,train
P3_kogda_0026_ec45a3cf63bc,P3,kogda,26,_kogda/P3_kogda(26).mov,_kogda,27224,train
P3_kogda_0027_aef168f3d8a6,P3,kogda,27,_kogda/P3_kogda(27).mov,_kogda,24378,train
P3_kogda_0028_78dff78cb196,P3,kogda,28,_kogda/P3_kogda(28).mov,_kogda,31773,train
P3_kogda_0029_2b0fd0b63af2,P3,kogda,29,_kogda/P3_kogda(29).mov,_kogda,28787,train
P3_kogda_0003_32f2b7e77479,P3,kogda,3,_kogda/P3_kogda(3).mov,_kogda,60184,train
P3_kogda_0030_65895ed50f76,P3,kogda,30,_kogda/P3_kogda(30).mov,_kogda,24933,train
P3_kogda_0031_045c65e212ae,P3,kogda,31,_kogda/P3_kogda(31).mov,_kogda,29237,train
P3_kogda_0032_0c31902864ed,P3,kogda,32,_kogda/P3_kogda(32).mov,_kogda,25137,train
P3_kogda_0033_fc291d5c3401,P3,kogda,33,_kogda/P3_kogda(33).mov,_kogda,27244,train
P3_kogda_0034_47f82d9c7462,P3,kogda,34,_kogda/P3_kogda(34).mov,_kogda,31649,train
P3_kogda_0035_971cdc25afa1,P3,kogda,35,_kogda/P3_kogda(35).mov,_kogda,40476,train
P3_kogda_0036_f1aa68271d56,P3,kogda,36,_kogda/P3_kogda(36).mov,_kogda,39319,train
P3_kogda_0037_89add596fa9f,P3,kogda,37,_kogda/P3_kogda(37).mov,_kogda,36574,train
P3_kogda_0038_0c2a520adeb1,P3,kogda,38,_kogda/P3_kogda(38).mov,_kogda,30484,train
P3_kogda_0039_f9fed7d385c3,P3,kogda,39,_kogda/P3_kogda(39).mov,_kogda,39124,train
P3_kogda_0004_eceea0fdc9d0,P3,kogda,4,_kogda/P3_kogda(4).mov,_kogda,60184,train
P3_kogda_0040_00f0e0beaa00,P3,kogda,40,_kogda/P3_kogda(40).mov,_kogda,39404,train
P3_kogda_0041_3278a91834e4,P3,kogda,41,_kogda/P3_kogda(41).mov,_kogda,39937,train
P3_kogda_0042_21651c5a0073,P3,kogda,42,_kogda/P3_kogda(42).mov,_kogda,30190,train
P3_kogda_0043_74a13649e768,P3,kogda,43,_kogda/P3_kogda(43).mov,_kogda,30688,train
P3_kogda_0044_29d18fbad132,P3,kogda,44,_kogda/P3_kogda(44).mov,_kogda,38344,train
P3_kogda_0045_8524e5f78ddd,P3,kogda,45,_kogda/P3_kogda(45).mov,_kogda,28078,train
P3_kogda_0046_19dcdb46123c,P3,kogda,46,_kogda/P3_kogda(46).mov,_kogda,33318,train
P3_kogda_0005_e9f38963946b,P3,kogda,5,_kogda/P3_kogda(5).mov,_kogda,60184,train
P3_kogda_0006_a9ee58c4de40,P3,kogda,6,_kogda/P3_kogda(6).mov,_kogda,60184,train
P3_kogda_0007_784929679fbc,P3,kogda,7,_kogda/P3_kogda(7).mov,_kogda,74608,train
P3_kogda_0008_b19c5b762dd1,P3,kogda,8,_kogda/P3_kogda(8).mov,_kogda,74608,train
P3_kogda_0009_372e6dca0504,P3,kogda,9,_kogda/P3_kogda(9).mov,_kogda,75340,train
P4_kogda_0001_ce4030ef467d,P4,kogda,1,_kogda/P4_kogda(1).mov,_kogda,210300,train
P4_kogda_0010_d9bdd0642f96,P4,kogda,10,_kogda/P4_kogda(10).mov,_kogda,40783,train
P4_kogda_0011_7156e3b67c16,P4,kogda,11,_kogda/P4_kogda(11).mov,_kogda,54041,train
P4_kogda_0012_39a6f1c91922,P4,kogda,12,_kogda/P4_kogda(12).mov,_kogda,45939,train
P4_kogda_0013_feb5227452df,P4,kogda,13,_kogda/P4_kogda(13).mov,_kogda,64000,train
P4_kogda_0014_16cfc5dc7be0,P4,kogda,14,_kogda/P4_kogda(14).mov,_kogda,47422,train
P4_kogda_0015_628686067f9f,P4,kogda,15,_kogda/P4_kogda(15).mov,_kogda,69487,train
P4_kogda_0016_39e81acd3710,P4,kogda,16,_kogda/P4_kogda(16).mov,_kogda,50895,train
P4_kogda_0017_47a1c4057166,P4,kogda,17,_kogda/P4_kogda(17).mov,_kogda,46361,train
P4_kogda_0018_a29ca860c75e,P4,kogda,18,_kogda/P4_kogda(18).mov,_kogda,64791,train
P4_kogda_0019_95dac80ac2b7,P4,kogda,19,_kogda/P4_kogda(19).mov,_kogda,46485,train
P4_kogda_0002_cadb15cd1d90,P4,kogda,2,_kogda/P4_kogda(2).mov,_kogda,61832,train
P4_kogda_0020_b5754f3cbc75,P4,kogda,20,_kogda/P4_kogda(20).mov,_kogda,41134,train
P4_kogda_0021_e5662ecd3978,P4,kogda,21,_kogda/P4_kogda(21).mov,_kogda,44088,train
P4_kogda_0022_42340f3511ac,P4,kogda,22,_kogda/P4_kogda(22).mov,_kogda,52854,train
P4_kogda_0023_dce5e312430c,P4,kogda,23,_kogda/P4_kogda(23).mov,_kogda,45606,train
P4_kogda_0024_2454be1c26fd,P4,kogda,24,_kogda/P4_kogda(24).mov,_kogda,43784,train
P4_kogda_0025_b39735167356,P4,kogda,25,_kogda/P4_kogda(25).mov,_kogda,51189,train
P4_kogda_0026_4029504f968a,P4,kogda,26,_kogda/P4_kogda(26).mov,_kogda,37490,train
P4_kogda_0027_6484d236eb3f,P4,kogda,27,_kogda/P4_kogda(27).mov,_kogda,49557,train
P4_kogda_0028_5b3388840fae,P4,kogda,28,_kogda/P4_kogda(28).mov,_kogda,55435,train
P4_kogda_0029_3a9619290386,P4,kogda,29,_kogda/P4_kogda(29).mov,_kogda,45574,train
P4_kogda_0003_7da77e5c7660,P4,kogda,3,_kogda/P4_kogda(3).mov,_kogda,92095,train
P4_kogda_0030_f60e32256479,P4,kogda,30,_kogda/P4_kogda(30).mov,_kogda,45756,train
P4_kogda_0031_d177ce61995d,P4,kogda,31,_kogda/P4_kogda(31).mov,_kogda,67045,train
P4_kogda_0032_a510e72ab9bf,P4,kogda,32,_kogda/P4_kogda(32).mov,_kogda,57407,train
P4_kogda_0033_dfe6c2fd9fd2,P4,kogda,33,_kogda/P4_kogda(33).mov,_kogda,38410,train
P4_kogda_0034_cc5930619184,P4,kogda,34,_kogda/P4_kogda(34).mov,_kogda,41001,train
P4_kogda_0035_7f8a7be5a307,P4,kogda,35,_kogda/P4_kogda(35).mov,_kogda,42479,train
P4_kogda_0036_13ea37cf4014,P4,kogda,36,_kogda/P4_kogda(36).mov,_kogda,36830,train
P4_kogda_0037_d8059b99d393,P4,kogda,37,_kogda/P4_kogda(37).mov,_kogda,41996,train
P4_kogda_0038_e6b613ff948e,P4,kogda,38,_kogda/P4_kogda(38).mov,_kogda,30699,train
P4_kogda_0039_f5d109a90d04,P4,kogda,39,_kogda/P4_kogda(39).mov,_kogda,53526,train
P4_kogda_0004_d6ad215bcce5,P4,kogda,4,_kogda/P4_kogda(4).mov,_kogda,66996,train
P4_kogda_0040_851dbd977baa,P4,kogda,40,_kogda/P4_kogda(40).mov,_kogda,54713,train
P4_kogda_0005_3294071604d4,P4,kogda,5,_kogda/P4_kogda(5).mov,_kogda,105793,train
P4_kogda_0006_9a840ee0df61,P4,kogda,6,_kogda/P4_kogda(6).mov,_kogda,66305,train
P4_kogda_0007_97d0d38a7b01,P4,kogda,7,_kogda/P4_kogda(7).mov,_kogda,67440,train
P4_kogda_0008_08d7cc1b8138,P4,kogda,8,_kogda/P4_kogda(8).mov,_kogda,52479,train
P4_kogda_0009_6d864f35a6f9,P4,kogda,9,_kogda/P4_kogda(9).mov,_kogda,50394,train
P5_kogda_0001_972758675241,P5,kogda,1,_kogda/P5_kogda (1).mov,_kogda,41745,train
P5_kogda_0010_5ee9485f948f,P5,kogda,10,_kogda/P5_kogda (10).mov,_kogda,42513,train
P5_kogda_0011_12d3d115661c,P5,kogda,11,_kogda/P5_kogda (11).mov,_kogda,75980,train
P5_kogda_0012_c21416b0f3b1,P5,kogda,12,_kogda/P5_kogda (12).mov,_kogda,47788,train
P5_kogda_0013_42ecf8bfa8a7,P5,kogda,13,_kogda/P5_kogda (13).mov,_kogda,47704,train
P5_kogda_0014_e6933696e3e3,P5,kogda,14,_kogda/P5_kogda (14).mov,_kogda,63970,train
P5_kogda_0015_9b0ca2e46bb0,P5,kogda,15,_kogda/P5_kogda (15).mov,_kogda,56485,train
P5_kogda_0016_b094fcc82fd7,P5,kogda,16,_kogda/P5_kogda (16).mov,_kogda,72766,train
P5_kogda_0017_71a6888bfe9f,P5,kogda,17,_kogda/P5_kogda (17).mov,_kogda,38226,train
P5_kogda_0018_5a8b8db0d01d,P5,kogda,18,_kogda/P5_kogda (18).mov,_kogda,53761,train
P5_kogda_0019_f8df3fdc229a,P5,kogda,19,_kogda/P5_kogda (19).mov,_kogda,44886,train
P5_kogda_0002_1019e757e6bf,P5,kogda,2,_kogda/P5_kogda (2).mov,_kogda,50136,train
P5_kogda_0020_87f04a0e4782,P5,kogda,20,_kogda/P5_kogda (20).mov,_kogda,57174,train
P5_kogda_0021_421565613d67,P5,kogda,21,_kogda/P5_kogda (21).mov,_kogda,37230,train
P5_kogda_0022_e943f826e28d,P5,kogda,22,_kogda/P5_kogda (22).mov,_kogda,36476,train
P5_kogda_0023_30dae941aa0b,P5,kogda,23,_kogda/P5_kogda (23).mov,_kogda,58448,train
P5_kogda_0024_af12ed5991ab,P5,kogda,24,_kogda/P5_kogda (24).mov,_kogda,53886,train
P5_kogda_0025_c8bca0539c0a,P5,kogda,25,_kogda/P5_kogda (25).mov,_kogda,50439,train
P5_kogda_0026_90b527d50854,P5,kogda,26,_kogda/P5_kogda (26).mov,_kogda,53394,train
P5_kogda_0027_2adc8508d88e,P5,kogda,27,_kogda/P5_kogda (27).mov,_kogda,48452,train
P5_kogda_0028_0510ac535efa,P5,kogda,28,_kogda/P5_kogda (28).mov,_kogda,38426,train
P5_kogda_0029_4a470edc27e5,P5,kogda,29,_kogda/P5_kogda (29).mov,_kogda,51517,train
P5_kogda_0003_992fd1b935e8,P5,kogda,3,_kogda/P5_kogda (3).mov,_kogda,67947,train
P5_kogda_0030_a72e6ddaaa7e,P5,kogda,30,_kogda/P5_kogda (30).mov,_kogda,44729,train
P5_kogda_0031_5f5858d22159,P5,kogda,31,_kogda/P5_kogda (31).mov,_kogda,60569,train
P5_kogda_0032_27ece2d32fc1,P5,kogda,32,_kogda/P5_kogda (32).mov,_kogda,36603,train
P5_kogda_0033_bd860b188511,P5,kogda,33,_kogda/P5_kogda (33).mov,_kogda,67157,train
P5_kogda_0034_c3a8283eb54d,P5,kogda,34,_kogda/P5_kogda (34).mov,_kogda,80062,train
P5_kogda_0035_4a09b9aa9002,P5,kogda,35,_kogda/P5_kogda (35).mov,_kogda,49000,train
P5_kogda_0036_4b1f7fb38172,P5,kogda,36,_kogda/P5_kogda (36).mov,_kogda,33715,train
P5_kogda_0037_5e3f448a4aae,P5,kogda,37,_kogda/P5_kogda (37).mov,_kogda,36082,train
P5_kogda_0038_b57531975850,P5,kogda,38,_kogda/P5_kogda (38).mov,_kogda,56613,train
P5_kogda_0039_0cd1e31ff6c5,P5,kogda,39,_kogda/P5_kogda (39).mov,_kogda,51618,train
P5_kogda_0004_ecade0fef361,P5,kogda,4,_kogda/P5_kogda (4).mov,_kogda,67947,train
P5_kogda_0040_17fda5d2b329,P5,kogda,40,_kogda/P5_kogda (40).mov,_kogda,48422,train
P5_kogda_0041_3bad6715bb30,P5,kogda,41,_kogda/P5_kogda (41).mov,_kogda,48176,train
P5_kogda_0042_68ba14608886,P5,kogda,42,_kogda/P5_kogda (42).mov,_kogda,51486,train
P5_kogda_0043_4e119bc19bd0,P5,kogda,43,_kogda/P5_kogda (43).mov,_kogda,113670,train
P5_kogda_0044_39ebc966b3b2,P5,kogda,44,_kogda/P5_kogda (44).mov,_kogda,145701,train
P5_kogda_0045_fa2967300160,P5,kogda,45,_kogda/P5_kogda (45).mov,_kogda,127469,train
P5_kogda_0046_ef867207a725,P5,kogda,46,_kogda/P5_kogda (46).mov,_kogda,67947,train
P5_kogda_0005_e823985e7035,P5,kogda,5,_kogda/P5_kogda (5).mov,_kogda,67947,train
P5_kogda_0006_8c9790f847ef,P5,kogda,6,_kogda/P5_kogda (6).mov,_kogda,67947,train
P5_kogda_0007_c5522c06e6fa,P5,kogda,7,_kogda/P5_kogda (7).mov,_kogda,40553,train
P5_kogda_0008_ea8c91940740,P5,kogda,8,_kogda/P5_kogda (8).mov,_kogda,58055,train
P5_kogda_0009_d4bb45c119f6,P5,kogda,9,_kogda/P5_kogda (9).mov,_kogda,54412,train
P1_kogdaQ_0001_ddab912cbf6e,P1,kogdaQ,1,_kogda_q/P1_kogdaQ (1).mov,_kogda_q,76366,test
P1_kogdaQ_0010_7b83ef4ee371,P1,kogdaQ,10,_kogda_q/P1_kogdaQ (10).mov,_kogda_q,76366,test
P1_kogdaQ_0100_6de8f309b785,P1,kogdaQ,100,_kogda_q/P1_kogdaQ (100).mov,_kogda_q,67032,test
P1_kogdaQ_0011_b4535c5a311c,P1,kogdaQ,11,_kogda_q/P1_kogdaQ (11).mov,_kogda_q,76366,test
P1_kogdaQ_0012_f8a915e3623e,P1,kogdaQ,12,_kogda_q/P1_kogdaQ (12).mov,_kogda_q,76366,test
P1_kogdaQ_0013_6c3e34dfa008,P1,kogdaQ,13,_kogda_q/P1_kogdaQ (13).mov,_kogda_q,76366,test
P1_kogdaQ_0014_6f3d4a4d87b2,P1,kogdaQ,14,_kogda_q/P1_kogdaQ (14).mov,_kogda_q,76366,test
P1_kogdaQ_0015_f7a141ab7ebb,P1,kogdaQ,15,_kogda_q/P1_kogdaQ (15).mov,_kogda_q,76366,test
P1_kogdaQ_0016_c484a5d42b46,P1,kogdaQ,16,_kogda_q/P1_kogdaQ (16).mov,_kogda_q,76366,test
P1_kogdaQ_0017_4c069bd07a99,P1,kogdaQ,17,_kogda_q/P1_kogdaQ (17).mov,_kogda_q,71216,test
P1_kogdaQ_0018_77a194839b3b,P1,kogdaQ,18,_kogda_q/P1_kogdaQ (18).mov,_kogda_q,71216,test
P1_kogdaQ_0019_4d67e39897c9,P1,kogdaQ,19,_kogda_q/P1_kogdaQ (19).mov,_kogda_q,71216,test
P1_kogdaQ_0002_676300c84254,P1,kogdaQ,2,_kogda_q/P1_kogdaQ (2).mov,_kogda_q,76366,test
P1_kogdaQ_0020_b6b445825400,P1,kogdaQ,20,_kogda_q/P1_kogdaQ (20).mov,_kogda_q,71216,test
P1_kogdaQ_0021_3d10db864140,P1,kogdaQ,21,_kogda_q/P1_kogdaQ (21).mov,_kogda_q,71216,test
P1_kogdaQ_0022_e5f1aa97c0e1,P1,kogdaQ,22,_kogda_q/P1_kogdaQ (22).mov,_kogda_q,71216,test
P1_kogdaQ_0023_c8d72bc64160,P1,kogdaQ,23,_kogda_q/P1_kogdaQ (23).mov,_kogda_q,71216,test
P1_kogdaQ_0024_c00581eb187d,P1,kogdaQ,24,_kogda_q/P1_kogdaQ (24).mov,_kogda_q,71216,test
P1_kogdaQ_0025_ad4c3283c0f6,P1,kogdaQ,25,_kogda_q/P1_kogdaQ (25).mov,_kogda_q,71216,test
P1_kogdaQ_0026_14643eee2f93,P1,kogdaQ,26,_kogda_q/P1_kogdaQ (26).mov,_kogda_q,71216,test
P1_kogdaQ_0027_c0a98412d199,P1,kogdaQ,27,_kogda_q/P1_kogdaQ (27).mov,_kogda_q,71216,test
P1_kogdaQ_0028_78c27a83cb83,P1,kogdaQ,28,_kogda_q/P1_kogdaQ (28).mov,_kogda_q,71216,test
P1_kogdaQ_0029_ce0fba3bd4f2,P1,kogdaQ,29,_kogda_q/P1_kogdaQ (29).mov,_kogda_q,71216,test
P1_kogdaQ_0003_cffc692c970d,P1,kogdaQ,3,_kogda_q/P1_kogdaQ (3).mov,_kogda_q,76366,test
P1_kogdaQ_0030_0e7e1ecbe006,P1,kogdaQ,30,_kogda_q/P1_kogdaQ (30).mov,_kogda_q,64685,test
P1_kogdaQ_0031_3f2e3d677229,P1,kogdaQ,31,_kogda_q/P1_kogdaQ (31).mov,_kogda_q,64685,test
P1_kogdaQ_0032_d1ecd0b6fef3,P1,kogdaQ,32,_kogda_q/P1_kogdaQ (32).mov,_kogda_q,64685,test
P1_kogdaQ_0033_255af79e144e,P1,kogdaQ,33,_kogda_q/P1_kogdaQ (33).mov,_kogda_q,64685,test
P1_kogdaQ_0034_e56201f8ca65,P1,kogdaQ,34,_kogda_q/P1_kogdaQ (34).mov,_kogda_q,64685,test
P1_kogdaQ_0035_e975d1bcefa1,P1,kogdaQ,35,_kogda_q/P1_kogdaQ (35).mov,_kogda_q,64685,test
P1_kogdaQ_0036_6045630af782,P1,kogdaQ,36,_kogda_q/P1_kogdaQ (36).mov,_kogda_q,64685,test
P1_kogdaQ_0037_d2aa2d770f6f,P1,kogdaQ,37,_kogda_q/P1_kogdaQ (37).mov,_kogda_q,64685,test
P1_kogdaQ_0038_b9ddbd1d149e,P1,kogdaQ,38,_kogda_q/P1_kogdaQ (38).mov,_kogda_q,64685,test
P1_kogdaQ_0039_efe6b718cf3b,P1,kogdaQ,39,_kogda_q/P1_kogdaQ (39).mov,_kogda_q,64685,test
P1_kogdaQ_0004_b7029563129e,P1,kogdaQ,4,_kogda_q/P1_kogdaQ (4).mov,_kogda_q,76366,test
P1_kogdaQ_0040_4eabc37130a9,P1,kogdaQ,40,_kogda_q/P1_kogdaQ (40).mov,_kogda_q,64685,test
P1_kogdaQ_0041_cc9e37a85d92,P1,kogdaQ,41,_kogda_q/P1_kogdaQ (41).mov,_kogda_q,67032,test
P1_kogdaQ_0042_f963affb280b,P1,kogdaQ,42,_kogda_q/P1_kogdaQ (42).mov,_kogda_q,67032,test
P1_kogdaQ_0043_4da4e20606ad,P1,kogdaQ,43,_kogda_q/P1_kogdaQ (43).mov,_kogda_q,67032,test
P1_kogdaQ_0044_7da5ce91fe33,P1,kogdaQ,44,_kogda_q/P1_kogdaQ (44).mov,_kogda_q,67032,test
P1_kogdaQ_0045_cea32a509bd5,P1,kogdaQ,45,_kogda_q/P1_kogdaQ (45).mov,_kogda_q,67032,test
P1_kogdaQ_0046_de6b8e5f6eea,P1,kogdaQ,46,_kogda_q/P1_kogdaQ (46).mov,_kogda_q,67032,test
P1_kogdaQ_0047_e259a65e580e,P1,kogdaQ,47,_kogda_q/P1_kogdaQ (47).mov,_kogda_q,67032,test
P1_kogdaQ_0048_eb7c30d178ac,P1,kogdaQ,48,_kogda_q/P1_kogdaQ (48).mov,_kogda_q,67032,test
P1_kogdaQ_0049_dec90012530e,P1,kogdaQ,49,_kogda_q/P1_kogdaQ (49).mov,_kogda_q,67032,test
P1_kogdaQ_0005_cb5658afb80d,P1,kogdaQ,5,_kogda_q/P1_kogdaQ (5).mov,_kogda_q,76366,test
P1_kogdaQ_0050_e3390cbacf61,P1,kogdaQ,50,_kogda_q/P1_kogdaQ (50).mov,_kogda_q,67032,test
P1_kogdaQ_0051_053a9bbdf70f,P1,kogdaQ,51,_kogda_q/P1_kogdaQ (51).mov,_kogda_q,67032,test
P1_kogdaQ_0052_dff0750e1a6e,P1,kogdaQ,52,_kogda_q/P1_kogdaQ (52).mov,_kogda_q,67032,test
P1_kogdaQ_0053_5523c40f0480,P1,kogdaQ,53,_kogda_q/P1_kogdaQ (53).mov,_kogda_q,67032,test
P1_kogdaQ_0054_63dc9b4c6181,P1,kogdaQ,54,_kogda_q/P1_kogdaQ (54).mov,_kogda_q,67032,test
P1_kogdaQ_0055_b19e7988bf4c,P1,kogdaQ,55,_kogda_q/P1_kogdaQ (55).mov,_kogda_q,76366,test
P1_kogdaQ_0056_bfdd9af35ea4,P1,kogdaQ,56,_kogda_q/P1_kogdaQ (56).mov,_kogda_q,76366,test
P1_kogdaQ_0057_dd88334a18ee,P1,kogdaQ,57,_kogda_q/P1_kogdaQ (57).mov,_kogda_q,76366,test
P1_kogdaQ_0058_ae47d7744761,P1,kogdaQ,58,_kogda_q/P1_kogdaQ (58).mov,_kogda_q,76366,test
P1_kogdaQ_0059_39e7dea20305,P1,kogdaQ,59,_kogda_q/P1_kogdaQ (59).mov,_kogda_q,76366,test
P1_kogdaQ_0006_64c2925b98b5,P1,kogdaQ,6,_kogda_q/P1_kogdaQ (6).mov,_kogda_q,76366,test
P1_kogdaQ_0060_326c8b0934b6,P1,kogdaQ,60,_kogda_q/P1_kogdaQ (60).mov,_kogda_q,76366,test
P1_kogdaQ_0061_f122f88b7753,P1,kogdaQ,61,_kogda_q/P1_kogdaQ (61).mov,_kogda_q,76366,test
P1_kogdaQ_0062_f96fa2965cb3,P1,kogdaQ,62,_kogda_q/P1_kogdaQ (62).mov,_kogda_q,76366,test
P1_kogdaQ_0063_42cbc5dd72c0,P1,kogdaQ,63,_kogda_q/P1_kogdaQ (63).mov,_kogda_q,76366,test
P1_kogdaQ_0064_65dddfe94a10,P1,kogdaQ,64,_kogda_q/P1_kogdaQ (64).mov,_kogda_q,76366,test
P1_kogdaQ_0065_72d25b43d594,P1,kogdaQ,65,_kogda_q/P1_kogdaQ (65).mov,_kogda_q,76366,test
P1_kogdaQ_0066_75c69173e31a,P1,kogdaQ,66,_kogda_q/P1_kogdaQ (66).mov,_kogda_q,76366,test
P1_kogdaQ_0067_76875010f6e8,P1,kogdaQ,67,_kogda_q/P1_kogdaQ (67).mov,_kogda_q,76366,test
P1_kogdaQ_0068_1d3f1823db2a,P1,kogdaQ,68,_kogda_q/P1_kogdaQ (68).mov,_kogda_q,76366,test
P1_kogdaQ_0069_7eb27fe56dcd,P1,kogdaQ,69,_kogda_q/P1_kogdaQ (69).mov,_kogda_q,76366,test
P1_kogdaQ_0007_895f5c918d66,P1,kogdaQ,7,_kogda_q/P1_kogdaQ (7).mov,_kogda_q,76366,test
P1_kogdaQ_0070_c3520d41c6cf,P1,kogdaQ,70,_kogda_q/P1_kogdaQ (70).mov,_kogda_q,76366,test
P1_kogdaQ_0071_0bd3b1465e52,P1,kogdaQ,71,_kogda_q/P1_kogdaQ (71).mov,_kogda_q,71216,test
P1_kogdaQ_0072_bea00a1c15b4,P1,kogdaQ,72,_kogda_q/P1_kogdaQ (72).mov,_kogda_q,71216,test
P1_kogdaQ_0073_fef90f8e5637,P1,kogdaQ,73,_kogda_q/P1_kogdaQ (73).mov,_kogda_q,71216,test
P1_kogdaQ_0074_7baec04b189e,P1,kogdaQ,74,_kogda_q/P1_kogdaQ (74).mov,_kogda_q,71216,test
P1_kogdaQ_0075_556f49581894,P1,kogdaQ,75,_kogda_q/P1_kogdaQ (75).mov,_kogda_q,71216,test
P1_kogdaQ_0076_415723b0cc7a,P1,kogdaQ,76,_kogda_q/P1_kogdaQ (76).mov,_kogda_q,71216,test
P1_kogdaQ_0077_85733f7e668f,P1,kogdaQ,77,_kogda_q/P1_kogdaQ (77).mov,_kogda_q,71216,test
P1_kogdaQ_0078_d79ca243b985,P1,kogdaQ,78,_kogda_q/P1_kogdaQ (78).mov,_kogda_q,71216,test
P1_kogdaQ_0079_f928dde165bb,P1,kogdaQ,79,_kogda_q/P1_kogdaQ (79).mov,_kogda_q,71216,test
P1_kogdaQ_0008_50ed6e45b8c0,P1,kogdaQ,8,_kogda_q/P1_kogdaQ (8).mov,_kogda_q,76366,test
P1_kogdaQ_0080_c560dd5f16bd,P1,kogdaQ,80,_kogda_q/P1_kogdaQ (80).mov,_kogda_q,71216,test
P1_kogdaQ_0081_82d0078a6e3a,P1,kogdaQ,81,_kogda_q/P1_kogdaQ (81).mov,_kogda_q,71216,test
P1_kogdaQ_0082_3696a3027af7,P1,kogdaQ,82,_kogda_q/P1_kogdaQ (82).mov,_kogda_q,71216,test
P1_kogdaQ_0083_48e126fbe9c5,P1,kogdaQ,83,_kogda_q/P1_kogdaQ (83).mov,_kogda_q,71216,test
P1_kogdaQ_0084_14635c1f06c1,P1,kogdaQ,84,_kogda_q/P1_kogdaQ (84).mov,_kogda_q,64685,test
P1_kogdaQ_0085_ec0b667d42a9,P1,kogdaQ,85,_kogda_q/P1_kogdaQ (85).mov,_kogda_q,64685,test
P1_kogdaQ_0086_8408d3572ba9,P1,kogdaQ,86,_kogda_q/P1_kogdaQ (86).mov,_kogda_q,64685,test
P1_kogdaQ_0087_c1a9a5b93d58,P1,kogdaQ,87,_kogda_q/P1_kogdaQ (87).mov,_kogda_q,64685,test
P1_kogdaQ_0088_89f8784af43e,P1,kogdaQ,88,_kogda_q/P1_kogdaQ (88).mov,_kogda_q,64685,test
P1_kogdaQ_0089_ba0e076f6365,P1,kogdaQ,89,_kogda_q/P1_kogdaQ (89).mov,_kogda_q,64685,test
P1_kogdaQ_0009_9bfca12aad33,P1,kogdaQ,9,_kogda_q/P1_kogdaQ (9).mov,_kogda_q,76366,test
P1_kogdaQ_0090_cacfe3cf8918,P1,kogdaQ,90,_kogda_q/P1_kogdaQ (90).mov,_kogda_q,64685,test
P1_kogdaQ_0091_75eda0c4df4c,P1,kogdaQ,91,_kogda_q/P1_kogdaQ (91).mov,_kogda_q,64685,test
P1_kogdaQ_0092_286b57420b1c,P1,kogdaQ,92,_kogda_q/P1_kogdaQ (92).mov,_kogda_q,64685,test
P1_kogdaQ_0093_b9e44699c92b,P1,kogdaQ,93,_kogda_q/P1_kogdaQ (93).mov,_kogda_q,64685,test
P1_kogdaQ_0094_ef21a48fe15c,P1,kogdaQ,94,_kogda_q/P1_kogdaQ (94).mov,_kogda_q,64685,test
P1_kogdaQ_0095_1683b67bdf82,P1,kogdaQ,95,_kogda_q/P1_kogdaQ (95).mov,_kogda_q,67032,test
P1_kogdaQ_0096_6355bb8aabf0,P1,kogdaQ,96,_kogda_q/P1_kogdaQ (96).mov,_kogda_q,67032,test
P1_kogdaQ_0097_c8aad52fd425,P1,kogdaQ,97,_kogda_q/P1_kogdaQ (97).mov,_kogda_q,67032,test
P1_kogdaQ_0098_68dd76a97aaa,P1,kogdaQ,98,_kogda_q/P1_kogdaQ (98).mov,_kogda_q,67032,test
P1_kogdaQ_0099_ab83985775e5,P1,kogdaQ,99,_kogda_q/P1_kogdaQ (99).mov,_kogda_q,67032,test
P2_kogdaQ_0001_546d5bdab1ce,P2,kogdaQ,1,_kogda_q/P2_kogdaQ (1).mov,_kogda_q,68170,validation
P2_kogdaQ_0010_196042c9ddbe,P2,kogdaQ,10,_kogda_q/P2_kogdaQ (10).mov,_kogda_q,66543,validation
P2_kogdaQ_0011_8e5a8113dbfe,P2,kogdaQ,11,_kogda_q/P2_kogdaQ (11).mov,_kogda_q,49099,validation
P2_kogdaQ_0012_e0980ab2d231,P2,kogdaQ,12,_kogda_q/P2_kogdaQ (12).mov,_kogda_q,53485,validation
P2_kogdaQ_0013_328e8c9667d9,P2,kogdaQ,13,_kogda_q/P2_kogdaQ (13).mov,_kogda_q,50051,validation
P2_kogdaQ_0014_1d0c8a875258,P2,kogdaQ,14,_kogda_q/P2_kogdaQ (14).mov,_kogda_q,52735,validation
P2_kogdaQ_0015_f509ead84a7d,P2,kogdaQ,15,_kogda_q/P2_kogdaQ (15).mov,_kogda_q,55129,validation
P2_kogdaQ_0016_f89e5a59a3e9,P2,kogdaQ,16,_kogda_q/P2_kogdaQ (16).mov,_kogda_q,43756,validation
P2_kogdaQ_0017_ca1e4854f335,P2,kogdaQ,17,_kogda_q/P2_kogdaQ (17).mov,_kogda_q,52935,validation
P2_kogdaQ_0018_a08d06400133,P2,kogdaQ,18,_kogda_q/P2_kogdaQ (18).mov,_kogda_q,55250,validation
P2_kogdaQ_0019_cd407a8685e7,P2,kogdaQ,19,_kogda_q/P2_kogdaQ (19).mov,_kogda_q,44615,validation
P2_kogdaQ_0002_f7e0cda0b6ae,P2,kogdaQ,2,_kogda_q/P2_kogdaQ (2).mov,_kogda_q,47732,validation
P2_kogdaQ_0020_9fe9c7c0a7f1,P2,kogdaQ,20,_kogda_q/P2_kogdaQ (20).mov,_kogda_q,52913,validation
P2_kogdaQ_0021_52793d5ab57c,P2,kogdaQ,21,_kogda_q/P2_kogdaQ (21).mov,_kogda_q,55746,validation
P2_kogdaQ_0022_58e73b279cc0,P2,kogdaQ,22,_kogda_q/P2_kogdaQ (22).mov,_kogda_q,54215,validation
P2_kogdaQ_0023_e8d2216176b8,P2,kogdaQ,23,_kogda_q/P2_kogdaQ (23).mov,_kogda_q,57886,validation
P2_kogdaQ_0024_bb9de0936d77,P2,kogdaQ,24,_kogda_q/P2_kogdaQ (24).mov,_kogda_q,56121,validation
P2_kogdaQ_0025_fa8dddbdfa85,P2,kogdaQ,25,_kogda_q/P2_kogdaQ (25).mov,_kogda_q,55803,validation
P2_kogdaQ_0026_68da7bdd14e9,P2,kogdaQ,26,_kogda_q/P2_kogdaQ (26).mov,_kogda_q,46353,validation
P2_kogdaQ_0027_76bcd34a90d9,P2,kogdaQ,27,_kogda_q/P2_kogdaQ (27).mov,_kogda_q,48581,validation
P2_kogdaQ_0028_9b0dd7d408a1,P2,kogdaQ,28,_kogda_q/P2_kogdaQ (28).mov,_kogda_q,57249,validation
P2_kogdaQ_0029_25478bf2e34a,P2,kogdaQ,29,_kogda_q/P2_kogdaQ (29).mov,_kogda_q,54708,validation
P2_kogdaQ_0003_fef0166f4290,P2,kogdaQ,3,_kogda_q/P2_kogdaQ (3).mov,_kogda_q,47375,validation
P2_kogdaQ_0030_b203925ef58b,P2,kogdaQ,30,_kogda_q/P2_kogdaQ (30).mov,_kogda_q,55367,validation
P2_kogdaQ_0031_a3f0f5ec5283,P2,kogdaQ,31,_kogda_q/P2_kogdaQ (31).mov,_kogda_q,49879,validation
P2_kogdaQ_0032_c275c3073260,P2,kogdaQ,32,_kogda_q/P2_kogdaQ (32).mov,_kogda_q,61601,validation
P2_kogdaQ_0033_d4a4b0f216b3,P2,kogdaQ,33,_kogda_q/P2_kogdaQ (33).mov,_kogda_q,69691,validation
P2_kogdaQ_0034_97ee8811bacc,P2,kogdaQ,34,_kogda_q/P2_kogdaQ (34).mov,_kogda_q,60859,validation
P2_kogdaQ_0035_8a3322a52bca,P2,kogdaQ,35,_kogda_q/P2_kogdaQ (35).mov,_kogda_q,54836,validation
P2_kogdaQ_0036_63d435689920,P2,kogdaQ,36,_kogda_q/P2_kogdaQ (36).mov,_kogda_q,49759,validation
P2_kogdaQ_0037_5cfef571a8d0,P2,kogdaQ,37,_kogda_q/P2_kogdaQ (37).mov,_kogda_q,63739,validation
P2_kogdaQ_0038_9ae04d46124b,P2,kogdaQ,38,_kogda_q/P2_kogdaQ (38).mov,_kogda_q,55415,validation
P2_kogdaQ_0039_c0b85f6795b7,P2,kogdaQ,39,_kogda_q/P2_kogdaQ (39).mov,_kogda_q,44870,validation
P2_kogdaQ_0004_28a871ffb7ac,P2,kogdaQ,4,_kogda_q/P2_kogdaQ (4).mov,_kogda_q,46613,validation
P2_kogdaQ_0040_5529a79efdbc,P2,kogdaQ,40,_kogda_q/P2_kogdaQ (40).mov,_kogda_q,44896,validation
P2_kogdaQ_0041_377d9d489712,P2,kogdaQ,41,_kogda_q/P2_kogdaQ (41).mov,_kogda_q,55673,validation
P2_kogdaQ_0042_2412ab33fc17,P2,kogdaQ,42,_kogda_q/P2_kogdaQ (42).mov,_kogda_q,55944,validation
P2_kogdaQ_0043_deeff3ff3ca5,P2,kogdaQ,43,_kogda_q/P2_kogdaQ (43).mov,_kogda_q,50022,validation
P2_kogdaQ_0044_d29aeca5b10d,P2,kogdaQ,44,_kogda_q/P2_kogdaQ (44).mov,_kogda_q,48849,validation
P2_kogdaQ_0045_433099ba0464,P2,kogdaQ,45,_kogda_q/P2_kogdaQ (45).mov,_kogda_q,49846,validation
P2_kogdaQ_0046_32791c65f671,P2,kogdaQ,46,_kogda_q/P2_kogdaQ (46).mov,_kogda_q,47917,validation
P2_kogdaQ_0005_cc567dfd8ea3,P2,kogdaQ,5,_kogda_q/P2_kogdaQ (5).mov,_kogda_q,54981,validation
P2_kogdaQ_0006_6c31cce112a3,P2,kogdaQ,6,_kogda_q/P2_kogdaQ (6).mov,_kogda_q,45061,validation
P2_kogdaQ_0007_7aab1f1d7958,P2,kogdaQ,7,_kogda_q/P2_kogdaQ (7).mov,_kogda_q,44746,validation
P2_kogdaQ_0008_8acba4c98fcc,P2,kogdaQ,8,_kogda_q/P2_kogdaQ (8).mov,_kogda_q,51729,validation
P2_kogdaQ_0009_7d5bb47a3941,P2,kogdaQ,9,_kogda_q/P2_kogdaQ (9).mov,_kogda_q,36790,validation
P3_kogdaQ_0001_c499d2f3724c,P3,kogdaQ,1,_kogda_q/P3_kogdaQ (1).mov,_kogda_q,102097,train
P3_kogdaQ_0010_8b6e25ebc1d5,P3,kogdaQ,10,_kogda_q/P3_kogdaQ (10).mov,_kogda_q,89988,train
P3_kogdaQ_0011_d408df685e8a,P3,kogdaQ,11,_kogda_q/P3_kogdaQ (11).mov,_kogda_q,72120,train
P3_kogdaQ_0012_de1570f7f69b,P3,kogdaQ,12,_kogda_q/P3_kogdaQ (12).mov,_kogda_q,54144,train
P3_kogdaQ_0013_ef3d7283c760,P3,kogdaQ,13,_kogda_q/P3_kogdaQ (13).mov,_kogda_q,74724,train
P3_kogdaQ_0014_19f5ef17bc4e,P3,kogdaQ,14,_kogda_q/P3_kogdaQ (14).mov,_kogda_q,27061,train
P3_kogdaQ_0015_d46d2d691330,P3,kogdaQ,15,_kogda_q/P3_kogdaQ (15).mov,_kogda_q,35097,train
P3_kogdaQ_0016_a9d78975fada,P3,kogdaQ,16,_kogda_q/P3_kogdaQ (16).mov,_kogda_q,31230,train
P3_kogdaQ_0017_dc9f362a7cb5,P3,kogdaQ,17,_kogda_q/P3_kogdaQ (17).mov,_kogda_q,32576,train
P3_kogdaQ_0018_e5fe29d2434e,P3,kogdaQ,18,_kogda_q/P3_kogdaQ (18).mov,_kogda_q,43558,train
P3_kogdaQ_0019_b406f744e54a,P3,kogdaQ,19,_kogda_q/P3_kogdaQ (19).mov,_kogda_q,39335,train
P3_kogdaQ_0002_4950496ebeda,P3,kogdaQ,2,_kogda_q/P3_kogdaQ (2).mov,_kogda_q,82241,train
P3_kogdaQ_0020_1f63728ffd1c,P3,kogdaQ,20,_kogda_q/P3_kogdaQ (20).mov,_kogda_q,33940,train
P3_kogdaQ_0021_7b9c90be33c2,P3,kogdaQ,21,_kogda_q/P3_kogdaQ (21).mov,_kogda_q,35007,train
P3_kogdaQ_0022_6d9fbed9876f,P3,kogdaQ,22,_kogda_q/P3_kogdaQ (22).mov,_kogda_q,38428,train
P3_kogdaQ_0023_bf171a4d1c29,P3,kogdaQ,23,_kogda_q/P3_kogdaQ (23).mov,_kogda_q,39273,train
P3_kogdaQ_0024_b06030a53a9a,P3,kogdaQ,24,_kogda_q/P3_kogdaQ (24).mov,_kogda_q,33709,train
P3_kogdaQ_0025_21d6b9340cd1,P3,kogdaQ,25,_kogda_q/P3_kogdaQ (25).mov,_kogda_q,36061,train
P3_kogdaQ_0026_3193779097dd,P3,kogdaQ,26,_kogda_q/P3_kogdaQ (26).mov,_kogda_q,32045,train
P3_kogdaQ_0027_02660a4e6c86,P3,kogdaQ,27,_kogda_q/P3_kogdaQ (27).mov,_kogda_q,44101,train
P3_kogdaQ_0028_f5f6fcb951dd,P3,kogdaQ,28,_kogda_q/P3_kogdaQ (28).mov,_kogda_q,40336,train
P3_kogdaQ_0029_82d9b0ba516a,P3,kogdaQ,29,_kogda_q/P3_kogdaQ (29).mov,_kogda_q,31705,train
P3_kogdaQ_0003_abf890a15cd8,P3,kogdaQ,3,_kogda_q/P3_kogdaQ (3).mov,_kogda_q,83239,train
P3_kogdaQ_0030_d9252534b652,P3,kogdaQ,30,_kogda_q/P3_kogdaQ (30).mov,_kogda_q,32847,train
P3_kogdaQ_0031_7476dc2774c6,P3,kogdaQ,31,_kogda_q/P3_kogdaQ (31).mov,_kogda_q,44263,train
P3_kogdaQ_0032_fcd87f2311bb,P3,kogdaQ,32,_kogda_q/P3_kogdaQ (32).mov,_kogda_q,33850,train
P3_kogdaQ_0033_7a8ba6690ab0,P3,kogdaQ,33,_kogda_q/P3_kogdaQ (33).mov,_kogda_q,37298,train
P3_kogdaQ_0034_6b106664c251,P3,kogdaQ,34,_kogda_q/P3_kogdaQ (34).mov,_kogda_q,40816,train
P3_kogdaQ_0035_fcc0467f3cca,P3,kogdaQ,35,_kogda_q/P3_kogdaQ (35).mov,_kogda_q,37555,train
P3_kogdaQ_0036_fc7abc68c478,P3,kogdaQ,36,_kogda_q/P3_kogdaQ (36).mov,_kogda_q,37950,train
P3_kogdaQ_0037_c0744619f09e,P3,kogdaQ,37,_kogda_q/P3_kogdaQ (37).mov,_kogda_q,26451,train
P3_kogdaQ_0038_945071473c17,P3,kogdaQ,38,_kogda_q/P3_kogdaQ (38).mov,_kogda_q,31308,train
P3_kogdaQ_0039_11109b17b5b8,P3,kogdaQ,39,_kogda_q/P3_kogdaQ (39).mov,_kogda_q,38158,train
P3_kogdaQ_0004_7ccb7cd8c81b,P3,kogdaQ,4,_kogda_q/P3_kogdaQ (4).mov,_kogda_q,68057,train
P3_kogdaQ_0040_05057e9fc9e6,P3,kogdaQ,40,_kogda_q/P3_kogdaQ (40).mov,_kogda_q,40142,train
P3_kogdaQ_0005_00519ef4e7d4,P3,kogdaQ,5,_kogda_q/P3_kogdaQ (5).mov,_kogda_q,67339,train
P3_kogdaQ_0006_7f1e510d2f8e,P3,kogdaQ,6,_kogda_q/P3_kogdaQ (6).mov,_kogda_q,67343,train
P3_kogdaQ_0007_061e7773c095,P3,kogdaQ,7,_kogda_q/P3_kogdaQ (7).mov,_kogda_q,66915,train
P3_kogdaQ_0008_8988e6fcc3c1,P3,kogdaQ,8,_kogda_q/P3_kogdaQ (8).mov,_kogda_q,66457,train
P3_kogdaQ_0009_7351467f0ac7,P3,kogdaQ,9,_kogda_q/P3_kogdaQ (9).mov,_kogda_q,82879,train
P4_kogdaQ_0001_d2c6a6701ef9,P4,kogdaQ,1,_kogda_q/P4_kogdaQ (1).mov,_kogda_q,46376,train
P4_kogdaQ_0010_04d216ed7fe8,P4,kogdaQ,10,_kogda_q/P4_kogdaQ (10).mov,_kogda_q,47765,train
P4_kogdaQ_0011_73cc1fc3670d,P4,kogdaQ,11,_kogda_q/P4_kogdaQ (11).mov,_kogda_q,51333,train
P4_kogdaQ_0012_e45b6e87f6df,P4,kogdaQ,12,_kogda_q/P4_kogdaQ (12).mov,_kogda_q,55044,train
P4_kogdaQ_0013_32d320bfbbec,P4,kogdaQ,13,_kogda_q/P4_kogdaQ (13).mov,_kogda_q,45569,train
P4_kogdaQ_0014_57004fc395b0,P4,kogdaQ,14,_kogda_q/P4_kogdaQ (14).mov,_kogda_q,54921,train
P4_kogdaQ_0015_70dc9bd696f9,P4,kogdaQ,15,_kogda_q/P4_kogdaQ (15).mov,_kogda_q,56064,train
P4_kogdaQ_0016_2fe4d806a57b,P4,kogdaQ,16,_kogda_q/P4_kogdaQ (16).mov,_kogda_q,51039,train
P4_kogdaQ_0017_d6b27574e290,P4,kogdaQ,17,_kogda_q/P4_kogdaQ (17).mov,_kogda_q,49675,train
P4_kogdaQ_0018_fc2a046b67c1,P4,kogdaQ,18,_kogda_q/P4_kogdaQ (18).mov,_kogda_q,49675,train
P4_kogdaQ_0019_2248f53017a0,P4,kogdaQ,19,_kogda_q/P4_kogdaQ (19).mov,_kogda_q,46854,train
P4_kogdaQ_0002_236219cb1879,P4,kogdaQ,2,_kogda_q/P4_kogdaQ (2).mov,_kogda_q,54508,train
P4_kogdaQ_0020_4b6be66ea778,P4,kogdaQ,20,_kogda_q/P4_kogdaQ (20).mov,_kogda_q,69768,train
P4_kogdaQ_0021_650d2dffdea4,P4,kogdaQ,21,_kogda_q/P4_kogdaQ (21).mov,_kogda_q,53983,train
P4_kogdaQ_0022_93bc9bc67199,P4,kogdaQ,22,_kogda_q/P4_kogdaQ (22).mov,_kogda_q,55300,train
P4_kogdaQ_0023_416a9ea31572,P4,kogdaQ,23,_kogda_q/P4_kogdaQ (23).mov,_kogda_q,50462,train
P4_kogdaQ_0024_1c5a0d0459e1,P4,kogdaQ,24,_kogda_q/P4_kogdaQ (24).mov,_kogda_q,52899,train
P4_kogdaQ_0025_7aa4dfadf578,P4,kogdaQ,25,_kogda_q/P4_kogdaQ (25).mov,_kogda_q,89375,train
P4_kogdaQ_0026_3985a56456d9,P4,kogdaQ,26,_kogda_q/P4_kogdaQ (26).mov,_kogda_q,65936,train
P4_kogdaQ_0027_ba311ab02174,P4,kogdaQ,27,_kogda_q/P4_kogdaQ (27).mov,_kogda_q,61473,train
P4_kogdaQ_0028_af823c5eb4fe,P4,kogdaQ,28,_kogda_q/P4_kogdaQ (28).mov,_kogda_q,60051,train
P4_kogdaQ_0029_69fe9ff12d29,P4,kogdaQ,29,_kogda_q/P4_kogdaQ (29).mov,_kogda_q,73832,train
P4_kogdaQ_0003_7cec6d660494,P4,kogdaQ,3,_kogda_q/P4_kogdaQ (3).mov,_kogda_q,54508,train
P4_kogdaQ_0030_c3a8bf81ce79,P4,kogdaQ,30,_kogda_q/P4_kogdaQ (30).mov,_kogda_q,48059,train
P4_kogdaQ_0031_6ca8a661bd09,P4,kogdaQ,31,_kogda_q/P4_kogdaQ (31).mov,_kogda_q,52995,train
P4_kogdaQ_0032_91efb4376b56,P4,kogdaQ,32,_kogda_q/P4_kogdaQ (32).mov,_kogda_q,59964,train
P4_kogdaQ_0033_1ac45f8aa3cb,P4,kogdaQ,33,_kogda_q/P4_kogdaQ (33).mov,_kogda_q,43975,train
P4_kogdaQ_0034_aa1d9de192b8,P4,kogdaQ,34,_kogda_q/P4_kogdaQ (34).mov,_kogda_q,64260,train
P4_kogdaQ_0035_2a4823595ead,P4,kogdaQ,35,_kogda_q/P4_kogdaQ (35).mov,_kogda_q,56446,train
P4_kogdaQ_0036_42af955456df,P4,kogdaQ,36,_kogda_q/P4_kogdaQ (36).mov,_kogda_q,51147,train
P4_kogdaQ_0037_da209acec77a,P4,kogdaQ,37,_kogda_q/P4_kogdaQ (37).mov,_kogda_q,74569,train
P4_kogdaQ_0004_57e964ddaf4b,P4,kogdaQ,4,_kogda_q/P4_kogdaQ (4).mov,_kogda_q,55365,train
P4_kogdaQ_0005_208475f52602,P4,kogdaQ,5,_kogda_q/P4_kogdaQ (5).mov,_kogda_q,68104,train
P4_kogdaQ_0006_43749442f0c3,P4,kogdaQ,6,_kogda_q/P4_kogdaQ (6).mov,_kogda_q,57393,train
P4_kogdaQ_0007_1cd939044899,P4,kogdaQ,7,_kogda_q/P4_kogdaQ (7).mov,_kogda_q,51160,train
P4_kogdaQ_0008_1ef983a774bc,P4,kogdaQ,8,_kogda_q/P4_kogdaQ (8).mov,_kogda_q,46046,train
P4_kogdaQ_0009_8d7b586a0328,P4,kogdaQ,9,_kogda_q/P4_kogdaQ (9).mov,_kogda_q,64931,train
P5_kogdaQ_0001_43f1bebaf419,P5,kogdaQ,1,_kogda_q/P5_kogdaQ (1).mov,_kogda_q,52639,train
P5_kogdaQ_0039_b8a02eb45173,P5,kogdaQ,39,_kogda_q/P5_kogdaQ (39).mov,_kogda_q,70654,train
P5_kogdaQ_0040_bbef2e91a23c,P5,kogdaQ,40,_kogda_q/P5_kogdaQ (40).mov,_kogda_q,79961,train
P5_kogdaQ_0041_5f498db8bee2,P5,kogdaQ,41,_kogda_q/P5_kogdaQ (41).mov,_kogda_q,49446,train
P5_kogdaQ_0042_5dbb15340636,P5,kogdaQ,42,_kogda_q/P5_kogdaQ (42).mov,_kogda_q,43654,train
P5_kogdaQ_0043_63a1cb9d941a,P5,kogdaQ,43,_kogda_q/P5_kogdaQ (43).mov,_kogda_q,37243,train
P5_kogdaQ_0044_274053f2b246,P5,kogdaQ,44,_kogda_q/P5_kogdaQ (44).mov,_kogda_q,41310,train
P5_kogdaQ_0045_91d4687bfc18,P5,kogdaQ,45,_kogda_q/P5_kogdaQ (45).mov,_kogda_q,77133,train
P5_kogdaQ_0046_7a512c249ca9,P5,kogdaQ,46,_kogda_q/P5_kogdaQ (46).mov,_kogda_q,44729,train
P5_kogdaQ_0047_97e7df7c22a6,P5,kogdaQ,47,_kogda_q/P5_kogdaQ (47).mov,_kogda_q,43745,train
P5_kogdaQ_0048_aa13b362b041,P5,kogdaQ,48,_kogda_q/P5_kogdaQ (48).mov,_kogda_q,42895,train
P5_kogdaQ_0049_412639109571,P5,kogdaQ,49,_kogda_q/P5_kogdaQ (49).mov,_kogda_q,38623,train
P5_kogdaQ_0050_6595b7c9d02a,P5,kogdaQ,50,_kogda_q/P5_kogdaQ (50).mov,_kogda_q,48882,train
P5_kogdaQ_0051_e609f8db8013,P5,kogdaQ,51,_kogda_q/P5_kogdaQ (51).mov,_kogda_q,34522,train
P5_kogdaQ_0052_835a9cbe7fdf,P5,kogdaQ,52,_kogda_q/P5_kogdaQ (52).mov,_kogda_q,39395,train
P5_kogdaQ_0053_7dc3363eebd1,P5,kogdaQ,53,_kogda_q/P5_kogdaQ (53).mov,_kogda_q,45041,train
P5_kogdaQ_0054_95f14fcd48d1,P5,kogdaQ,54,_kogda_q/P5_kogdaQ (54).mov,_kogda_q,50014,train
P5_kogdaQ_0055_0381136802b1,P5,kogdaQ,55,_kogda_q/P5_kogdaQ (55).mov,_kogda_q,50053,train
P5_kogdaQ_0056_4312128c1ac1,P5,kogdaQ,56,_kogda_q/P5_kogdaQ (56).mov,_kogda_q,45191,train
P5_kogdaQ_0057_230f17c8cd0f,P5,kogdaQ,57,_kogda_q/P5_kogdaQ (57).mov,_kogda_q,59671,train
P5_kogdaQ_0058_692815dfda74,P5,kogdaQ,58,_kogda_q/P5_kogdaQ (58).mov,_kogda_q,65703,train
P5_kogdaQ_0059_be6a819e1c03,P5,kogdaQ,59,_kogda_q/P5_kogdaQ (59).mov,_kogda_q,44608,train
P5_kogdaQ_0060_a1ca5be85993,P5,kogdaQ,60,_kogda_q/P5_kogdaQ (60).mov,_kogda_q,62999,train
P5_kogdaQ_0061_0da8789eb55b,P5,kogdaQ,61,_kogda_q/P5_kogdaQ (61).mov,_kogda_q,79326,train
P5_kogdaQ_0062_44eed2778c4e,P5,kogdaQ,62,_kogda_q/P5_kogdaQ (62).mov,_kogda_q,56503,train
P5_kogdaQ_0063_2ba89b8263ed,P5,kogdaQ,63,_kogda_q/P5_kogdaQ (63).mov,_kogda_q,53684,train
P5_kogdaQ_0064_d6a1084a8010,P5,kogdaQ,64,_kogda_q/P5_kogdaQ (64).mov,_kogda_q,61320,train
P5_kogdaQ_0065_22760dc08a9a,P5,kogdaQ,65,_kogda_q/P5_kogdaQ (65).mov,_kogda_q,83795,train
P5_kogdaQ_0066_701bc844bbe2,P5,kogdaQ,66,_kogda_q/P5_kogdaQ (66).mov,_kogda_q,70292,train
P5_kogdaQ_0067_e262f00afc41,P5,kogdaQ,67,_kogda_q/P5_kogdaQ (67).mov,_kogda_q,51423,train
P5_kogdaQ_0068_64e0902171f4,P5,kogdaQ,68,_kogda_q/P5_kogdaQ (68).mov,_kogda_q,51471,train
P5_kogdaQ_0069_bcce88ae2310,P5,kogdaQ,69,_kogda_q/P5_kogdaQ (69).mov,_kogda_q,47025,train
P5_kogdaQ_0070_ee28308b2867,P5,kogdaQ,70,_kogda_q/P5_kogdaQ (70).mov,_kogda_q,61230,train
P5_kogdaQ_0071_372102fe8fc8,P5,kogdaQ,71,_kogda_q/P5_kogdaQ (71).mov,_kogda_q,54361,train
P5_kogdaQ_0072_cbd68bdf8dce,P5,kogdaQ,72,_kogda_q/P5_kogdaQ (72).mov,_kogda_q,88827,train
P5_kogdaQ_0073_4ea7e6e88cb2,P5,kogdaQ,73,_kogda_q/P5_kogdaQ (73).mov,_kogda_q,72282,train
P5_kogdaQ_0074_e9879edee549,P5,kogdaQ,74,_kogda_q/P5_kogdaQ (74).mov,_kogda_q,62473,train
P5_kogdaQ_0075_ccf13c045a17,P5,kogdaQ,75,_kogda_q/P5_kogdaQ (75).mov,_kogda_q,73640,train
P5_kogdaQ_0076_52c0c0189a86,P5,kogdaQ,76,_kogda_q/P5_kogdaQ (76).mov,_kogda_q,70627,train
P1_kotoriy_0001_8d44ab71e3b7,P1,kotoriy,1,_kotoriy/P1_kotoriy (1).mov,_kotoriy,205681,test
P1_kotoriy_0010_660b600385c8,P1,kotoriy,10,_kotoriy/P1_kotoriy (10).mov,_kotoriy,159168,test
P1_kotoriy_0011_814644e4b148,P1,kotoriy,11,_kotoriy/P1_kotoriy (11).mov,_kotoriy,129082,test
P1_kotoriy_0012_70ec3a8abe78,P1,kotoriy,12,_kotoriy/P1_kotoriy (12).mov,_kotoriy,154715,test
P1_kotoriy_0013_d0be778c0b44,P1,kotoriy,13,_kotoriy/P1_kotoriy (13).mov,_kotoriy,156100,test
P1_kotoriy_0014_8369b625bfab,P1,kotoriy,14,_kotoriy/P1_kotoriy (14).mov,_kotoriy,163662,test
P1_kotoriy_0015_581062bad649,P1,kotoriy,15,_kotoriy/P1_kotoriy (15).mov,_kotoriy,152313,test
P1_kotoriy_0016_8d7e6e7d4f91,P1,kotoriy,16,_kotoriy/P1_kotoriy (16).mov,_kotoriy,132693,test
P1_kotoriy_0017_8e1436848b35,P1,kotoriy,17,_kotoriy/P1_kotoriy (17).mov,_kotoriy,136626,test
P1_kotoriy_0018_58b90c4a0952,P1,kotoriy,18,_kotoriy/P1_kotoriy (18).mov,_kotoriy,164655,test
P1_kotoriy_0019_e1edc281fe5d,P1,kotoriy,19,_kotoriy/P1_kotoriy (19).mov,_kotoriy,143275,test
P1_kotoriy_0002_f44a0f9d1836,P1,kotoriy,2,_kotoriy/P1_kotoriy (2).mov,_kotoriy,169810,test
P1_kotoriy_0020_1ef023098aa5,P1,kotoriy,20,_kotoriy/P1_kotoriy (20).mov,_kotoriy,173062,test
P1_kotoriy_0021_b31e914bc30f,P1,kotoriy,21,_kotoriy/P1_kotoriy (21).mov,_kotoriy,151002,test
P1_kotoriy_0022_5b0312621082,P1,kotoriy,22,_kotoriy/P1_kotoriy (22).mov,_kotoriy,149455,test
P1_kotoriy_0023_5a9650bf1b07,P1,kotoriy,23,_kotoriy/P1_kotoriy (23).mov,_kotoriy,138108,test
P1_kotoriy_0024_9af739401900,P1,kotoriy,24,_kotoriy/P1_kotoriy (24).mov,_kotoriy,165142,test
P1_kotoriy_0025_cac98eaaed3d,P1,kotoriy,25,_kotoriy/P1_kotoriy (25).mov,_kotoriy,150587,test
P1_kotoriy_0026_6d31da749cda,P1,kotoriy,26,_kotoriy/P1_kotoriy (26).mov,_kotoriy,154566,test
P1_kotoriy_0027_4735eeaa5349,P1,kotoriy,27,_kotoriy/P1_kotoriy (27).mov,_kotoriy,166920,test
P1_kotoriy_0028_d708aec4632e,P1,kotoriy,28,_kotoriy/P1_kotoriy (28).mov,_kotoriy,202795,test
P1_kotoriy_0029_927dea6210ae,P1,kotoriy,29,_kotoriy/P1_kotoriy (29).mov,_kotoriy,148956,test
P1_kotoriy_0003_01d2bff82351,P1,kotoriy,3,_kotoriy/P1_kotoriy (3).mov,_kotoriy,182447,test
P1_kotoriy_0030_2ad07b35568b,P1,kotoriy,30,_kotoriy/P1_kotoriy (30).mov,_kotoriy,114557,test
P1_kotoriy_0031_78d217803502,P1,kotoriy,31,_kotoriy/P1_kotoriy (31).mov,_kotoriy,148094,test
P1_kotoriy_0032_dac1622d76e3,P1,kotoriy,32,_kotoriy/P1_kotoriy (32).mov,_kotoriy,146745,test
P1_kotoriy_0033_ac091f4e3677,P1,kotoriy,33,_kotoriy/P1_kotoriy (33).mov,_kotoriy,111481,test
P1_kotoriy_0034_d405c1d28bb3,P1,kotoriy,34,_kotoriy/P1_kotoriy (34).mov,_kotoriy,135634,test
P1_kotoriy_0035_3477bbfd5cf2,P1,kotoriy,35,_kotoriy/P1_kotoriy (35).mov,_kotoriy,102516,test
P1_kotoriy_0036_901c28c93e00,P1,kotoriy,36,_kotoriy/P1_kotoriy (36).mov,_kotoriy,133645,test
P1_kotoriy_0037_e5dfc2ff21d2,P1,kotoriy,37,_kotoriy/P1_kotoriy (37).mov,_kotoriy,150718,test
P1_kotoriy_0038_9cd293f4d0af,P1,kotoriy,38,_kotoriy/P1_kotoriy (38).mov,_kotoriy,143395,test
P1_kotoriy_0039_bae452d50185,P1,kotoriy,39,_kotoriy/P1_kotoriy (39).mov,_kotoriy,151725,test
P1_kotoriy_0004_a4cdce38796c,P1,kotoriy,4,_kotoriy/P1_kotoriy (4).mov,_kotoriy,174902,test
P1_kotoriy_0040_2423efeacf9c,P1,kotoriy,40,_kotoriy/P1_kotoriy (40).mov,_kotoriy,164198,test
P1_kotoriy_0005_b531941b6a28,P1,kotoriy,5,_kotoriy/P1_kotoriy (5).mov,_kotoriy,146288,test
P1_kotoriy_0006_83982f83f3d4,P1,kotoriy,6,_kotoriy/P1_kotoriy (6).mov,_kotoriy,161469,test
P1_kotoriy_0007_adc05710f167,P1,kotoriy,7,_kotoriy/P1_kotoriy (7).mov,_kotoriy,166227,test
P1_kotoriy_0008_573f92aaeff7,P1,kotoriy,8,_kotoriy/P1_kotoriy (8).mov,_kotoriy,176058,test
P1_kotoriy_0009_da0d61dfa178,P1,kotoriy,9,_kotoriy/P1_kotoriy (9).mov,_kotoriy,148707,test
P2_kotoriy_0001_fe699fac217d,P2,kotoriy,1,_kotoriy/P2_kotoriy (1).mov,_kotoriy,133387,validation
P2_kotoriy_0010_762e9c66452a,P2,kotoriy,10,_kotoriy/P2_kotoriy (10).mov,_kotoriy,226931,validation
P2_kotoriy_0100_83a28221af25,P2,kotoriy,100,_kotoriy/P2_kotoriy (100).mov,_kotoriy,167122,validation
P2_kotoriy_0101_3bd88a4a3fe2,P2,kotoriy,101,_kotoriy/P2_kotoriy (101).mov,_kotoriy,182675,validation
P2_kotoriy_0102_1dde329c0b76,P2,kotoriy,102,_kotoriy/P2_kotoriy (102).mov,_kotoriy,210689,validation
P2_kotoriy_0103_9fa62dba23b8,P2,kotoriy,103,_kotoriy/P2_kotoriy (103).mov,_kotoriy,187785,validation
P2_kotoriy_0104_e2d96ca6be49,P2,kotoriy,104,_kotoriy/P2_kotoriy (104).mov,_kotoriy,188099,validation
P2_kotoriy_0105_1970ee93d93b,P2,kotoriy,105,_kotoriy/P2_kotoriy (105).mov,_kotoriy,166064,validation
P2_kotoriy_0106_bf534110b5de,P2,kotoriy,106,_kotoriy/P2_kotoriy (106).mov,_kotoriy,190873,validation
P2_kotoriy_0107_5268bee74b65,P2,kotoriy,107,_kotoriy/P2_kotoriy (107).mov,_kotoriy,192136,validation
P2_kotoriy_0108_ab818d1ec7be,P2,kotoriy,108,_kotoriy/P2_kotoriy (108).mov,_kotoriy,137699,validation
P2_kotoriy_0109_235a0a4e4557,P2,kotoriy,109,_kotoriy/P2_kotoriy (109).mov,_kotoriy,199707,validation
P2_kotoriy_0011_0332eddeb278,P2,kotoriy,11,_kotoriy/P2_kotoriy (11).mov,_kotoriy,238075,validation
P2_kotoriy_0110_30ef5febcdbd,P2,kotoriy,110,_kotoriy/P2_kotoriy (110).mov,_kotoriy,175250,validation
P2_kotoriy_0111_566b6f7493e4,P2,kotoriy,111,_kotoriy/P2_kotoriy (111).mov,_kotoriy,164217,validation
P2_kotoriy_0112_251d4280c67e,P2,kotoriy,112,_kotoriy/P2_kotoriy (112).mov,_kotoriy,197533,validation
P2_kotoriy_0113_4f7ce7e0b238,P2,kotoriy,113,_kotoriy/P2_kotoriy (113).mov,_kotoriy,189808,validation
P2_kotoriy_0114_3d4883bba90d,P2,kotoriy,114,_kotoriy/P2_kotoriy (114).mov,_kotoriy,189915,validation
P2_kotoriy_0115_58548e52fd8d,P2,kotoriy,115,_kotoriy/P2_kotoriy (115).mov,_kotoriy,194373,validation
P2_kotoriy_0116_9ec20a43cbae,P2,kotoriy,116,_kotoriy/P2_kotoriy (116).mov,_kotoriy,199853,validation
P2_kotoriy_0117_c17bdd17b077,P2,kotoriy,117,_kotoriy/P2_kotoriy (117).mov,_kotoriy,211025,validation
P2_kotoriy_0118_7cefb345d36c,P2,kotoriy,118,_kotoriy/P2_kotoriy (118).mov,_kotoriy,217283,validation
P2_kotoriy_0119_1e1e6ae642e6,P2,kotoriy,119,_kotoriy/P2_kotoriy (119).mov,_kotoriy,220739,validation
P2_kotoriy_0012_78b3ca5d4048,P2,kotoriy,12,_kotoriy/P2_kotoriy (12).mov,_kotoriy,239342,validation
P2_kotoriy_0120_6c5b168a2d13,P2,kotoriy,120,_kotoriy/P2_kotoriy (120).mov,_kotoriy,192541,validation
P2_kotoriy_0121_cfe5f48fb05d,P2,kotoriy,121,_kotoriy/P2_kotoriy (121).mov,_kotoriy,217404,validation
P2_kotoriy_0122_6125a6c8ce96,P2,kotoriy,122,_kotoriy/P2_kotoriy (122).mov,_kotoriy,219560,validation
P2_kotoriy_0123_4dbe72545dd7,P2,kotoriy,123,_kotoriy/P2_kotoriy (123).mov,_kotoriy,217392,validation
P2_kotoriy_0124_5c1c46c1b8e1,P2,kotoriy,124,_kotoriy/P2_kotoriy (124).mov,_kotoriy,195908,validation
P2_kotoriy_0125_fbefd3f8ebc2,P2,kotoriy,125,_kotoriy/P2_kotoriy (125).mov,_kotoriy,175042,validation
P2_kotoriy_0126_a9c9ed87c63c,P2,kotoriy,126,_kotoriy/P2_kotoriy (126).mov,_kotoriy,176370,validation
P2_kotoriy_0127_2557055167fa,P2,kotoriy,127,_kotoriy/P2_kotoriy (127).mov,_kotoriy,151541,validation
P2_kotoriy_0128_969479e704a2,P2,kotoriy,128,_kotoriy/P2_kotoriy (128).mov,_kotoriy,172741,validation
P2_kotoriy_0129_497c9ff76265,P2,kotoriy,129,_kotoriy/P2_kotoriy (129).mov,_kotoriy,152878,validation
P2_kotoriy_0013_9c379d41e943,P2,kotoriy,13,_kotoriy/P2_kotoriy (13).mov,_kotoriy,200153,validation
P2_kotoriy_0130_94b18820b581,P2,kotoriy,130,_kotoriy/P2_kotoriy (130).mov,_kotoriy,167020,validation
P2_kotoriy_0131_aec0dcc61486,P2,kotoriy,131,_kotoriy/P2_kotoriy (131).mov,_kotoriy,191905,validation
P2_kotoriy_0132_a42d6455a17d,P2,kotoriy,132,_kotoriy/P2_kotoriy (132).mov,_kotoriy,150822,validation
P2_kotoriy_0133_3ede00248897,P2,kotoriy,133,_kotoriy/P2_kotoriy (133).mov,_kotoriy,149387,validation
P2_kotoriy_0134_c1df58a6769f,P2,kotoriy,134,_kotoriy/P2_kotoriy (134).mov,_kotoriy,171375,validation
P2_kotoriy_0135_be8c8844ec99,P2,kotoriy,135,_kotoriy/P2_kotoriy (135).mov,_kotoriy,180099,validation
P2_kotoriy_0136_db5eb1c73aa2,P2,kotoriy,136,_kotoriy/P2_kotoriy (136).mov,_kotoriy,180581,validation
P2_kotoriy_0137_f145bbd3cc04,P2,kotoriy,137,_kotoriy/P2_kotoriy (137).mov,_kotoriy,167722,validation
P2_kotoriy_0138_06fed0bad394,P2,kotoriy,138,_kotoriy/P2_kotoriy (138).mov,_kotoriy,139177,validation
P2_kotoriy_0139_d1fa52c9ba3e,P2,kotoriy,139,_kotoriy/P2_kotoriy (139).mov,_kotoriy,178150,validation
P2_kotoriy_0014_ce5e1c341382,P2,kotoriy,14,_kotoriy/P2_kotoriy (14).mov,_kotoriy,173281,validation
P2_kotoriy_0140_b87eaf3a254a,P2,kotoriy,140,_kotoriy/P2_kotoriy (140).mov,_kotoriy,187234,validation
P2_kotoriy_0141_5a230dcf8f6c,P2,kotoriy,141,_kotoriy/P2_kotoriy (141).mov,_kotoriy,180123,validation
P2_kotoriy_0142_180e01f4b50f,P2,kotoriy,142,_kotoriy/P2_kotoriy (142).mov,_kotoriy,191378,validation
P2_kotoriy_0143_de5eb58bce8d,P2,kotoriy,143,_kotoriy/P2_kotoriy (143).mov,_kotoriy,145537,validation
P2_kotoriy_0144_26d55911a67c,P2,kotoriy,144,_kotoriy/P2_kotoriy (144).mov,_kotoriy,139009,validation
P2_kotoriy_0145_712c5ca301a2,P2,kotoriy,145,_kotoriy/P2_kotoriy (145).mov,_kotoriy,126796,validation
P2_kotoriy_0146_452d2e14ec28,P2,kotoriy,146,_kotoriy/P2_kotoriy (146).mov,_kotoriy,142593,validation
P2_kotoriy_0147_97762658ca34,P2,kotoriy,147,_kotoriy/P2_kotoriy (147).mov,_kotoriy,174519,validation
P2_kotoriy_0148_549ca990d5b0,P2,kotoriy,148,_kotoriy/P2_kotoriy (148).mov,_kotoriy,150048,validation
P2_kotoriy_0149_2b1baa33f934,P2,kotoriy,149,_kotoriy/P2_kotoriy (149).mov,_kotoriy,158974,validation
P2_kotoriy_0015_84b6182fb180,P2,kotoriy,15,_kotoriy/P2_kotoriy (15).mov,_kotoriy,186198,validation
P2_kotoriy_0150_78aa43bc818b,P2,kotoriy,150,_kotoriy/P2_kotoriy (150).mov,_kotoriy,165747,validation
P2_kotoriy_0151_93742bebfb53,P2,kotoriy,151,_kotoriy/P2_kotoriy (151).mov,_kotoriy,172980,validation
P2_kotoriy_0152_bc6c994a29e7,P2,kotoriy,152,_kotoriy/P2_kotoriy (152).mov,_kotoriy,169679,validation
P2_kotoriy_0153_213ed0b423a0,P2,kotoriy,153,_kotoriy/P2_kotoriy (153).mov,_kotoriy,132512,validation
P2_kotoriy_0154_99d6cf5d2efd,P2,kotoriy,154,_kotoriy/P2_kotoriy (154).mov,_kotoriy,172853,validation
P2_kotoriy_0155_f935485aebb7,P2,kotoriy,155,_kotoriy/P2_kotoriy (155).mov,_kotoriy,154809,validation
P2_kotoriy_0156_b1de556c58dc,P2,kotoriy,156,_kotoriy/P2_kotoriy (156).mov,_kotoriy,172147,validation
P2_kotoriy_0157_ce9b99d19352,P2,kotoriy,157,_kotoriy/P2_kotoriy (157).mov,_kotoriy,143082,validation
P2_kotoriy_0158_d9864d3c1b62,P2,kotoriy,158,_kotoriy/P2_kotoriy (158).mov,_kotoriy,207849,validation
P2_kotoriy_0159_e86586cb46e9,P2,kotoriy,159,_kotoriy/P2_kotoriy (159).mov,_kotoriy,239101,validation
P2_kotoriy_0016_7071c4084c71,P2,kotoriy,16,_kotoriy/P2_kotoriy (16).mov,_kotoriy,175649,validation
P2_kotoriy_0160_28aecf67e2b3,P2,kotoriy,160,_kotoriy/P2_kotoriy (160).mov,_kotoriy,207855,validation
P2_kotoriy_0017_67eaa4720d7e,P2,kotoriy,17,_kotoriy/P2_kotoriy (17).mov,_kotoriy,206819,validation
P2_kotoriy_0018_861136441041,P2,kotoriy,18,_kotoriy/P2_kotoriy (18).mov,_kotoriy,163883,validation
P2_kotoriy_0019_19b72a484b56,P2,kotoriy,19,_kotoriy/P2_kotoriy (19).mov,_kotoriy,166838,validation
P2_kotoriy_0002_b9756d200c06,P2,kotoriy,2,_kotoriy/P2_kotoriy (2).mov,_kotoriy,215738,validation
P2_kotoriy_0020_9c3619898169,P2,kotoriy,20,_kotoriy/P2_kotoriy (20).mov,_kotoriy,179066,validation
P2_kotoriy_0021_5223fff888ef,P2,kotoriy,21,_kotoriy/P2_kotoriy (21).mov,_kotoriy,163876,validation
P2_kotoriy_0022_1d31face32f5,P2,kotoriy,22,_kotoriy/P2_kotoriy (22).mov,_kotoriy,159199,validation
P2_kotoriy_0023_943a9764c7ee,P2,kotoriy,23,_kotoriy/P2_kotoriy (23).mov,_kotoriy,172819,validation
P2_kotoriy_0024_a457347313b5,P2,kotoriy,24,_kotoriy/P2_kotoriy (24).mov,_kotoriy,153262,validation
P2_kotoriy_0025_455ede397841,P2,kotoriy,25,_kotoriy/P2_kotoriy (25).mov,_kotoriy,151093,validation
P2_kotoriy_0026_8e98485b41ee,P2,kotoriy,26,_kotoriy/P2_kotoriy (26).mov,_kotoriy,181698,validation
P2_kotoriy_0027_a8f03cd98d9e,P2,kotoriy,27,_kotoriy/P2_kotoriy (27).mov,_kotoriy,192183,validation
P2_kotoriy_0028_c47418b8707b,P2,kotoriy,28,_kotoriy/P2_kotoriy (28).mov,_kotoriy,199770,validation
P2_kotoriy_0029_e64c547d0058,P2,kotoriy,29,_kotoriy/P2_kotoriy (29).mov,_kotoriy,184225,validation
P2_kotoriy_0003_9631f9b3d339,P2,kotoriy,3,_kotoriy/P2_kotoriy (3).mov,_kotoriy,184402,validation
P2_kotoriy_0030_5a943a2fe758,P2,kotoriy,30,_kotoriy/P2_kotoriy (30).mov,_kotoriy,184840,validation
P2_kotoriy_0031_d8ef71e0dbc1,P2,kotoriy,31,_kotoriy/P2_kotoriy (31).mov,_kotoriy,202149,validation
P2_kotoriy_0032_d8894594dbbc,P2,kotoriy,32,_kotoriy/P2_kotoriy (32).mov,_kotoriy,178343,validation
P2_kotoriy_0033_d0b504693e43,P2,kotoriy,33,_kotoriy/P2_kotoriy (33).mov,_kotoriy,205624,validation
P2_kotoriy_0034_aeb2c4334b4c,P2,kotoriy,34,_kotoriy/P2_kotoriy (34).mov,_kotoriy,190440,validation
P2_kotoriy_0035_24f2408ead7f,P2,kotoriy,35,_kotoriy/P2_kotoriy (35).mov,_kotoriy,162819,validation
P2_kotoriy_0036_9ed00863ab80,P2,kotoriy,36,_kotoriy/P2_kotoriy (36).mov,_kotoriy,177852,validation
P2_kotoriy_0037_e00fdcc966ca,P2,kotoriy,37,_kotoriy/P2_kotoriy (37).mov,_kotoriy,208955,validation
P2_kotoriy_0038_56bf86c07671,P2,kotoriy,38,_kotoriy/P2_kotoriy (38).mov,_kotoriy,176686,validation
P2_kotoriy_0039_8eea745a06c4,P2,kotoriy,39,_kotoriy/P2_kotoriy (39).mov,_kotoriy,170941,validation
P2_kotoriy_0004_0a55d41a52f3,P2,kotoriy,4,_kotoriy/P2_kotoriy (4).mov,_kotoriy,202634,validation
P2_kotoriy_0040_6ca827a5f288,P2,kotoriy,40,_kotoriy/P2_kotoriy (40).mov,_kotoriy,204728,validation
P2_kotoriy_0041_ebe1ff33c5c2,P2,kotoriy,41,_kotoriy/P2_kotoriy (41).mov,_kotoriy,179918,validation
P2_kotoriy_0042_675eca104c7c,P2,kotoriy,42,_kotoriy/P2_kotoriy (42).mov,_kotoriy,170552,validation
P2_kotoriy_0043_8a067238a253,P2,kotoriy,43,_kotoriy/P2_kotoriy (43).mov,_kotoriy,160623,validation
P2_kotoriy_0044_bad8a1cf2654,P2,kotoriy,44,_kotoriy/P2_kotoriy (44).mov,_kotoriy,143473,validation
P2_kotoriy_0045_190cbaf357dd,P2,kotoriy,45,_kotoriy/P2_kotoriy (45).mov,_kotoriy,166942,validation
P2_kotoriy_0046_2cf6714221e4,P2,kotoriy,46,_kotoriy/P2_kotoriy (46).mov,_kotoriy,153186,validation
P2_kotoriy_0047_a345b937eabf,P2,kotoriy,47,_kotoriy/P2_kotoriy (47).mov,_kotoriy,169939,validation
P2_kotoriy_0048_5d89a4e3afe3,P2,kotoriy,48,_kotoriy/P2_kotoriy (48).mov,_kotoriy,198447,validation
P2_kotoriy_0049_be6beec5e3d5,P2,kotoriy,49,_kotoriy/P2_kotoriy (49).mov,_kotoriy,177040,validation
P2_kotoriy_0005_0c5c11fcdbc2,P2,kotoriy,5,_kotoriy/P2_kotoriy (5).mov,_kotoriy,187043,validation
P2_kotoriy_0050_dd06e3358a57,P2,kotoriy,50,_kotoriy/P2_kotoriy (50).mov,_kotoriy,186946,validation
P2_kotoriy_0051_f619ea97c9ca,P2,kotoriy,51,_kotoriy/P2_kotoriy (51).mov,_kotoriy,191207,validation
P2_kotoriy_0052_f44bc4bceca7,P2,kotoriy,52,_kotoriy/P2_kotoriy (52).mov,_kotoriy,178277,validation
P2_kotoriy_0053_6c6d9aa8ce7c,P2,kotoriy,53,_kotoriy/P2_kotoriy (53).mov,_kotoriy,183036,validation
P2_kotoriy_0054_fc08ccca4697,P2,kotoriy,54,_kotoriy/P2_kotoriy (54).mov,_kotoriy,178778,validation
P2_kotoriy_0055_f280cda878ab,P2,kotoriy,55,_kotoriy/P2_kotoriy (55).mov,_kotoriy,213331,validation
P2_kotoriy_0056_337a64c6fa42,P2,kotoriy,56,_kotoriy/P2_kotoriy (56).mov,_kotoriy,214208,validation
P2_kotoriy_0057_5a5118d4776d,P2,kotoriy,57,_kotoriy/P2_kotoriy (57).mov,_kotoriy,101506,validation
P2_kotoriy_0058_c7baba72b258,P2,kotoriy,58,_kotoriy/P2_kotoriy (58).mov,_kotoriy,130290,validation
P2_kotoriy_0059_4875bf5e042f,P2,kotoriy,59,_kotoriy/P2_kotoriy (59).mov,_kotoriy,127622,validation
P2_kotoriy_0006_50105c7baa0d,P2,kotoriy,6,_kotoriy/P2_kotoriy (6).mov,_kotoriy,187043,validation
P2_kotoriy_0060_ebeff5f02f72,P2,kotoriy,60,_kotoriy/P2_kotoriy (60).mov,_kotoriy,126336,validation
P2_kotoriy_0061_8eee30ad539a,P2,kotoriy,61,_kotoriy/P2_kotoriy (61).mov,_kotoriy,117506,validation
P2_kotoriy_0062_506a2f302e0d,P2,kotoriy,62,_kotoriy/P2_kotoriy (62).mov,_kotoriy,116775,validation
P2_kotoriy_0063_15703affb02e,P2,kotoriy,63,_kotoriy/P2_kotoriy (63).mov,_kotoriy,125195,validation
P2_kotoriy_0064_8bc0f65a2459,P2,kotoriy,64,_kotoriy/P2_kotoriy (64).mov,_kotoriy,130533,validation
P2_kotoriy_0065_e48aac2773ed,P2,kotoriy,65,_kotoriy/P2_kotoriy (65).mov,_kotoriy,108624,validation
P2_kotoriy_0066_38329985583f,P2,kotoriy,66,_kotoriy/P2_kotoriy (66).mov,_kotoriy,101696,validation
P2_kotoriy_0067_5b9a8ac1dbfe,P2,kotoriy,67,_kotoriy/P2_kotoriy (67).mov,_kotoriy,108963,validation
P2_kotoriy_0068_d5b3c24b8095,P2,kotoriy,68,_kotoriy/P2_kotoriy (68).mov,_kotoriy,117506,validation
P2_kotoriy_0069_d5a44e84d0b6,P2,kotoriy,69,_kotoriy/P2_kotoriy (69).mov,_kotoriy,130290,validation
P2_kotoriy_0007_4a124a27231d,P2,kotoriy,7,_kotoriy/P2_kotoriy (7).mov,_kotoriy,204060,validation
P2_kotoriy_0070_fa43e3855a71,P2,kotoriy,70,_kotoriy/P2_kotoriy (70).mov,_kotoriy,118835,validation
P2_kotoriy_0071_d29b1c7356c8,P2,kotoriy,71,_kotoriy/P2_kotoriy (71).mov,_kotoriy,101506,validation
P2_kotoriy_0072_2acf81df8b4c,P2,kotoriy,72,_kotoriy/P2_kotoriy (72).mov,_kotoriy,99186,validation
P2_kotoriy_0073_b38d09326c48,P2,kotoriy,73,_kotoriy/P2_kotoriy (73).mov,_kotoriy,107413,validation
P2_kotoriy_0074_8c7189fa7d10,P2,kotoriy,74,_kotoriy/P2_kotoriy (74).mov,_kotoriy,130290,validation
P2_kotoriy_0075_9649da35dc43,P2,kotoriy,75,_kotoriy/P2_kotoriy (75).mov,_kotoriy,127622,validation
P2_kotoriy_0076_0f8fb7bb19e3,P2,kotoriy,76,_kotoriy/P2_kotoriy (76).mov,_kotoriy,118835,validation
P2_kotoriy_0077_88e0cada02fa,P2,kotoriy,77,_kotoriy/P2_kotoriy (77).mov,_kotoriy,136015,validation
P2_kotoriy_0078_066f8b37dc49,P2,kotoriy,78,_kotoriy/P2_kotoriy (78).mov,_kotoriy,145359,validation
P2_kotoriy_0079_6bfa234a76b4,P2,kotoriy,79,_kotoriy/P2_kotoriy (79).mov,_kotoriy,160578,validation
P2_kotoriy_0008_242856a013b9,P2,kotoriy,8,_kotoriy/P2_kotoriy (8).mov,_kotoriy,185314,validation
P2_kotoriy_0080_848d4dfc2532,P2,kotoriy,80,_kotoriy/P2_kotoriy (80).mov,_kotoriy,152187,validation
P2_kotoriy_0081_9ec9baf1fe4e,P2,kotoriy,81,_kotoriy/P2_kotoriy (81).mov,_kotoriy,125955,validation
P2_kotoriy_0082_489473a90645,P2,kotoriy,82,_kotoriy/P2_kotoriy (82).mov,_kotoriy,139920,validation
P2_kotoriy_0083_8e4860486dff,P2,kotoriy,83,_kotoriy/P2_kotoriy (83).mov,_kotoriy,119169,validation
P2_kotoriy_0084_2685492a3713,P2,kotoriy,84,_kotoriy/P2_kotoriy (84).mov,_kotoriy,149461,validation
P2_kotoriy_0085_0810af771ded,P2,kotoriy,85,_kotoriy/P2_kotoriy (85).mov,_kotoriy,144078,validation
P2_kotoriy_0086_b9a67256ad3d,P2,kotoriy,86,_kotoriy/P2_kotoriy (86).mov,_kotoriy,122457,validation
P2_kotoriy_0087_11f62f06c9a8,P2,kotoriy,87,_kotoriy/P2_kotoriy (87).mov,_kotoriy,143027,validation
P2_kotoriy_0088_1b86fcb52141,P2,kotoriy,88,_kotoriy/P2_kotoriy (88).mov,_kotoriy,124960,validation
P2_kotoriy_0089_73bfaa565e0e,P2,kotoriy,89,_kotoriy/P2_kotoriy (89).mov,_kotoriy,131503,validation
P2_kotoriy_0009_d1e6ca4ea6dd,P2,kotoriy,9,_kotoriy/P2_kotoriy (9).mov,_kotoriy,226931,validation
P2_kotoriy_0090_cb2cc608c54d,P2,kotoriy,90,_kotoriy/P2_kotoriy (90).mov,_kotoriy,77071,validation
P2_kotoriy_0091_32832548cf41,P2,kotoriy,91,_kotoriy/P2_kotoriy (91).mov,_kotoriy,106683,validation
P2_kotoriy_0092_64b3eaca7e86,P2,kotoriy,92,_kotoriy/P2_kotoriy (92).mov,_kotoriy,100264,validation
P2_kotoriy_0093_31da768df785,P2,kotoriy,93,_kotoriy/P2_kotoriy (93).mov,_kotoriy,120463,validation
P2_kotoriy_0094_93456047e7dd,P2,kotoriy,94,_kotoriy/P2_kotoriy (94).mov,_kotoriy,107413,validation
P2_kotoriy_0095_d2f20f9e8cf9,P2,kotoriy,95,_kotoriy/P2_kotoriy (95).mov,_kotoriy,106844,validation
P2_kotoriy_0096_2c45b270e7e9,P2,kotoriy,96,_kotoriy/P2_kotoriy (96).mov,_kotoriy,118835,validation
P2_kotoriy_0097_5c33bcfa81bd,P2,kotoriy,97,_kotoriy/P2_kotoriy (97).mov,_kotoriy,209925,validation
P2_kotoriy_0098_15db58899be7,P2,kotoriy,98,_kotoriy/P2_kotoriy (98).mov,_kotoriy,146894,validation
P2_kotoriy_0099_31cc38446597,P2,kotoriy,99,_kotoriy/P2_kotoriy (99).mov,_kotoriy,179665,validation
P3_kotoriy_0001_b5ef8db4c52e,P3,kotoriy,1,_kotoriy/P3_kotoriy (1).mov,_kotoriy,92305,train
P3_kotoriy_0010_063ba15362d0,P3,kotoriy,10,_kotoriy/P3_kotoriy (10).mov,_kotoriy,68711,train
P3_kotoriy_0011_3f643487d2c2,P3,kotoriy,11,_kotoriy/P3_kotoriy (11).mov,_kotoriy,79393,train
P3_kotoriy_0012_4e8575f1659f,P3,kotoriy,12,_kotoriy/P3_kotoriy (12).mov,_kotoriy,81951,train
P3_kotoriy_0013_f704afadb2bd,P3,kotoriy,13,_kotoriy/P3_kotoriy (13).mov,_kotoriy,185202,train
P3_kotoriy_0014_c2681058adab,P3,kotoriy,14,_kotoriy/P3_kotoriy (14).mov,_kotoriy,108651,train
P3_kotoriy_0015_adae44940e46,P3,kotoriy,15,_kotoriy/P3_kotoriy (15).mov,_kotoriy,93235,train
P3_kotoriy_0016_787c5dd79997,P3,kotoriy,16,_kotoriy/P3_kotoriy (16).mov,_kotoriy,101014,train
P3_kotoriy_0017_d5df481af71e,P3,kotoriy,17,_kotoriy/P3_kotoriy (17).mov,_kotoriy,99458,train
P3_kotoriy_0018_d792e9940636,P3,kotoriy,18,_kotoriy/P3_kotoriy (18).mov,_kotoriy,73480,train
P3_kotoriy_0019_646fe420f8ea,P3,kotoriy,19,_kotoriy/P3_kotoriy (19).mov,_kotoriy,75777,train
P3_kotoriy_0002_a274ae791e26,P3,kotoriy,2,_kotoriy/P3_kotoriy (2).mov,_kotoriy,102935,train
P3_kotoriy_0020_acef697c7309,P3,kotoriy,20,_kotoriy/P3_kotoriy (20).mov,_kotoriy,86674,train
P3_kotoriy_0021_3e430525afe5,P3,kotoriy,21,_kotoriy/P3_kotoriy (21).mov,_kotoriy,93444,train
P3_kotoriy_0022_f5199462e07c,P3,kotoriy,22,_kotoriy/P3_kotoriy (22).mov,_kotoriy,75096,train
P3_kotoriy_0023_732a19f21035,P3,kotoriy,23,_kotoriy/P3_kotoriy (23).mov,_kotoriy,70320,train
P3_kotoriy_0024_84cf101a7a92,P3,kotoriy,24,_kotoriy/P3_kotoriy (24).mov,_kotoriy,76132,train
P3_kotoriy_0025_8a8081fc554c,P3,kotoriy,25,_kotoriy/P3_kotoriy (25).mov,_kotoriy,60399,train
P3_kotoriy_0026_6bc53b28c329,P3,kotoriy,26,_kotoriy/P3_kotoriy (26).mov,_kotoriy,98801,train
P3_kotoriy_0027_534cb351ad7f,P3,kotoriy,27,_kotoriy/P3_kotoriy (27).mov,_kotoriy,88442,train
P3_kotoriy_0028_bfb100d53a6b,P3,kotoriy,28,_kotoriy/P3_kotoriy (28).mov,_kotoriy,86267,train
P3_kotoriy_0029_ac005f39c211,P3,kotoriy,29,_kotoriy/P3_kotoriy (29).mov,_kotoriy,90328,train
P3_kotoriy_0003_d198f51d511f,P3,kotoriy,3,_kotoriy/P3_kotoriy (3).mov,_kotoriy,116597,train
P3_kotoriy_0030_270feac9bc0a,P3,kotoriy,30,_kotoriy/P3_kotoriy (30).mov,_kotoriy,94786,train
P3_kotoriy_0031_56ccdd306a9c,P3,kotoriy,31,_kotoriy/P3_kotoriy (31).mov,_kotoriy,94329,train
P3_kotoriy_0032_7578e6138379,P3,kotoriy,32,_kotoriy/P3_kotoriy (32).mov,_kotoriy,74254,train
P3_kotoriy_0033_bf93323f1c7d,P3,kotoriy,33,_kotoriy/P3_kotoriy (33).mov,_kotoriy,84505,train
P3_kotoriy_0034_4a363893cf47,P3,kotoriy,34,_kotoriy/P3_kotoriy (34).mov,_kotoriy,65494,train
P3_kotoriy_0035_8fece7a20f5e,P3,kotoriy,35,_kotoriy/P3_kotoriy (35).mov,_kotoriy,75292,train
P3_kotoriy_0036_2f91dfa196f0,P3,kotoriy,36,_kotoriy/P3_kotoriy (36).mov,_kotoriy,75292,train
P3_kotoriy_0037_9bfbe05529f3,P3,kotoriy,37,_kotoriy/P3_kotoriy (37).mov,_kotoriy,99510,train
P3_kotoriy_0038_ce4f875715ea,P3,kotoriy,38,_kotoriy/P3_kotoriy (38).mov,_kotoriy,97094,train
P3_kotoriy_0039_eb3d886a8afe,P3,kotoriy,39,_kotoriy/P3_kotoriy (39).mov,_kotoriy,66311,train
P3_kotoriy_0004_a3a5674b373b,P3,kotoriy,4,_kotoriy/P3_kotoriy (4).mov,_kotoriy,96738,train
P3_kotoriy_0040_1bc3c1cdb80b,P3,kotoriy,40,_kotoriy/P3_kotoriy (40).mov,_kotoriy,146164,train
P3_kotoriy_0005_16f14018d922,P3,kotoriy,5,_kotoriy/P3_kotoriy (5).mov,_kotoriy,91948,train
P3_kotoriy_0006_49c0e62cd506,P3,kotoriy,6,_kotoriy/P3_kotoriy (6).mov,_kotoriy,91948,train
P3_kotoriy_0007_12964c8b7e62,P3,kotoriy,7,_kotoriy/P3_kotoriy (7).mov,_kotoriy,114558,train
P3_kotoriy_0008_60286b5e867d,P3,kotoriy,8,_kotoriy/P3_kotoriy (8).mov,_kotoriy,105014,train
P3_kotoriy_0009_a0e0a4989693,P3,kotoriy,9,_kotoriy/P3_kotoriy (9).mov,_kotoriy,118062,train
P4_kotoriy_0001_062ea819e1c5,P4,kotoriy,1,_kotoriy/P4_kotoriy (1).mov,_kotoriy,108797,train
P4_kotoriy_0010_e5863edb9e7d,P4,kotoriy,10,_kotoriy/P4_kotoriy (10).mov,_kotoriy,164460,train
P4_kotoriy_0011_b5794f413031,P4,kotoriy,11,_kotoriy/P4_kotoriy (11).mov,_kotoriy,152290,train
P4_kotoriy_0012_034533c058c2,P4,kotoriy,12,_kotoriy/P4_kotoriy (12).mov,_kotoriy,123515,train
P4_kotoriy_0013_8b56c717665d,P4,kotoriy,13,_kotoriy/P4_kotoriy (13).mov,_kotoriy,150906,train
P4_kotoriy_0014_bedd47c8a050,P4,kotoriy,14,_kotoriy/P4_kotoriy (14).mov,_kotoriy,153678,train
P4_kotoriy_0015_3b5fe138b3c1,P4,kotoriy,15,_kotoriy/P4_kotoriy (15).mov,_kotoriy,101417,train
P4_kotoriy_0016_678d8abd04ed,P4,kotoriy,16,_kotoriy/P4_kotoriy (16).mov,_kotoriy,102427,train
P4_kotoriy_0017_11899afdbaab,P4,kotoriy,17,_kotoriy/P4_kotoriy (17).mov,_kotoriy,110157,train
P4_kotoriy_0018_29993fa7cabd,P4,kotoriy,18,_kotoriy/P4_kotoriy (18).mov,_kotoriy,171676,train
P4_kotoriy_0019_335cc7f7b706,P4,kotoriy,19,_kotoriy/P4_kotoriy (19).mov,_kotoriy,135183,train
P4_kotoriy_0002_5a433c570df4,P4,kotoriy,2,_kotoriy/P4_kotoriy (2).mov,_kotoriy,157388,train
P4_kotoriy_0020_c86462027d54,P4,kotoriy,20,_kotoriy/P4_kotoriy (20).mov,_kotoriy,131718,train
P4_kotoriy_0021_2896b519958e,P4,kotoriy,21,_kotoriy/P4_kotoriy (21).mov,_kotoriy,113585,train
P4_kotoriy_0022_0c3db0f8eb59,P4,kotoriy,22,_kotoriy/P4_kotoriy (22).mov,_kotoriy,108507,train
P4_kotoriy_0023_6a0ad840cbfe,P4,kotoriy,23,_kotoriy/P4_kotoriy (23).mov,_kotoriy,166062,train
P4_kotoriy_0024_1655cf37e121,P4,kotoriy,24,_kotoriy/P4_kotoriy (24).mov,_kotoriy,194896,train
P4_kotoriy_0025_527f6e3d4e57,P4,kotoriy,25,_kotoriy/P4_kotoriy (25).mov,_kotoriy,170954,train
P4_kotoriy_0026_87ea840631e3,P4,kotoriy,26,_kotoriy/P4_kotoriy (26).mov,_kotoriy,134517,train
P4_kotoriy_0027_54f6ad4e7a1b,P4,kotoriy,27,_kotoriy/P4_kotoriy (27).mov,_kotoriy,143611,train
P4_kotoriy_0028_053251012bd4,P4,kotoriy,28,_kotoriy/P4_kotoriy (28).mov,_kotoriy,119251,train
P4_kotoriy_0029_006b77e0907b,P4,kotoriy,29,_kotoriy/P4_kotoriy (29).mov,_kotoriy,144959,train
P4_kotoriy_0003_909a8cfa26de,P4,kotoriy,3,_kotoriy/P4_kotoriy (3).mov,_kotoriy,155581,train
P4_kotoriy_0030_9944983b1e8b,P4,kotoriy,30,_kotoriy/P4_kotoriy (30).mov,_kotoriy,142487,train
P4_kotoriy_0031_736a29dcda1b,P4,kotoriy,31,_kotoriy/P4_kotoriy (31).mov,_kotoriy,134647,train
P4_kotoriy_0032_fe8ce57381cc,P4,kotoriy,32,_kotoriy/P4_kotoriy (32).mov,_kotoriy,158009,train
P4_kotoriy_0033_b6f11c7a02fa,P4,kotoriy,33,_kotoriy/P4_kotoriy (33).mov,_kotoriy,144907,train
P4_kotoriy_0034_1da483a0e28f,P4,kotoriy,34,_kotoriy/P4_kotoriy (34).mov,_kotoriy,132544,train
P4_kotoriy_0035_01101bc627eb,P4,kotoriy,35,_kotoriy/P4_kotoriy (35).mov,_kotoriy,137611,train
P4_kotoriy_0036_639cdaa57425,P4,kotoriy,36,_kotoriy/P4_kotoriy (36).mov,_kotoriy,174183,train
P4_kotoriy_0037_62f2c43890e9,P4,kotoriy,37,_kotoriy/P4_kotoriy (37).mov,_kotoriy,250945,train
P4_kotoriy_0038_3e03a203078b,P4,kotoriy,38,_kotoriy/P4_kotoriy (38).mov,_kotoriy,114385,train
P4_kotoriy_0039_85f209d47961,P4,kotoriy,39,_kotoriy/P4_kotoriy (39).mov,_kotoriy,113048,train
P4_kotoriy_0004_8016fd1bc11f,P4,kotoriy,4,_kotoriy/P4_kotoriy (4).mov,_kotoriy,140605,train
P4_kotoriy_0040_cc1140cdc31a,P4,kotoriy,40,_kotoriy/P4_kotoriy (40).mov,_kotoriy,101336,train
P4_kotoriy_0005_90ed29ec2fc7,P4,kotoriy,5,_kotoriy/P4_kotoriy (5).mov,_kotoriy,146240,train
P4_kotoriy_0006_0ba757336195,P4,kotoriy,6,_kotoriy/P4_kotoriy (6).mov,_kotoriy,128142,train
P4_kotoriy_0007_e4353d99c8e1,P4,kotoriy,7,_kotoriy/P4_kotoriy (7).mov,_kotoriy,123257,train
P4_kotoriy_0008_4e3f76300b3f,P4,kotoriy,8,_kotoriy/P4_kotoriy (8).mov,_kotoriy,105990,train
P4_kotoriy_0009_39ba14e23c15,P4,kotoriy,9,_kotoriy/P4_kotoriy (9).mov,_kotoriy,97690,train
P5_kotoriy_0001_d2b20db29e24,P5,kotoriy,1,_kotoriy/P5_kotoriy (1).mov,_kotoriy,216468,train
P5_kotoriy_0010_2238bd87e448,P5,kotoriy,10,_kotoriy/P5_kotoriy (10).mov,_kotoriy,136607,train
P5_kotoriy_0011_3fa7915fbc5f,P5,kotoriy,11,_kotoriy/P5_kotoriy (11).mov,_kotoriy,183009,train
P5_kotoriy_0012_46493398d686,P5,kotoriy,12,_kotoriy/P5_kotoriy (12).mov,_kotoriy,120118,train
P5_kotoriy_0013_efba094584e4,P5,kotoriy,13,_kotoriy/P5_kotoriy (13).mov,_kotoriy,127894,train
P5_kotoriy_0014_803197f02d4d,P5,kotoriy,14,_kotoriy/P5_kotoriy (14).mov,_kotoriy,129701,train
P5_kotoriy_0015_3e5929cbb789,P5,kotoriy,15,_kotoriy/P5_kotoriy (15).mov,_kotoriy,180552,train
P5_kotoriy_0016_c2eb646fc3cb,P5,kotoriy,16,_kotoriy/P5_kotoriy (16).mov,_kotoriy,134323,train
P5_kotoriy_0017_a44aae7b87b0,P5,kotoriy,17,_kotoriy/P5_kotoriy (17).mov,_kotoriy,221525,train
P5_kotoriy_0018_268f472c758d,P5,kotoriy,18,_kotoriy/P5_kotoriy (18).mov,_kotoriy,164524,train
P5_kotoriy_0019_340572f86850,P5,kotoriy,19,_kotoriy/P5_kotoriy (19).mov,_kotoriy,173019,train
P5_kotoriy_0002_2b9d4657432a,P5,kotoriy,2,_kotoriy/P5_kotoriy (2).mov,_kotoriy,159073,train
P5_kotoriy_0020_f92d04e147fd,P5,kotoriy,20,_kotoriy/P5_kotoriy (20).mov,_kotoriy,133771,train
P5_kotoriy_0021_a46fa4b749e7,P5,kotoriy,21,_kotoriy/P5_kotoriy (21).mov,_kotoriy,290467,train
P5_kotoriy_0022_6f62be5d126a,P5,kotoriy,22,_kotoriy/P5_kotoriy (22).mov,_kotoriy,137240,train
P5_kotoriy_0023_bb907181ec60,P5,kotoriy,23,_kotoriy/P5_kotoriy (23).mov,_kotoriy,170864,train
P5_kotoriy_0024_329c7e071f9a,P5,kotoriy,24,_kotoriy/P5_kotoriy (24).mov,_kotoriy,148986,train
P5_kotoriy_0025_842ddfceab02,P5,kotoriy,25,_kotoriy/P5_kotoriy (25).mov,_kotoriy,199495,train
P5_kotoriy_0026_bf17fc3b322f,P5,kotoriy,26,_kotoriy/P5_kotoriy (26).mov,_kotoriy,188348,train
P5_kotoriy_0027_2c9e5c0b1c91,P5,kotoriy,27,_kotoriy/P5_kotoriy (27).mov,_kotoriy,193077,train
P5_kotoriy_0028_d919700a6b6f,P5,kotoriy,28,_kotoriy/P5_kotoriy (28).mov,_kotoriy,140639,train
P5_kotoriy_0029_99ff96e87b2c,P5,kotoriy,29,_kotoriy/P5_kotoriy (29).mov,_kotoriy,169099,train
P5_kotoriy_0003_db38fb23f8a4,P5,kotoriy,3,_kotoriy/P5_kotoriy (3).mov,_kotoriy,204304,train
P5_kotoriy_0030_93928bb98fa5,P5,kotoriy,30,_kotoriy/P5_kotoriy (30).mov,_kotoriy,174838,train
P5_kotoriy_0031_910732399c27,P5,kotoriy,31,_kotoriy/P5_kotoriy (31).mov,_kotoriy,133887,train
P5_kotoriy_0032_e0a0e621c7fa,P5,kotoriy,32,_kotoriy/P5_kotoriy (32).mov,_kotoriy,176236,train
P5_kotoriy_0033_eafd6f77bada,P5,kotoriy,33,_kotoriy/P5_kotoriy (33).mov,_kotoriy,165690,train
P5_kotoriy_0034_12389609c282,P5,kotoriy,34,_kotoriy/P5_kotoriy (34).mov,_kotoriy,134271,train
P5_kotoriy_0035_cb97fa610203,P5,kotoriy,35,_kotoriy/P5_kotoriy (35).mov,_kotoriy,165418,train
P5_kotoriy_0036_fe6bcdf2ff9c,P5,kotoriy,36,_kotoriy/P5_kotoriy (36).mov,_kotoriy,85316,train
P5_kotoriy_0037_c15f9c81d445,P5,kotoriy,37,_kotoriy/P5_kotoriy (37).mov,_kotoriy,106525,train
P5_kotoriy_0038_999b368b30e4,P5,kotoriy,38,_kotoriy/P5_kotoriy (38).mov,_kotoriy,174838,train
P5_kotoriy_0039_083874c6c675,P5,kotoriy,39,_kotoriy/P5_kotoriy (39).mov,_kotoriy,172049,train
P5_kotoriy_0004_7ca5944e5307,P5,kotoriy,4,_kotoriy/P5_kotoriy (4).mov,_kotoriy,223515,train
P5_kotoriy_0040_4e7c35038554,P5,kotoriy,40,_kotoriy/P5_kotoriy (40).mov,_kotoriy,168258,train
P5_kotoriy_0005_950a67130667,P5,kotoriy,5,_kotoriy/P5_kotoriy (5).mov,_kotoriy,180237,train
P5_kotoriy_0006_f95a88fafe7b,P5,kotoriy,6,_kotoriy/P5_kotoriy (6).mov,_kotoriy,141684,train
P5_kotoriy_0007_7217742845ff,P5,kotoriy,7,_kotoriy/P5_kotoriy (7).mov,_kotoriy,120873,train
P5_kotoriy_0008_c1eeee4f99db,P5,kotoriy,8,_kotoriy/P5_kotoriy (8).mov,_kotoriy,174052,train
P5_kotoriy_0009_0ee2444a36b3,P5,kotoriy,9,_kotoriy/P5_kotoriy (9).mov,_kotoriy,140569,train
P1_kotoriyQ_0001_1c2ed00d32d2,P1,kotoriyQ,1,_kotoriy_q/P1_kotoriyQ (1).mov,_kotoriy_q,145077,test
P1_kotoriyQ_0010_b76202427ca8,P1,kotoriyQ,10,_kotoriy_q/P1_kotoriyQ (10).mov,_kotoriy_q,196971,test
P1_kotoriyQ_0011_47e39af6d39e,P1,kotoriyQ,11,_kotoriy_q/P1_kotoriyQ (11).mov,_kotoriy_q,192022,test
P1_kotoriyQ_0012_e21c9b473611,P1,kotoriyQ,12,_kotoriy_q/P1_kotoriyQ (12).mov,_kotoriy_q,202976,test
P1_kotoriyQ_0013_1373b897b0fe,P1,kotoriyQ,13,_kotoriy_q/P1_kotoriyQ (13).mov,_kotoriy_q,142714,test
P1_kotoriyQ_0014_f5ae4eba9bfa,P1,kotoriyQ,14,_kotoriy_q/P1_kotoriyQ (14).mov,_kotoriy_q,171024,test
P1_kotoriyQ_0015_b91262343827,P1,kotoriyQ,15,_kotoriy_q/P1_kotoriyQ (15).mov,_kotoriy_q,139708,test
P1_kotoriyQ_0016_e98df10ad668,P1,kotoriyQ,16,_kotoriy_q/P1_kotoriyQ (16).mov,_kotoriy_q,160267,test
P1_kotoriyQ_0017_3c5315c23431,P1,kotoriyQ,17,_kotoriy_q/P1_kotoriyQ (17).mov,_kotoriy_q,145924,test
P1_kotoriyQ_0018_653aa7339cbd,P1,kotoriyQ,18,_kotoriy_q/P1_kotoriyQ (18).mov,_kotoriy_q,203419,test
P1_kotoriyQ_0019_36c50a40de36,P1,kotoriyQ,19,_kotoriy_q/P1_kotoriyQ (19).mov,_kotoriy_q,172461,test
P1_kotoriyQ_0002_7db389e7ac53,P1,kotoriyQ,2,_kotoriy_q/P1_kotoriyQ (2).mov,_kotoriy_q,145785,test
P1_kotoriyQ_0020_317d3dc29ecc,P1,kotoriyQ,20,_kotoriy_q/P1_kotoriyQ (20).mov,_kotoriy_q,176744,test
P1_kotoriyQ_0021_0fc75e364681,P1,kotoriyQ,21,_kotoriy_q/P1_kotoriyQ (21).mov,_kotoriy_q,141735,test
P1_kotoriyQ_0022_78906b9a4efd,P1,kotoriyQ,22,_kotoriy_q/P1_kotoriyQ (22).mov,_kotoriy_q,156046,test
P1_kotoriyQ_0023_9c3ec2fad3f4,P1,kotoriyQ,23,_kotoriy_q/P1_kotoriyQ (23).mov,_kotoriy_q,172214,test
P1_kotoriyQ_0024_70cbd53d7cfa,P1,kotoriyQ,24,_kotoriy_q/P1_kotoriyQ (24).mov,_kotoriy_q,207214,test
P1_kotoriyQ_0025_e2247cdf4288,P1,kotoriyQ,25,_kotoriy_q/P1_kotoriyQ (25).mov,_kotoriy_q,238809,test
P1_kotoriyQ_0026_0886332f710c,P1,kotoriyQ,26,_kotoriy_q/P1_kotoriyQ (26).mov,_kotoriy_q,190828,test
P1_kotoriyQ_0027_07033cf4ac19,P1,kotoriyQ,27,_kotoriy_q/P1_kotoriyQ (27).mov,_kotoriy_q,233987,test
P1_kotoriyQ_0028_90938a80b4af,P1,kotoriyQ,28,_kotoriy_q/P1_kotoriyQ (28).mov,_kotoriy_q,183663,test
P1_kotoriyQ_0029_64898cb2a6f1,P1,kotoriyQ,29,_kotoriy_q/P1_kotoriyQ (29).mov,_kotoriy_q,133534,test
P1_kotoriyQ_0003_6ab4acb54f74,P1,kotoriyQ,3,_kotoriy_q/P1_kotoriyQ (3).mov,_kotoriy_q,158274,test
P1_kotoriyQ_0030_698948e3fa43,P1,kotoriyQ,30,_kotoriy_q/P1_kotoriyQ (30).mov,_kotoriy_q,278995,test
P1_kotoriyQ_0031_f2652899e813,P1,kotoriyQ,31,_kotoriy_q/P1_kotoriyQ (31).mov,_kotoriy_q,188920,test
P1_kotoriyQ_0032_73d270bb4528,P1,kotoriyQ,32,_kotoriy_q/P1_kotoriyQ (32).mov,_kotoriy_q,164929,test
P1_kotoriyQ_0033_dc2fcd575bbf,P1,kotoriyQ,33,_kotoriy_q/P1_kotoriyQ (33).mov,_kotoriy_q,222318,test
P1_kotoriyQ_0034_66df64997121,P1,kotoriyQ,34,_kotoriy_q/P1_kotoriyQ (34).mov,_kotoriy_q,144529,test
P1_kotoriyQ_0035_efb306d508b2,P1,kotoriyQ,35,_kotoriy_q/P1_kotoriyQ (35).mov,_kotoriy_q,207214,test
P1_kotoriyQ_0036_55c2c7a3bf79,P1,kotoriyQ,36,_kotoriy_q/P1_kotoriyQ (36).mov,_kotoriy_q,170899,test
P1_kotoriyQ_0037_8edf4f1d5f2b,P1,kotoriyQ,37,_kotoriy_q/P1_kotoriyQ (37).mov,_kotoriy_q,152291,test
P1_kotoriyQ_0038_1e9c90e093d3,P1,kotoriyQ,38,_kotoriy_q/P1_kotoriyQ (38).mov,_kotoriy_q,145924,test
P1_kotoriyQ_0039_f3f0d5bebba8,P1,kotoriyQ,39,_kotoriy_q/P1_kotoriyQ (39).mov,_kotoriy_q,181252,test
P1_kotoriyQ_0004_60f1463e5697,P1,kotoriyQ,4,_kotoriy_q/P1_kotoriyQ (4).mov,_kotoriy_q,116661,test
P1_kotoriyQ_0040_9210a7f823ba,P1,kotoriyQ,40,_kotoriy_q/P1_kotoriyQ (40).mov,_kotoriy_q,136421,test
P1_kotoriyQ_0005_3d438bae3501,P1,kotoriyQ,5,_kotoriy_q/P1_kotoriyQ (5).mov,_kotoriy_q,109319,test
P1_kotoriyQ_0006_d4a0a2f21197,P1,kotoriyQ,6,_kotoriy_q/P1_kotoriyQ (6).mov,_kotoriy_q,148053,test
P1_kotoriyQ_0007_9165a13a3dd4,P1,kotoriyQ,7,_kotoriy_q/P1_kotoriyQ (7).mov,_kotoriy_q,139927,test
P1_kotoriyQ_0008_38ce007c9842,P1,kotoriyQ,8,_kotoriy_q/P1_kotoriyQ (8).mov,_kotoriy_q,122045,test
P1_kotoriyQ_0009_1de808467a2c,P1,kotoriyQ,9,_kotoriy_q/P1_kotoriyQ (9).mov,_kotoriy_q,121477,test
P2_kotoriyQ_0001_cbe7b9b91bd4,P2,kotoriyQ,1,_kotoriy_q/P2_kotoriyQ (1).mov,_kotoriy_q,196774,validation
P2_kotoriyQ_0010_21f8bdca1082,P2,kotoriyQ,10,_kotoriy_q/P2_kotoriyQ (10).mov,_kotoriy_q,185289,validation
P2_kotoriyQ_0011_ac04507355c9,P2,kotoriyQ,11,_kotoriy_q/P2_kotoriyQ (11).mov,_kotoriy_q,200652,validation
P2_kotoriyQ_0012_c4ad82ccda73,P2,kotoriyQ,12,_kotoriy_q/P2_kotoriyQ (12).mov,_kotoriy_q,205674,validation
P2_kotoriyQ_0013_d96047691b8e,P2,kotoriyQ,13,_kotoriy_q/P2_kotoriyQ (13).mov,_kotoriy_q,203675,validation
P2_kotoriyQ_0014_ffece291902a,P2,kotoriyQ,14,_kotoriy_q/P2_kotoriyQ (14).mov,_kotoriy_q,208890,validation
P2_kotoriyQ_0015_5823b39b2ad4,P2,kotoriyQ,15,_kotoriy_q/P2_kotoriyQ (15).mov,_kotoriy_q,259244,validation
P2_kotoriyQ_0016_8c3c360a2605,P2,kotoriyQ,16,_kotoriy_q/P2_kotoriyQ (16).mov,_kotoriy_q,252729,validation
P2_kotoriyQ_0017_ff4efbcf796f,P2,kotoriyQ,17,_kotoriy_q/P2_kotoriyQ (17).mov,_kotoriy_q,233832,validation
P2_kotoriyQ_0018_f448b982c666,P2,kotoriyQ,18,_kotoriy_q/P2_kotoriyQ (18).mov,_kotoriy_q,254672,validation
P2_kotoriyQ_0019_331cf9e1934a,P2,kotoriyQ,19,_kotoriy_q/P2_kotoriyQ (19).mov,_kotoriy_q,257800,validation
P2_kotoriyQ_0002_622a0db6391a,P2,kotoriyQ,2,_kotoriy_q/P2_kotoriyQ (2).mov,_kotoriy_q,200156,validation
P2_kotoriyQ_0020_cb22715ba459,P2,kotoriyQ,20,_kotoriy_q/P2_kotoriyQ (20).mov,_kotoriy_q,219184,validation
P2_kotoriyQ_0021_857c26ef4f9a,P2,kotoriyQ,21,_kotoriy_q/P2_kotoriyQ (21).mov,_kotoriy_q,252402,validation
P2_kotoriyQ_0022_386c4c2ae03b,P2,kotoriyQ,22,_kotoriy_q/P2_kotoriyQ (22).mov,_kotoriy_q,260778,validation
P2_kotoriyQ_0023_4807ae100417,P2,kotoriyQ,23,_kotoriy_q/P2_kotoriyQ (23).mov,_kotoriy_q,257463,validation
P2_kotoriyQ_0024_520358cc7bef,P2,kotoriyQ,24,_kotoriy_q/P2_kotoriyQ (24).mov,_kotoriy_q,277588,validation
P2_kotoriyQ_0025_b904540f06c0,P2,kotoriyQ,25,_kotoriy_q/P2_kotoriyQ (25).mov,_kotoriy_q,198255,validation
P2_kotoriyQ_0026_9005c6a2d402,P2,kotoriyQ,26,_kotoriy_q/P2_kotoriyQ (26).mov,_kotoriy_q,152214,validation
P2_kotoriyQ_0027_414e94c4863b,P2,kotoriyQ,27,_kotoriy_q/P2_kotoriyQ (27).mov,_kotoriy_q,176579,validation
P2_kotoriyQ_0028_192e08efd676,P2,kotoriyQ,28,_kotoriy_q/P2_kotoriyQ (28).mov,_kotoriy_q,167535,validation
P2_kotoriyQ_0029_39b85d1b36fe,P2,kotoriyQ,29,_kotoriy_q/P2_kotoriyQ (29).mov,_kotoriy_q,161697,validation
P2_kotoriyQ_0003_91be4733b52c,P2,kotoriyQ,3,_kotoriy_q/P2_kotoriyQ (3).mov,_kotoriy_q,163764,validation
P2_kotoriyQ_0030_e7709fc64412,P2,kotoriyQ,30,_kotoriy_q/P2_kotoriyQ (30).mov,_kotoriy_q,168752,validation
P2_kotoriyQ_0031_40d375a24dc7,P2,kotoriyQ,31,_kotoriy_q/P2_kotoriyQ (31).mov,_kotoriy_q,176031,validation
P2_kotoriyQ_0032_ffcacb47f266,P2,kotoriyQ,32,_kotoriy_q/P2_kotoriyQ (32).mov,_kotoriy_q,173616,validation
P2_kotoriyQ_0033_d40cee36278f,P2,kotoriyQ,33,_kotoriy_q/P2_kotoriyQ (33).mov,_kotoriy_q,191627,validation
P2_kotoriyQ_0034_bcddac978037,P2,kotoriyQ,34,_kotoriy_q/P2_kotoriyQ (34).mov,_kotoriy_q,185305,validation
P2_kotoriyQ_0035_d29efc7e3197,P2,kotoriyQ,35,_kotoriy_q/P2_kotoriyQ (35).mov,_kotoriy_q,172742,validation
P2_kotoriyQ_0036_6eb3d3eeee77,P2,kotoriyQ,36,_kotoriy_q/P2_kotoriyQ (36).mov,_kotoriy_q,173772,validation
P2_kotoriyQ_0037_00778c16633a,P2,kotoriyQ,37,_kotoriy_q/P2_kotoriyQ (37).mov,_kotoriy_q,174198,validation
P2_kotoriyQ_0038_8c78b00b0e57,P2,kotoriyQ,38,_kotoriy_q/P2_kotoriyQ (38).mov,_kotoriy_q,211507,validation
P2_kotoriyQ_0004_3a55874b8ee7,P2,kotoriyQ,4,_kotoriy_q/P2_kotoriyQ (4).mov,_kotoriy_q,192670,validation
P2_kotoriyQ_0005_1ffa1ced234e,P2,kotoriyQ,5,_kotoriy_q/P2_kotoriyQ (5).mov,_kotoriy_q,181857,validation
P2_kotoriyQ_0006_38265ae60626,P2,kotoriyQ,6,_kotoriy_q/P2_kotoriyQ (6).mov,_kotoriy_q,196595,validation
P2_kotoriyQ_0007_054b8e5f1c52,P2,kotoriyQ,7,_kotoriy_q/P2_kotoriyQ (7).mov,_kotoriy_q,199351,validation
P2_kotoriyQ_0008_602eec77a9a5,P2,kotoriyQ,8,_kotoriy_q/P2_kotoriyQ (8).mov,_kotoriy_q,183288,validation
P2_kotoriyQ_0009_051e9d6d48f7,P2,kotoriyQ,9,_kotoriy_q/P2_kotoriyQ (9).mov,_kotoriy_q,151403,validation
P3_kotoriyQ_0001_4232dba9f48c,P3,kotoriyQ,1,_kotoriy_q/P3_kotoriyQ (1).mov,_kotoriy_q,166498,train
P3_kotoriyQ_0010_a42c036529a6,P3,kotoriyQ,10,_kotoriy_q/P3_kotoriyQ (10).mov,_kotoriy_q,140637,train
P3_kotoriyQ_0011_92607cb8d309,P3,kotoriyQ,11,_kotoriy_q/P3_kotoriyQ (11).mov,_kotoriy_q,159588,train
P3_kotoriyQ_0012_ee83bbfabf3c,P3,kotoriyQ,12,_kotoriy_q/P3_kotoriyQ (12).mov,_kotoriy_q,165406,train
P3_kotoriyQ_0013_16f96b4a72bf,P3,kotoriyQ,13,_kotoriy_q/P3_kotoriyQ (13).mov,_kotoriy_q,161714,train
P3_kotoriyQ_0014_e6285bf4aa98,P3,kotoriyQ,14,_kotoriy_q/P3_kotoriyQ (14).mov,_kotoriy_q,161432,train
P3_kotoriyQ_0015_f005a209d45d,P3,kotoriyQ,15,_kotoriy_q/P3_kotoriyQ (15).mov,_kotoriy_q,154577,train
P3_kotoriyQ_0016_2eb73aaa2c5d,P3,kotoriyQ,16,_kotoriy_q/P3_kotoriyQ (16).mov,_kotoriy_q,145837,train
P3_kotoriyQ_0017_dfd6f330d846,P3,kotoriyQ,17,_kotoriy_q/P3_kotoriyQ (17).mov,_kotoriy_q,147672,train
P3_kotoriyQ_0018_634251840648,P3,kotoriyQ,18,_kotoriy_q/P3_kotoriyQ (18).mov,_kotoriy_q,157502,train
P3_kotoriyQ_0019_cb9679ac67ca,P3,kotoriyQ,19,_kotoriy_q/P3_kotoriyQ (19).mov,_kotoriy_q,146935,train
P3_kotoriyQ_0002_61c47092aedd,P3,kotoriyQ,2,_kotoriy_q/P3_kotoriyQ (2).mov,_kotoriy_q,160882,train
P3_kotoriyQ_0020_47012cc29a0e,P3,kotoriyQ,20,_kotoriy_q/P3_kotoriyQ (20).mov,_kotoriy_q,148857,train
P3_kotoriyQ_0021_f7cb09f21ba9,P3,kotoriyQ,21,_kotoriy_q/P3_kotoriyQ (21).mov,_kotoriy_q,152652,train
P3_kotoriyQ_0022_4fb245f270ee,P3,kotoriyQ,22,_kotoriy_q/P3_kotoriyQ (22).mov,_kotoriy_q,151478,train
P3_kotoriyQ_0023_686ee3b6e023,P3,kotoriyQ,23,_kotoriy_q/P3_kotoriyQ (23).mov,_kotoriy_q,166031,train
P3_kotoriyQ_0024_dc977cb058cd,P3,kotoriyQ,24,_kotoriy_q/P3_kotoriyQ (24).mov,_kotoriy_q,143396,train
P3_kotoriyQ_0025_4f9f3f53cf66,P3,kotoriyQ,25,_kotoriy_q/P3_kotoriyQ (25).mov,_kotoriy_q,136464,train
P3_kotoriyQ_0026_f7ed3d71e00c,P3,kotoriyQ,26,_kotoriy_q/P3_kotoriyQ (26).mov,_kotoriy_q,125306,train
P3_kotoriyQ_0027_b5037d3ad41d,P3,kotoriyQ,27,_kotoriy_q/P3_kotoriyQ (27).mov,_kotoriy_q,123593,train
P3_kotoriyQ_0028_380b1f933f26,P3,kotoriyQ,28,_kotoriy_q/P3_kotoriyQ (28).mov,_kotoriy_q,153775,train
P3_kotoriyQ_0029_ffe2e1e602e8,P3,kotoriyQ,29,_kotoriy_q/P3_kotoriyQ (29).mov,_kotoriy_q,152602,train
P3_kotoriyQ_0003_3c8db02197b9,P3,kotoriyQ,3,_kotoriy_q/P3_kotoriyQ (3).mov,_kotoriy_q,158268,train
P3_kotoriyQ_0030_69d7ffc0658d,P3,kotoriyQ,30,_kotoriy_q/P3_kotoriyQ (30).mov,_kotoriy_q,149024,train
P3_kotoriyQ_0031_184874092326,P3,kotoriyQ,31,_kotoriy_q/P3_kotoriyQ (31).mov,_kotoriy_q,122493,train
P3_kotoriyQ_0032_12c3687c7d24,P3,kotoriyQ,32,_kotoriy_q/P3_kotoriyQ (32).mov,_kotoriy_q,152228,train
P3_kotoriyQ_0033_1411a2c1e53d,P3,kotoriyQ,33,_kotoriy_q/P3_kotoriyQ (33).mov,_kotoriy_q,141638,train
P3_kotoriyQ_0034_a783e0c80ca2,P3,kotoriyQ,34,_kotoriy_q/P3_kotoriyQ (34).mov,_kotoriy_q,135758,train
P3_kotoriyQ_0035_13ce2aa4e087,P3,kotoriyQ,35,_kotoriy_q/P3_kotoriyQ (35).mov,_kotoriy_q,129049,train
P3_kotoriyQ_0036_691a73f068ab,P3,kotoriyQ,36,_kotoriy_q/P3_kotoriyQ (36).mov,_kotoriy_q,147021,train
P3_kotoriyQ_0037_4c235c7d9dda,P3,kotoriyQ,37,_kotoriy_q/P3_kotoriyQ (37).mov,_kotoriy_q,144270,train
P3_kotoriyQ_0038_f9b46cc96b23,P3,kotoriyQ,38,_kotoriy_q/P3_kotoriyQ (38).mov,_kotoriy_q,124993,train
P3_kotoriyQ_0039_5c57e8fc4f6c,P3,kotoriyQ,39,_kotoriy_q/P3_kotoriyQ (39).mov,_kotoriy_q,134339,train
P3_kotoriyQ_0004_d59a51aa83b5,P3,kotoriyQ,4,_kotoriy_q/P3_kotoriyQ (4).mov,_kotoriy_q,142687,train
P3_kotoriyQ_0040_289317d783ad,P3,kotoriyQ,40,_kotoriy_q/P3_kotoriyQ (40).mov,_kotoriy_q,137709,train
P3_kotoriyQ_0041_da625602039e,P3,kotoriyQ,41,_kotoriy_q/P3_kotoriyQ (41).mov,_kotoriy_q,135111,train
P3_kotoriyQ_0042_1e805b51226f,P3,kotoriyQ,42,_kotoriy_q/P3_kotoriyQ (42).mov,_kotoriy_q,140055,train
P3_kotoriyQ_0043_ab983759b27d,P3,kotoriyQ,43,_kotoriy_q/P3_kotoriyQ (43).mov,_kotoriy_q,135896,train
P3_kotoriyQ_0044_8f8113a485b6,P3,kotoriyQ,44,_kotoriy_q/P3_kotoriyQ (44).mov,_kotoriy_q,143012,train
P3_kotoriyQ_0045_af58ba0e972b,P3,kotoriyQ,45,_kotoriy_q/P3_kotoriyQ (45).mov,_kotoriy_q,136141,train
P3_kotoriyQ_0046_25d1e59faea7,P3,kotoriyQ,46,_kotoriy_q/P3_kotoriyQ (46).mov,_kotoriy_q,136766,train
P3_kotoriyQ_0047_e03b4ba64cc8,P3,kotoriyQ,47,_kotoriy_q/P3_kotoriyQ (47).mov,_kotoriy_q,117137,train
P3_kotoriyQ_0048_f777273f4a56,P3,kotoriyQ,48,_kotoriy_q/P3_kotoriyQ (48).mov,_kotoriy_q,128316,train
P3_kotoriyQ_0049_97429f9557a2,P3,kotoriyQ,49,_kotoriy_q/P3_kotoriyQ (49).mov,_kotoriy_q,118947,train
P3_kotoriyQ_0005_9ebc739e5e68,P3,kotoriyQ,5,_kotoriy_q/P3_kotoriyQ (5).mov,_kotoriy_q,155840,train
P3_kotoriyQ_0050_e3c813586af8,P3,kotoriyQ,50,_kotoriy_q/P3_kotoriyQ (50).mov,_kotoriy_q,141535,train
P3_kotoriyQ_0051_dfb70c645b1f,P3,kotoriyQ,51,_kotoriy_q/P3_kotoriyQ (51).mov,_kotoriy_q,150901,train
P3_kotoriyQ_0052_d5e7e6fb1ce1,P3,kotoriyQ,52,_kotoriy_q/P3_kotoriyQ (52).mov,_kotoriy_q,131879,train
P3_kotoriyQ_0053_363d506143bd,P3,kotoriyQ,53,_kotoriy_q/P3_kotoriyQ (53).mov,_kotoriy_q,138859,train
P3_kotoriyQ_0054_f008541acaeb,P3,kotoriyQ,54,_kotoriy_q/P3_kotoriyQ (54).mov,_kotoriy_q,144540,train
P3_kotoriyQ_0055_9eeeff904b14,P3,kotoriyQ,55,_kotoriy_q/P3_kotoriyQ (55).mov,_kotoriy_q,137050,train
P3_kotoriyQ_0056_c09f9aaba708,P3,kotoriyQ,56,_kotoriy_q/P3_kotoriyQ (56).mov,_kotoriy_q,148069,train
P3_kotoriyQ_0057_9ff809a0618a,P3,kotoriyQ,57,_kotoriy_q/P3_kotoriyQ (57).mov,_kotoriy_q,121530,train
P3_kotoriyQ_0058_91146078f976,P3,kotoriyQ,58,_kotoriy_q/P3_kotoriyQ (58).mov,_kotoriy_q,153118,train
P3_kotoriyQ_0059_6debb983389a,P3,kotoriyQ,59,_kotoriy_q/P3_kotoriyQ (59).mov,_kotoriy_q,148305,train
P3_kotoriyQ_0006_95806e13a7a2,P3,kotoriyQ,6,_kotoriy_q/P3_kotoriyQ (6).mov,_kotoriy_q,158505,train
P3_kotoriyQ_0060_dd2427fa0d06,P3,kotoriyQ,60,_kotoriy_q/P3_kotoriyQ (60).mov,_kotoriy_q,141153,train
P3_kotoriyQ_0061_b3c3991f03df,P3,kotoriyQ,61,_kotoriy_q/P3_kotoriyQ (61).mov,_kotoriy_q,153779,train
P3_kotoriyQ_0062_876f07af6f94,P3,kotoriyQ,62,_kotoriy_q/P3_kotoriyQ (62).mov,_kotoriy_q,148482,train
P3_kotoriyQ_0063_798a36bcb71b,P3,kotoriyQ,63,_kotoriy_q/P3_kotoriyQ (63).mov,_kotoriy_q,133814,train
P3_kotoriyQ_0064_125f458966b6,P3,kotoriyQ,64,_kotoriy_q/P3_kotoriyQ (64).mov,_kotoriy_q,129196,train
P3_kotoriyQ_0065_fe59a16aaf88,P3,kotoriyQ,65,_kotoriy_q/P3_kotoriyQ (65).mov,_kotoriy_q,143954,train
P3_kotoriyQ_0066_f944e8676207,P3,kotoriyQ,66,_kotoriy_q/P3_kotoriyQ (66).mov,_kotoriy_q,145904,train
P3_kotoriyQ_0067_eaa8ad4e44db,P3,kotoriyQ,67,_kotoriy_q/P3_kotoriyQ (67).mov,_kotoriy_q,145423,train
P3_kotoriyQ_0068_397dc4d6c131,P3,kotoriyQ,68,_kotoriy_q/P3_kotoriyQ (68).mov,_kotoriy_q,143294,train
P3_kotoriyQ_0069_59472f7cf09c,P3,kotoriyQ,69,_kotoriy_q/P3_kotoriyQ (69).mov,_kotoriy_q,133108,train
P3_kotoriyQ_0007_10556ef649ed,P3,kotoriyQ,7,_kotoriy_q/P3_kotoriyQ (7).mov,_kotoriy_q,161897,train
P3_kotoriyQ_0070_46d8e18f7cbf,P3,kotoriyQ,70,_kotoriy_q/P3_kotoriyQ (70).mov,_kotoriy_q,131497,train
P3_kotoriyQ_0071_9049ee5758d7,P3,kotoriyQ,71,_kotoriy_q/P3_kotoriyQ (71).mov,_kotoriy_q,152132,train
P3_kotoriyQ_0072_a12c08e13b5b,P3,kotoriyQ,72,_kotoriy_q/P3_kotoriyQ (72).mov,_kotoriy_q,122201,train
P3_kotoriyQ_0073_e7a8fbec3156,P3,kotoriyQ,73,_kotoriy_q/P3_kotoriyQ (73).mov,_kotoriy_q,142259,train
P3_kotoriyQ_0074_baa12228b459,P3,kotoriyQ,74,_kotoriy_q/P3_kotoriyQ (74).mov,_kotoriy_q,129567,train
P3_kotoriyQ_0075_75a4ce5791a2,P3,kotoriyQ,75,_kotoriy_q/P3_kotoriyQ (75).mov,_kotoriy_q,147042,train
P3_kotoriyQ_0076_2f70df41f857,P3,kotoriyQ,76,_kotoriy_q/P3_kotoriyQ (76).mov,_kotoriy_q,149603,train
P3_kotoriyQ_0077_0d29754f6fd7,P3,kotoriyQ,77,_kotoriy_q/P3_kotoriyQ (77).mov,_kotoriy_q,121451,train
P3_kotoriyQ_0078_02337806f3ab,P3,kotoriyQ,78,_kotoriy_q/P3_kotoriyQ (78).mov,_kotoriy_q,140568,train
P3_kotoriyQ_0079_82678baa9c98,P3,kotoriyQ,79,_kotoriy_q/P3_kotoriyQ (79).mov,_kotoriy_q,137256,train
P3_kotoriyQ_0008_758fc905f3c7,P3,kotoriyQ,8,_kotoriy_q/P3_kotoriyQ (8).mov,_kotoriy_q,164641,train
P3_kotoriyQ_0080_1b0144ef4a7d,P3,kotoriyQ,80,_kotoriy_q/P3_kotoriyQ (80).mov,_kotoriy_q,159109,train
P3_kotoriyQ_0009_98c3d38d74d1,P3,kotoriyQ,9,_kotoriy_q/P3_kotoriyQ (9).mov,_kotoriy_q,145907,train
P4_kotoriyQ_0001_4f4ca1c0f6eb,P4,kotoriyQ,1,_kotoriy_q/P4_kotoriyQ (1).mov,_kotoriy_q,127795,train
P4_kotoriyQ_0010_19c83d57b69b,P4,kotoriyQ,10,_kotoriy_q/P4_kotoriyQ (10).mov,_kotoriy_q,134286,train
P4_kotoriyQ_0011_36663d265ed6,P4,kotoriyQ,11,_kotoriy_q/P4_kotoriyQ (11).mov,_kotoriy_q,126188,train
P4_kotoriyQ_0012_6e475eba780e,P4,kotoriyQ,12,_kotoriy_q/P4_kotoriyQ (12).mov,_kotoriy_q,98900,train
P4_kotoriyQ_0013_62c8374db846,P4,kotoriyQ,13,_kotoriy_q/P4_kotoriyQ (13).mov,_kotoriy_q,117010,train
P4_kotoriyQ_0014_1e99a4acf485,P4,kotoriyQ,14,_kotoriy_q/P4_kotoriyQ (14).mov,_kotoriy_q,168436,train
P4_kotoriyQ_0015_87a448347143,P4,kotoriyQ,15,_kotoriy_q/P4_kotoriyQ (15).mov,_kotoriy_q,133333,train
P4_kotoriyQ_0016_9e5185a5c303,P4,kotoriyQ,16,_kotoriy_q/P4_kotoriyQ (16).mov,_kotoriy_q,178323,train
P4_kotoriyQ_0017_87ff45dcb2c8,P4,kotoriyQ,17,_kotoriy_q/P4_kotoriyQ (17).mov,_kotoriy_q,158700,train
P4_kotoriyQ_0018_88694dfb540b,P4,kotoriyQ,18,_kotoriy_q/P4_kotoriyQ (18).mov,_kotoriy_q,126353,train
P4_kotoriyQ_0019_50487f343845,P4,kotoriyQ,19,_kotoriy_q/P4_kotoriyQ (19).mov,_kotoriy_q,126353,train
P4_kotoriyQ_0002_56bc78686b44,P4,kotoriyQ,2,_kotoriy_q/P4_kotoriyQ (2).mov,_kotoriy_q,207997,train
P4_kotoriyQ_0020_966439108414,P4,kotoriyQ,20,_kotoriy_q/P4_kotoriyQ (20).mov,_kotoriy_q,144788,train
P4_kotoriyQ_0021_800a2947ab92,P4,kotoriyQ,21,_kotoriy_q/P4_kotoriyQ (21).mov,_kotoriy_q,144688,train
P4_kotoriyQ_0022_46534f513d3f,P4,kotoriyQ,22,_kotoriy_q/P4_kotoriyQ (22).mov,_kotoriy_q,92362,train
P4_kotoriyQ_0023_cc1775df0001,P4,kotoriyQ,23,_kotoriy_q/P4_kotoriyQ (23).mov,_kotoriy_q,123321,train
P4_kotoriyQ_0024_579d4fe46f9c,P4,kotoriyQ,24,_kotoriy_q/P4_kotoriyQ (24).mov,_kotoriy_q,117479,train
P4_kotoriyQ_0025_b302787f622d,P4,kotoriyQ,25,_kotoriy_q/P4_kotoriyQ (25).mov,_kotoriy_q,126597,train
P4_kotoriyQ_0026_1a75b53fa893,P4,kotoriyQ,26,_kotoriy_q/P4_kotoriyQ (26).mov,_kotoriy_q,147853,train
P4_kotoriyQ_0027_cbf4e7bb853d,P4,kotoriyQ,27,_kotoriy_q/P4_kotoriyQ (27).mov,_kotoriy_q,125719,train
P4_kotoriyQ_0028_b7af0b02a981,P4,kotoriyQ,28,_kotoriy_q/P4_kotoriyQ (28).mov,_kotoriy_q,130921,train
P4_kotoriyQ_0029_649bdf4bd530,P4,kotoriyQ,29,_kotoriy_q/P4_kotoriyQ (29).mov,_kotoriy_q,154837,train
P4_kotoriyQ_0003_37927662d4d4,P4,kotoriyQ,3,_kotoriy_q/P4_kotoriyQ (3).mov,_kotoriy_q,110995,train
P4_kotoriyQ_0030_81437ac2eebf,P4,kotoriyQ,30,_kotoriy_q/P4_kotoriyQ (30).mov,_kotoriy_q,125023,train
P4_kotoriyQ_0031_be4c5a23f8ab,P4,kotoriyQ,31,_kotoriy_q/P4_kotoriyQ (31).mov,_kotoriy_q,125023,train
P4_kotoriyQ_0032_2df5f230dfc2,P4,kotoriyQ,32,_kotoriy_q/P4_kotoriyQ (32).mov,_kotoriy_q,126489,train
P4_kotoriyQ_0033_9152f25efa6d,P4,kotoriyQ,33,_kotoriy_q/P4_kotoriyQ (33).mov,_kotoriy_q,125914,train
P4_kotoriyQ_0034_bcc628eea4af,P4,kotoriyQ,34,_kotoriy_q/P4_kotoriyQ (34).mov,_kotoriy_q,126391,train
P4_kotoriyQ_0035_57fe9a0382d7,P4,kotoriyQ,35,_kotoriy_q/P4_kotoriyQ (35).mov,_kotoriy_q,128445,train
P4_kotoriyQ_0036_d501a31304eb,P4,kotoriyQ,36,_kotoriy_q/P4_kotoriyQ (36).mov,_kotoriy_q,118845,train
P4_kotoriyQ_0037_56693fa0b373,P4,kotoriyQ,37,_kotoriy_q/P4_kotoriyQ (37).mov,_kotoriy_q,119721,train
P4_kotoriyQ_0038_97cebd953019,P4,kotoriyQ,38,_kotoriy_q/P4_kotoriyQ (38).mov,_kotoriy_q,123471,train
P4_kotoriyQ_0039_b9d535fcbe1d,P4,kotoriyQ,39,_kotoriy_q/P4_kotoriyQ (39).mov,_kotoriy_q,157792,train
P4_kotoriyQ_0004_67f69fbd1196,P4,kotoriyQ,4,_kotoriy_q/P4_kotoriyQ (4).mov,_kotoriy_q,101793,train
P4_kotoriyQ_0040_2919c2e29235,P4,kotoriyQ,40,_kotoriy_q/P4_kotoriyQ (40).mov,_kotoriy_q,117132,train
P4_kotoriyQ_0005_fc46243725d2,P4,kotoriyQ,5,_kotoriy_q/P4_kotoriyQ (5).mov,_kotoriy_q,164141,train
P4_kotoriyQ_0006_47381289a3fa,P4,kotoriyQ,6,_kotoriy_q/P4_kotoriyQ (6).mov,_kotoriy_q,109984,train
P4_kotoriyQ_0007_c23eb4fb7232,P4,kotoriyQ,7,_kotoriy_q/P4_kotoriyQ (7).mov,_kotoriy_q,119788,train
P4_kotoriyQ_0008_a3af28f9dd90,P4,kotoriyQ,8,_kotoriy_q/P4_kotoriyQ (8).mov,_kotoriy_q,143795,train
P4_kotoriyQ_0009_5cedc1c7c5bc,P4,kotoriyQ,9,_kotoriy_q/P4_kotoriyQ (9).mov,_kotoriy_q,125055,train
P5_kotoriyQ_0001_5bb96fe6aa75,P5,kotoriyQ,1,_kotoriy_q/P5_kotoriyQ (1).mov,_kotoriy_q,217301,train
P5_kotoriyQ_0010_aa715710f850,P5,kotoriyQ,10,_kotoriy_q/P5_kotoriyQ (10).mov,_kotoriy_q,143753,train
P5_kotoriyQ_0011_36b91767e975,P5,kotoriyQ,11,_kotoriy_q/P5_kotoriyQ (11).mov,_kotoriy_q,131431,train
P5_kotoriyQ_0012_8708658eafd4,P5,kotoriyQ,12,_kotoriy_q/P5_kotoriyQ (12).mov,_kotoriy_q,133401,train
P5_kotoriyQ_0013_e2a07f83139b,P5,kotoriyQ,13,_kotoriy_q/P5_kotoriyQ (13).mov,_kotoriy_q,155076,train
P5_kotoriyQ_0014_d4bd7173b2cb,P5,kotoriyQ,14,_kotoriy_q/P5_kotoriyQ (14).mov,_kotoriy_q,217301,train
P5_kotoriyQ_0015_536b30f20177,P5,kotoriyQ,15,_kotoriy_q/P5_kotoriyQ (15).mov,_kotoriy_q,189159,train
P5_kotoriyQ_0016_c8ae1baf98e4,P5,kotoriyQ,16,_kotoriy_q/P5_kotoriyQ (16).mov,_kotoriy_q,163539,train
P5_kotoriyQ_0017_20224180b18b,P5,kotoriyQ,17,_kotoriy_q/P5_kotoriyQ (17).mov,_kotoriy_q,161380,train
P5_kotoriyQ_0018_5310cdaefb82,P5,kotoriyQ,18,_kotoriy_q/P5_kotoriyQ (18).mov,_kotoriy_q,162627,train
P5_kotoriyQ_0019_8d5a32f1a8cb,P5,kotoriyQ,19,_kotoriy_q/P5_kotoriyQ (19).mov,_kotoriy_q,247875,train
P5_kotoriyQ_0002_4ae965d6f549,P5,kotoriyQ,2,_kotoriy_q/P5_kotoriyQ (2).mov,_kotoriy_q,163791,train
P5_kotoriyQ_0020_6755ba3547e1,P5,kotoriyQ,20,_kotoriy_q/P5_kotoriyQ (20).mov,_kotoriy_q,231313,train
P5_kotoriyQ_0021_8b04f1301cb7,P5,kotoriyQ,21,_kotoriy_q/P5_kotoriyQ (21).mov,_kotoriy_q,225560,train
P5_kotoriyQ_0022_192fb27f1a10,P5,kotoriyQ,22,_kotoriy_q/P5_kotoriyQ (22).mov,_kotoriy_q,165807,train
P5_kotoriyQ_0023_89ad507981e9,P5,kotoriyQ,23,_kotoriy_q/P5_kotoriyQ (23).mov,_kotoriy_q,129315,train
P5_kotoriyQ_0024_5dcf21b8622b,P5,kotoriyQ,24,_kotoriy_q/P5_kotoriyQ (24).mov,_kotoriy_q,176002,train
P5_kotoriyQ_0025_d5a414ca24c7,P5,kotoriyQ,25,_kotoriy_q/P5_kotoriyQ (25).mov,_kotoriy_q,94680,train
P5_kotoriyQ_0026_6891f322e53b,P5,kotoriyQ,26,_kotoriy_q/P5_kotoriyQ (26).mov,_kotoriy_q,140748,train
P5_kotoriyQ_0027_82d34ad7abd9,P5,kotoriyQ,27,_kotoriy_q/P5_kotoriyQ (27).mov,_kotoriy_q,128453,train
P5_kotoriyQ_0028_897f5a59a275,P5,kotoriyQ,28,_kotoriy_q/P5_kotoriyQ (28).mov,_kotoriy_q,166109,train
P5_kotoriyQ_0029_3583fc575965,P5,kotoriyQ,29,_kotoriy_q/P5_kotoriyQ (29).mov,_kotoriy_q,191834,train
P5_kotoriyQ_0003_a90a1699d8f7,P5,kotoriyQ,3,_kotoriy_q/P5_kotoriyQ (3).mov,_kotoriy_q,145463,train
P5_kotoriyQ_0030_f61201cd9473,P5,kotoriyQ,30,_kotoriy_q/P5_kotoriyQ (30).mov,_kotoriy_q,145888,train
P5_kotoriyQ_0031_629e154ca61f,P5,kotoriyQ,31,_kotoriy_q/P5_kotoriyQ (31).mov,_kotoriy_q,118198,train
P5_kotoriyQ_0032_b238836e9676,P5,kotoriyQ,32,_kotoriy_q/P5_kotoriyQ (32).mov,_kotoriy_q,182892,train
P5_kotoriyQ_0033_e8865b0902b3,P5,kotoriyQ,33,_kotoriy_q/P5_kotoriyQ (33).mov,_kotoriy_q,143378,train
P5_kotoriyQ_0034_70ac73198d48,P5,kotoriyQ,34,_kotoriy_q/P5_kotoriyQ (34).mov,_kotoriy_q,115995,train
P5_kotoriyQ_0035_d6031a1b756b,P5,kotoriyQ,35,_kotoriy_q/P5_kotoriyQ (35).mov,_kotoriy_q,137413,train
P5_kotoriyQ_0036_5d5f9382280c,P5,kotoriyQ,36,_kotoriy_q/P5_kotoriyQ (36).mov,_kotoriy_q,179106,train
P5_kotoriyQ_0037_e34561666b9f,P5,kotoriyQ,37,_kotoriy_q/P5_kotoriyQ (37).mov,_kotoriy_q,196602,train
P5_kotoriyQ_0038_9be54461a492,P5,kotoriyQ,38,_kotoriy_q/P5_kotoriyQ (38).mov,_kotoriy_q,194566,train
P5_kotoriyQ_0039_4c4a63dbbfb0,P5,kotoriyQ,39,_kotoriy_q/P5_kotoriyQ (39).mov,_kotoriy_q,197503,train
P5_kotoriyQ_0004_0fcba10e00fa,P5,kotoriyQ,4,_kotoriy_q/P5_kotoriyQ (4).mov,_kotoriy_q,139804,train
P5_kotoriyQ_0040_8b8f0c5f528d,P5,kotoriyQ,40,_kotoriy_q/P5_kotoriyQ (40).mov,_kotoriy_q,193756,train
P5_kotoriyQ_0005_380b9b315304,P5,kotoriyQ,5,_kotoriy_q/P5_kotoriyQ (5).mov,_kotoriy_q,155079,train
P5_kotoriyQ_0006_a007d7be61a3,P5,kotoriyQ,6,_kotoriy_q/P5_kotoriyQ (6).mov,_kotoriy_q,152842,train
P5_kotoriyQ_0007_bd7b8391f7d0,P5,kotoriyQ,7,_kotoriy_q/P5_kotoriyQ (7).mov,_kotoriy_q,142795,train
P5_kotoriyQ_0008_d9b7318cefcd,P5,kotoriyQ,8,_kotoriy_q/P5_kotoriyQ (8).mov,_kotoriy_q,152429,train
P5_kotoriyQ_0009_ba05f092f5f0,P5,kotoriyQ,9,_kotoriy_q/P5_kotoriyQ (9).mov,_kotoriy_q,164561,train
P1_kto_0001_0cfb265e5886,P1,kto,1,_kto/P1_kto (1).mov,_kto,80104,test
P1_kto_0010_43986876bc66,P1,kto,10,_kto/P1_kto (10).mov,_kto,88012,test
P1_kto_0011_aebe1916a5d8,P1,kto,11,_kto/P1_kto (11).mov,_kto,85554,test
P1_kto_0012_8ce20a161767,P1,kto,12,_kto/P1_kto (12).mov,_kto,78064,test
P1_kto_0013_403101460e98,P1,kto,13,_kto/P1_kto (13).mov,_kto,125747,test
P1_kto_0014_2fe1b084cc1c,P1,kto,14,_kto/P1_kto (14).mov,_kto,112913,test
P1_kto_0015_5aac18672f54,P1,kto,15,_kto/P1_kto (15).mov,_kto,104564,test
P1_kto_0016_75cd7ca2b0ff,P1,kto,16,_kto/P1_kto (16).mov,_kto,98108,test
P1_kto_0017_f734bbcd1ed2,P1,kto,17,_kto/P1_kto (17).mov,_kto,89648,test
P1_kto_0018_c38ea0d02599,P1,kto,18,_kto/P1_kto (18).mov,_kto,74228,test
P1_kto_0019_c2f2123b0df6,P1,kto,19,_kto/P1_kto (19).mov,_kto,73754,test
P1_kto_0002_f07b1e69424f,P1,kto,2,_kto/P1_kto (2).mov,_kto,79934,test
P1_kto_0020_e7b15ceaf3ce,P1,kto,20,_kto/P1_kto (20).mov,_kto,90891,test
P1_kto_0021_c7e2cebe12c3,P1,kto,21,_kto/P1_kto (21).mov,_kto,102162,test
P1_kto_0022_26c3c55f2776,P1,kto,22,_kto/P1_kto (22).mov,_kto,102523,test
P1_kto_0023_5ea0a7dfdf2c,P1,kto,23,_kto/P1_kto (23).mov,_kto,100961,test
P1_kto_0024_d8f073d9298e,P1,kto,24,_kto/P1_kto (24).mov,_kto,85241,test
P1_kto_0025_d1070972177e,P1,kto,25,_kto/P1_kto (25).mov,_kto,115780,test
P1_kto_0026_b204a0914ae6,P1,kto,26,_kto/P1_kto (26).mov,_kto,97700,test
P1_kto_0027_1f941e9f0fd1,P1,kto,27,_kto/P1_kto (27).mov,_kto,69529,test
P1_kto_0028_a4edcd2e1929,P1,kto,28,_kto/P1_kto (28).mov,_kto,85108,test
P1_kto_0029_9be3c0738300,P1,kto,29,_kto/P1_kto (29).mov,_kto,55217,test
P1_kto_0003_b82e2b05e444,P1,kto,3,_kto/P1_kto (3).mov,_kto,104156,test
P1_kto_0030_ea16ce9dd5fe,P1,kto,30,_kto/P1_kto (30).mov,_kto,97747,test
P1_kto_0031_3c0020c03e3a,P1,kto,31,_kto/P1_kto (31).mov,_kto,94730,test
P1_kto_0032_84ede4e4707d,P1,kto,32,_kto/P1_kto (32).mov,_kto,103060,test
P1_kto_0033_a048fe4548f7,P1,kto,33,_kto/P1_kto (33).mov,_kto,66436,test
P1_kto_0034_9cae00df148b,P1,kto,34,_kto/P1_kto (34).mov,_kto,100577,test
P1_kto_0035_943c7626ebe2,P1,kto,35,_kto/P1_kto (35).mov,_kto,90149,test
P1_kto_0036_e310afa5f5f9,P1,kto,36,_kto/P1_kto (36).mov,_kto,66113,test
P1_kto_0037_40f36d78be51,P1,kto,37,_kto/P1_kto (37).mov,_kto,58066,test
P1_kto_0038_1bfcc78b7dc8,P1,kto,38,_kto/P1_kto (38).mov,_kto,68264,test
P1_kto_0039_e7b44966ab4e,P1,kto,39,_kto/P1_kto (39).mov,_kto,67885,test
P1_kto_0004_44785f75481e,P1,kto,4,_kto/P1_kto (4).mov,_kto,72295,test
P1_kto_0040_12b850d9a50c,P1,kto,40,_kto/P1_kto (40).mov,_kto,49212,test
P1_kto_0005_03dc8034bbc3,P1,kto,5,_kto/P1_kto (5).mov,_kto,122221,test
P1_kto_0006_75d10e240494,P1,kto,6,_kto/P1_kto (6).mov,_kto,95070,test
P1_kto_0007_ebb9a0945ac2,P1,kto,7,_kto/P1_kto (7).mov,_kto,92745,test
P1_kto_0008_945453bfd33d,P1,kto,8,_kto/P1_kto (8).mov,_kto,94215,test
P1_kto_0009_120274dcd911,P1,kto,9,_kto/P1_kto (9).mov,_kto,94730,test
P2_kto_0001_c2a32e470b89,P2,kto,1,_kto/P2_kto (1).mov,_kto,43872,validation
P2_kto_0010_d9cf2e285300,P2,kto,10,_kto/P2_kto (10).mov,_kto,43872,validation
P2_kto_0011_3f246e2c8794,P2,kto,11,_kto/P2_kto (11).mov,_kto,43872,validation
P2_kto_0012_3d0b2b1a8355,P2,kto,12,_kto/P2_kto (12).mov,_kto,43872,validation
P2_kto_0013_f1a83470e8c7,P2,kto,13,_kto/P2_kto (13).mov,_kto,38210,validation
P2_kto_0014_f669fd765bc2,P2,kto,14,_kto/P2_kto (14).mov,_kto,38210,validation
P2_kto_0015_8921b9cea9f5,P2,kto,15,_kto/P2_kto (15).mov,_kto,38210,validation
P2_kto_0016_4da050547fc1,P2,kto,16,_kto/P2_kto (16).mov,_kto,38210,validation
P2_kto_0017_98ee9f2b5fe4,P2,kto,17,_kto/P2_kto (17).mov,_kto,38210,validation
P2_kto_0018_f4e427a0cdc5,P2,kto,18,_kto/P2_kto (18).mov,_kto,38210,validation
P2_kto_0019_2c9ae64e1a7d,P2,kto,19,_kto/P2_kto (19).mov,_kto,38210,validation
P2_kto_0002_4d1c29a39b67,P2,kto,2,_kto/P2_kto (2).mov,_kto,43872,validation
P2_kto_0020_b96020aa80b1,P2,kto,20,_kto/P2_kto (20).mov,_kto,38210,validation
P2_kto_0021_a9d12bb6d10b,P2,kto,21,_kto/P2_kto (21).mov,_kto,38210,validation
P2_kto_0022_f0355ba6fe45,P2,kto,22,_kto/P2_kto (22).mov,_kto,38210,validation
P2_kto_0023_c88fabe45f0b,P2,kto,23,_kto/P2_kto (23).mov,_kto,38210,validation
P2_kto_0024_75cec1b6f745,P2,kto,24,_kto/P2_kto (24).mov,_kto,38210,validation
P2_kto_0025_ebb9cf17487f,P2,kto,25,_kto/P2_kto (25).mov,_kto,84870,validation
P2_kto_0026_98110445deb7,P2,kto,26,_kto/P2_kto (26).mov,_kto,84870,validation
P2_kto_0027_9bc98d4ddb34,P2,kto,27,_kto/P2_kto (27).mov,_kto,84870,validation
P2_kto_0028_94d9b7666a33,P2,kto,28,_kto/P2_kto (28).mov,_kto,84870,validation
P2_kto_0029_82450e200b53,P2,kto,29,_kto/P2_kto (29).mov,_kto,84870,validation
P2_kto_0003_f4fb134dae0e,P2,kto,3,_kto/P2_kto (3).mov,_kto,43872,validation
P2_kto_0030_cd85d3932ea7,P2,kto,30,_kto/P2_kto (30).mov,_kto,84870,validation
P2_kto_0031_14df701f053c,P2,kto,31,_kto/P2_kto (31).mov,_kto,84870,validation
P2_kto_0032_afd506f6066c,P2,kto,32,_kto/P2_kto (32).mov,_kto,84870,validation
P2_kto_0033_35ba573d8224,P2,kto,33,_kto/P2_kto (33).mov,_kto,84870,validation
P2_kto_0034_67714bd1d599,P2,kto,34,_kto/P2_kto (34).mov,_kto,58226,validation
P2_kto_0035_21f4ab8f0118,P2,kto,35,_kto/P2_kto (35).mov,_kto,58226,validation
P2_kto_0036_92440c9d3d78,P2,kto,36,_kto/P2_kto (36).mov,_kto,58226,validation
P2_kto_0037_ca7b1f522ef5,P2,kto,37,_kto/P2_kto (37).mov,_kto,58226,validation
P2_kto_0038_77b42a33bd2d,P2,kto,38,_kto/P2_kto (38).mov,_kto,58226,validation
P2_kto_0039_e2687a0673df,P2,kto,39,_kto/P2_kto (39).mov,_kto,58226,validation
P2_kto_0004_40c84e13c115,P2,kto,4,_kto/P2_kto (4).mov,_kto,43872,validation
P2_kto_0040_0e2981c61f2b,P2,kto,40,_kto/P2_kto (40).mov,_kto,58226,validation
P2_kto_0041_ddfb1efb3a17,P2,kto,41,_kto/P2_kto (41).mov,_kto,58226,validation
P2_kto_0042_9739494cda41,P2,kto,42,_kto/P2_kto (42).mov,_kto,58226,validation
P2_kto_0043_dd00e5b37f08,P2,kto,43,_kto/P2_kto (43).mov,_kto,58226,validation
P2_kto_0044_691504c9a8dc,P2,kto,44,_kto/P2_kto (44).mov,_kto,58226,validation
P2_kto_0045_f6721a3b0822,P2,kto,45,_kto/P2_kto (45).mov,_kto,58226,validation
P2_kto_0046_50da589c502e,P2,kto,46,_kto/P2_kto (46).mov,_kto,66660,validation
P2_kto_0047_652187fa59c2,P2,kto,47,_kto/P2_kto (47).mov,_kto,66660,validation
P2_kto_0048_3a1280c8cf77,P2,kto,48,_kto/P2_kto (48).mov,_kto,66660,validation
P2_kto_0049_4bd54dc2435d,P2,kto,49,_kto/P2_kto (49).mov,_kto,66660,validation
P2_kto_0005_b0bd15e97800,P2,kto,5,_kto/P2_kto (5).mov,_kto,43872,validation
P2_kto_0050_772c8750244b,P2,kto,50,_kto/P2_kto (50).mov,_kto,44246,validation
P2_kto_0051_baaeb0ba7f4b,P2,kto,51,_kto/P2_kto (51).mov,_kto,44246,validation
P2_kto_0052_526808e57182,P2,kto,52,_kto/P2_kto (52).mov,_kto,44246,validation
P2_kto_0053_5f8bc600844e,P2,kto,53,_kto/P2_kto (53).mov,_kto,44246,validation
P2_kto_0054_bd0aabff6e76,P2,kto,54,_kto/P2_kto (54).mov,_kto,44246,validation
P2_kto_0055_5ea89dc92ae2,P2,kto,55,_kto/P2_kto (55).mov,_kto,44246,validation
P2_kto_0056_c7b605b1a467,P2,kto,56,_kto/P2_kto (56).mov,_kto,44246,validation
P2_kto_0057_8f7ad621f134,P2,kto,57,_kto/P2_kto (57).mov,_kto,44246,validation
P2_kto_0058_51496742c7fe,P2,kto,58,_kto/P2_kto (58).mov,_kto,44246,validation
P2_kto_0059_95b0b0a39ed1,P2,kto,59,_kto/P2_kto (59).mov,_kto,44246,validation
P2_kto_0006_35222e2f0e11,P2,kto,6,_kto/P2_kto (6).mov,_kto,43872,validation
P2_kto_0060_01226ad57763,P2,kto,60,_kto/P2_kto (60).mov,_kto,60792,validation
P2_kto_0061_4ddcd5f173b9,P2,kto,61,_kto/P2_kto (61).mov,_kto,60792,validation
P2_kto_0062_e574c75f215d,P2,kto,62,_kto/P2_kto (62).mov,_kto,60792,validation
P2_kto_0063_aa809798b70b,P2,kto,63,_kto/P2_kto (63).mov,_kto,60792,validation
P2_kto_0064_e13499d67ae9,P2,kto,64,_kto/P2_kto (64).mov,_kto,60792,validation
P2_kto_0065_f1eb4a86c580,P2,kto,65,_kto/P2_kto (65).mov,_kto,60792,validation
P2_kto_0066_d75f2f1845bc,P2,kto,66,_kto/P2_kto (66).mov,_kto,60792,validation
P2_kto_0067_f4a45cb5c161,P2,kto,67,_kto/P2_kto (67).mov,_kto,60792,validation
P2_kto_0068_215edf34a8d4,P2,kto,68,_kto/P2_kto (68).mov,_kto,60792,validation
P2_kto_0069_2102a18dcab3,P2,kto,69,_kto/P2_kto (69).mov,_kto,60792,validation
P2_kto_0007_508599283f2e,P2,kto,7,_kto/P2_kto (7).mov,_kto,43872,validation
P2_kto_0070_6d7982a36be3,P2,kto,70,_kto/P2_kto (70).mov,_kto,60792,validation
P2_kto_0071_71dcf9ecd748,P2,kto,71,_kto/P2_kto (71).mov,_kto,60792,validation
P2_kto_0072_91f40ca53a00,P2,kto,72,_kto/P2_kto (72).mov,_kto,44914,validation
P2_kto_0073_cf64064d5de7,P2,kto,73,_kto/P2_kto (73).mov,_kto,44914,validation
P2_kto_0074_128077eb90e7,P2,kto,74,_kto/P2_kto (74).mov,_kto,44914,validation
P2_kto_0075_f740bc617716,P2,kto,75,_kto/P2_kto (75).mov,_kto,44914,validation
P2_kto_0076_45e24aebb615,P2,kto,76,_kto/P2_kto (76).mov,_kto,44914,validation
P2_kto_0077_35d738189375,P2,kto,77,_kto/P2_kto (77).mov,_kto,44914,validation
P2_kto_0078_c1da0465a5f9,P2,kto,78,_kto/P2_kto (78).mov,_kto,44914,validation
P2_kto_0079_5845f4783a96,P2,kto,79,_kto/P2_kto (79).mov,_kto,44914,validation
P2_kto_0008_91eac1a5179a,P2,kto,8,_kto/P2_kto (8).mov,_kto,43872,validation
P2_kto_0080_6660fd002b49,P2,kto,80,_kto/P2_kto (80).mov,_kto,44914,validation
P2_kto_0081_263c41132173,P2,kto,81,_kto/P2_kto (81).mov,_kto,44914,validation
P2_kto_0082_bc1ccc4d13cd,P2,kto,82,_kto/P2_kto (82).mov,_kto,44914,validation
P2_kto_0083_5a90d24f1b12,P2,kto,83,_kto/P2_kto (83).mov,_kto,44914,validation
P2_kto_0084_558ff8245c46,P2,kto,84,_kto/P2_kto (84).mov,_kto,38212,validation
P2_kto_0085_3f247d097bce,P2,kto,85,_kto/P2_kto (85).mov,_kto,38212,validation
P2_kto_0086_819e67750bc6,P2,kto,86,_kto/P2_kto (86).mov,_kto,38212,validation
P2_kto_0087_c7c66a6fef8c,P2,kto,87,_kto/P2_kto (87).mov,_kto,38212,validation
P2_kto_0088_387f4c2507e1,P2,kto,88,_kto/P2_kto (88).mov,_kto,38212,validation
P2_kto_0089_7d37e31de01c,P2,kto,89,_kto/P2_kto (89).mov,_kto,38212,validation
P2_kto_0009_61845b3d2dae,P2,kto,9,_kto/P2_kto (9).mov,_kto,43872,validation
P2_kto_0090_6bf512fadb2b,P2,kto,90,_kto/P2_kto (90).mov,_kto,38212,validation
P2_kto_0091_9b712e0a38b0,P2,kto,91,_kto/P2_kto (91).mov,_kto,38212,validation
P2_kto_0092_1e4935c662dc,P2,kto,92,_kto/P2_kto (92).mov,_kto,38212,validation
P2_kto_0093_a8c6369f5317,P2,kto,93,_kto/P2_kto (93).mov,_kto,38212,validation
P2_kto_0094_64d5d34ab3ec,P2,kto,94,_kto/P2_kto (94).mov,_kto,38212,validation
P2_kto_0095_4b7f116c683d,P2,kto,95,_kto/P2_kto (95).mov,_kto,38212,validation
P2_kto_0096_3c74a7f6c460,P2,kto,96,_kto/P2_kto (96).mov,_kto,38212,validation
P2_kto_0097_9681c1751388,P2,kto,97,_kto/P2_kto (97).mov,_kto,38212,validation
P2_kto_0098_e4fa2eb8d3f4,P2,kto,98,_kto/P2_kto (98).mov,_kto,38212,validation
P3_kto_0001_77b1a53874dc,P3,kto,1,_kto/P3_kto (1).mov,_kto,78230,train
P3_kto_0010_b9e34f60904c,P3,kto,10,_kto/P3_kto (10).mov,_kto,34416,train
P3_kto_0011_2fae2e43081a,P3,kto,11,_kto/P3_kto (11).mov,_kto,27936,train
P3_kto_0012_0c510b86ddbc,P3,kto,12,_kto/P3_kto (12).mov,_kto,27386,train
P3_kto_0013_ac4f097c76b7,P3,kto,13,_kto/P3_kto (13).mov,_kto,42474,train
P3_kto_0014_10c2332090cf,P3,kto,14,_kto/P3_kto (14).mov,_kto,32153,train
P3_kto_0015_c4f5b9c28e13,P3,kto,15,_kto/P3_kto (15).mov,_kto,33193,train
P3_kto_0016_b6cabaa17faa,P3,kto,16,_kto/P3_kto (16).mov,_kto,34514,train
P3_kto_0017_097124ea3da9,P3,kto,17,_kto/P3_kto (17).mov,_kto,34733,train
P3_kto_0018_be8e27df16f7,P3,kto,18,_kto/P3_kto (18).mov,_kto,29887,train
P3_kto_0019_9a545fefb195,P3,kto,19,_kto/P3_kto (19).mov,_kto,32933,train
P3_kto_0002_0799b7dbb98f,P3,kto,2,_kto/P3_kto (2).mov,_kto,57378,train
P3_kto_0020_b7c09f4fd156,P3,kto,20,_kto/P3_kto (20).mov,_kto,36411,train
P3_kto_0021_f5058df863f7,P3,kto,21,_kto/P3_kto (21).mov,_kto,37275,train
P3_kto_0022_b6ca6317b1ec,P3,kto,22,_kto/P3_kto (22).mov,_kto,28596,train
P3_kto_0023_fa6b5bfe41bd,P3,kto,23,_kto/P3_kto (23).mov,_kto,33123,train
P3_kto_0024_b6ccc9400c68,P3,kto,24,_kto/P3_kto (24).mov,_kto,36334,train
P3_kto_0025_57162c2b0b7c,P3,kto,25,_kto/P3_kto (25).mov,_kto,30728,train
P3_kto_0026_f91a7c882491,P3,kto,26,_kto/P3_kto (26).mov,_kto,38094,train
P3_kto_0027_4ca7d54c8384,P3,kto,27,_kto/P3_kto (27).mov,_kto,31230,train
P3_kto_0028_0d3f7c56ff68,P3,kto,28,_kto/P3_kto (28).mov,_kto,35360,train
P3_kto_0029_b893fb9c2313,P3,kto,29,_kto/P3_kto (29).mov,_kto,38018,train
P3_kto_0003_50e8377f85c2,P3,kto,3,_kto/P3_kto (3).mov,_kto,57613,train
P3_kto_0030_1f3d9cd045aa,P3,kto,30,_kto/P3_kto (30).mov,_kto,37460,train
P3_kto_0031_6c6313e4d203,P3,kto,31,_kto/P3_kto (31).mov,_kto,29916,train
P3_kto_0032_0cb01c5034c8,P3,kto,32,_kto/P3_kto (32).mov,_kto,26065,train
P3_kto_0033_9b00b504e51c,P3,kto,33,_kto/P3_kto (33).mov,_kto,25217,train
P3_kto_0034_0258507ce543,P3,kto,34,_kto/P3_kto (34).mov,_kto,31342,train
P3_kto_0035_521c185d1ebd,P3,kto,35,_kto/P3_kto (35).mov,_kto,32920,train
P3_kto_0036_690181a1e7f2,P3,kto,36,_kto/P3_kto (36).mov,_kto,36585,train
P3_kto_0037_fa230728ede2,P3,kto,37,_kto/P3_kto (37).mov,_kto,33124,train
P3_kto_0038_d37aead204e6,P3,kto,38,_kto/P3_kto (38).mov,_kto,31496,train
P3_kto_0039_2dd3c9a47b67,P3,kto,39,_kto/P3_kto (39).mov,_kto,24348,train
P3_kto_0004_dc302ff46d58,P3,kto,4,_kto/P3_kto (4).mov,_kto,87985,train
P3_kto_0040_8fb3e14e246b,P3,kto,40,_kto/P3_kto (40).mov,_kto,28080,train
P3_kto_0005_728e49eea005,P3,kto,5,_kto/P3_kto (5).mov,_kto,71116,train
P3_kto_0006_3041de85a42c,P3,kto,6,_kto/P3_kto (6).mov,_kto,59378,train
P3_kto_0007_80e05cecd749,P3,kto,7,_kto/P3_kto (7).mov,_kto,38829,train
P3_kto_0008_4242e9324ee4,P3,kto,8,_kto/P3_kto (8).mov,_kto,59754,train
P3_kto_0009_0ab82747c87e,P3,kto,9,_kto/P3_kto (9).mov,_kto,48503,train
P4_kto_0001_fa97f318d914,P4,kto,1,_kto/P4_kto (1).mov,_kto,112716,train
P4_kto_0010_b1afb2b989cc,P4,kto,10,_kto/P4_kto (10).mov,_kto,51924,train
P4_kto_0011_7315a80aaf67,P4,kto,11,_kto/P4_kto (11).mov,_kto,51466,train
P4_kto_0012_6880b9605a79,P4,kto,12,_kto/P4_kto (12).mov,_kto,58408,train
P4_kto_0013_7648c7649e12,P4,kto,13,_kto/P4_kto (13).mov,_kto,59506,train
P4_kto_0014_10f1f330aff1,P4,kto,14,_kto/P4_kto (14).mov,_kto,52844,train
P4_kto_0015_15f4bb00194a,P4,kto,15,_kto/P4_kto (15).mov,_kto,54750,train
P4_kto_0016_7f23f4866ff6,P4,kto,16,_kto/P4_kto (16).mov,_kto,54625,train
P4_kto_0017_d4f4beaeea2d,P4,kto,17,_kto/P4_kto (17).mov,_kto,57141,train
P4_kto_0018_e65cb7e2f1c7,P4,kto,18,_kto/P4_kto (18).mov,_kto,70070,train
P4_kto_0019_2f17a98f0591,P4,kto,19,_kto/P4_kto (19).mov,_kto,45149,train
P4_kto_0002_b77464232722,P4,kto,2,_kto/P4_kto (2).mov,_kto,254156,train
P4_kto_0020_61724f72489e,P4,kto,20,_kto/P4_kto (20).mov,_kto,49100,train
P4_kto_0021_d5ff98d6c975,P4,kto,21,_kto/P4_kto (21).mov,_kto,61442,train
P4_kto_0022_6dba90043a70,P4,kto,22,_kto/P4_kto (22).mov,_kto,57703,train
P4_kto_0023_f443090aecff,P4,kto,23,_kto/P4_kto (23).mov,_kto,57584,train
P4_kto_0024_7a923a2fec2f,P4,kto,24,_kto/P4_kto (24).mov,_kto,50613,train
P4_kto_0025_01b355a629a0,P4,kto,25,_kto/P4_kto (25).mov,_kto,47638,train
P4_kto_0026_44b3988456aa,P4,kto,26,_kto/P4_kto (26).mov,_kto,50114,train
P4_kto_0027_38756bf5afc3,P4,kto,27,_kto/P4_kto (27).mov,_kto,46476,train
P4_kto_0028_78e9c4d96a07,P4,kto,28,_kto/P4_kto (28).mov,_kto,45509,train
P4_kto_0029_0be89a11b81c,P4,kto,29,_kto/P4_kto (29).mov,_kto,46373,train
P4_kto_0003_01bbe3ace934,P4,kto,3,_kto/P4_kto (3).mov,_kto,119300,train
P4_kto_0030_483d34120ab8,P4,kto,30,_kto/P4_kto (30).mov,_kto,50568,train
P4_kto_0031_b168b1c5fce2,P4,kto,31,_kto/P4_kto (31).mov,_kto,56513,train
P4_kto_0032_a3795ed22b77,P4,kto,32,_kto/P4_kto (32).mov,_kto,46540,train
P4_kto_0033_b0d2bbb39b9c,P4,kto,33,_kto/P4_kto (33).mov,_kto,53336,train
P4_kto_0034_9f8b4cd5179c,P4,kto,34,_kto/P4_kto (34).mov,_kto,51383,train
P4_kto_0035_5d58554f3e23,P4,kto,35,_kto/P4_kto (35).mov,_kto,58930,train
P4_kto_0036_77b01abe0e49,P4,kto,36,_kto/P4_kto (36).mov,_kto,43285,train
P4_kto_0037_1792ca6b2839,P4,kto,37,_kto/P4_kto (37).mov,_kto,60983,train
P4_kto_0038_b2d5ed6f32cf,P4,kto,38,_kto/P4_kto (38).mov,_kto,43311,train
P4_kto_0039_37efe08adb87,P4,kto,39,_kto/P4_kto (39).mov,_kto,50871,train
P4_kto_0004_fbdf0dfe644d,P4,kto,4,_kto/P4_kto (4).mov,_kto,99361,train
P4_kto_0040_4637c4e28f39,P4,kto,40,_kto/P4_kto (40).mov,_kto,50356,train
P4_kto_0005_366bebffe26d,P4,kto,5,_kto/P4_kto (5).mov,_kto,73505,train
P4_kto_0006_27b954bfa3a1,P4,kto,6,_kto/P4_kto (6).mov,_kto,65674,train
P4_kto_0007_939568b350f4,P4,kto,7,_kto/P4_kto (7).mov,_kto,85040,train
P4_kto_0008_9e686f0979a6,P4,kto,8,_kto/P4_kto (8).mov,_kto,44406,train
P4_kto_0009_74723fc02f1d,P4,kto,9,_kto/P4_kto (9).mov,_kto,45455,train
P5_kto_0001_8dfe4c079fc2,P5,kto,1,_kto/P5_kto (1).mov,_kto,52872,train
P5_kto_0010_979b2e60d730,P5,kto,10,_kto/P5_kto (10).mov,_kto,56822,train
P5_kto_0011_3a801c1e9487,P5,kto,11,_kto/P5_kto (11).mov,_kto,38243,train
P5_kto_0012_0d954caff19f,P5,kto,12,_kto/P5_kto (12).mov,_kto,61830,train
P5_kto_0013_27038b23afe7,P5,kto,13,_kto/P5_kto (13).mov,_kto,53073,train
P5_kto_0014_6f10359fe162,P5,kto,14,_kto/P5_kto (14).mov,_kto,53306,train
P5_kto_0015_400c59086e52,P5,kto,15,_kto/P5_kto (15).mov,_kto,41218,train
P5_kto_0016_b10f27bdcb27,P5,kto,16,_kto/P5_kto (16).mov,_kto,34276,train
P5_kto_0017_fad8afa26fe0,P5,kto,17,_kto/P5_kto (17).mov,_kto,52702,train
P5_kto_0018_fe1ff9208dc6,P5,kto,18,_kto/P5_kto (18).mov,_kto,57554,train
P5_kto_0019_11b21860fd15,P5,kto,19,_kto/P5_kto (19).mov,_kto,47210,train
P5_kto_0002_415d0d84e160,P5,kto,2,_kto/P5_kto (2).mov,_kto,68813,train
P5_kto_0020_134d6c9ebc68,P5,kto,20,_kto/P5_kto (20).mov,_kto,50837,train
P5_kto_0021_0b71323002f5,P5,kto,21,_kto/P5_kto (21).mov,_kto,45946,train
P5_kto_0022_f6c560d892e0,P5,kto,22,_kto/P5_kto (22).mov,_kto,37774,train
P5_kto_0023_a3133cb6280e,P5,kto,23,_kto/P5_kto (23).mov,_kto,46518,train
P5_kto_0024_0864bd7a1d48,P5,kto,24,_kto/P5_kto (24).mov,_kto,54668,train
P5_kto_0025_bcb25fc23ccf,P5,kto,25,_kto/P5_kto (25).mov,_kto,50463,train
P5_kto_0026_27f989863efe,P5,kto,26,_kto/P5_kto (26).mov,_kto,53044,train
P5_kto_0027_6458136fa73c,P5,kto,27,_kto/P5_kto (27).mov,_kto,44924,train
P5_kto_0028_6b19d15f2e4e,P5,kto,28,_kto/P5_kto (28).mov,_kto,52480,train
P5_kto_0029_4f783431840b,P5,kto,29,_kto/P5_kto (29).mov,_kto,53576,train
P5_kto_0003_16d1dfffc03a,P5,kto,3,_kto/P5_kto (3).mov,_kto,60748,train
P5_kto_0030_710e8b9c9798,P5,kto,30,_kto/P5_kto (30).mov,_kto,54630,train
P5_kto_0031_590fed483cef,P5,kto,31,_kto/P5_kto (31).mov,_kto,61691,train
P5_kto_0032_65542b925dde,P5,kto,32,_kto/P5_kto (32).mov,_kto,62074,train
P5_kto_0033_11218e196328,P5,kto,33,_kto/P5_kto (33).mov,_kto,71006,train
P5_kto_0034_7e2692ea654c,P5,kto,34,_kto/P5_kto (34).mov,_kto,56249,train
P5_kto_0035_2d207a19d621,P5,kto,35,_kto/P5_kto (35).mov,_kto,56735,train
P5_kto_0036_3b45c004d26d,P5,kto,36,_kto/P5_kto (36).mov,_kto,43733,train
P5_kto_0037_fbb7fde85eb0,P5,kto,37,_kto/P5_kto (37).mov,_kto,85783,train
P5_kto_0038_956de6c99c38,P5,kto,38,_kto/P5_kto (38).mov,_kto,113373,train
P5_kto_0039_c761302a9e02,P5,kto,39,_kto/P5_kto (39).mov,_kto,76002,train
P5_kto_0004_3af857dcf3ae,P5,kto,4,_kto/P5_kto (4).mov,_kto,88145,train
P5_kto_0005_5700978cb075,P5,kto,5,_kto/P5_kto (5).mov,_kto,48066,train
P5_kto_0006_46f8a7a76588,P5,kto,6,_kto/P5_kto (6).mov,_kto,61299,train
P5_kto_0007_9ebbfaf79bc8,P5,kto,7,_kto/P5_kto (7).mov,_kto,42636,train
P5_kto_0008_3276e058a356,P5,kto,8,_kto/P5_kto (8).mov,_kto,53496,train
P5_kto_0009_b07bd207fc78,P5,kto,9,_kto/P5_kto (9).mov,_kto,59830,train
P1_ktoQ_0001_91cbbca53a3c,P1,ktoQ,1,_kto_q/P1_ktoQ (1).mov,_kto_q,85953,test
P1_ktoQ_0010_c7979e1e334c,P1,ktoQ,10,_kto_q/P1_ktoQ (10).mov,_kto_q,110443,test
P1_ktoQ_0011_c983fcdbf5e4,P1,ktoQ,11,_kto_q/P1_ktoQ (11).mov,_kto_q,128385,test
P1_ktoQ_0012_6f01bfd6b57a,P1,ktoQ,12,_kto_q/P1_ktoQ (12).mov,_kto_q,116367,test
P1_ktoQ_0013_58229cb74a3b,P1,ktoQ,13,_kto_q/P1_ktoQ (13).mov,_kto_q,109911,test
P1_ktoQ_0014_78f92a48ba5d,P1,ktoQ,14,_kto_q/P1_ktoQ (14).mov,_kto_q,94237,test
P1_ktoQ_0015_80f4b4d2220f,P1,ktoQ,15,_kto_q/P1_ktoQ (15).mov,_kto_q,95055,test
P1_ktoQ_0016_ffdd846983aa,P1,ktoQ,16,_kto_q/P1_ktoQ (16).mov,_kto_q,94368,test
P1_ktoQ_0017_69aec7803753,P1,ktoQ,17,_kto_q/P1_ktoQ (17).mov,_kto_q,94583,test
P1_ktoQ_0018_065f7fa92231,P1,ktoQ,18,_kto_q/P1_ktoQ (18).mov,_kto_q,94143,test
P1_ktoQ_0019_fb17d06e688d,P1,ktoQ,19,_kto_q/P1_ktoQ (19).mov,_kto_q,101799,test
P1_ktoQ_0002_3d6c6a400775,P1,ktoQ,2,_kto_q/P1_ktoQ (2).mov,_kto_q,88314,test
P1_ktoQ_0020_ad194ce7694e,P1,ktoQ,20,_kto_q/P1_ktoQ (20).mov,_kto_q,88192,test
P1_ktoQ_0021_28cd0e285fdc,P1,ktoQ,21,_kto_q/P1_ktoQ (21).mov,_kto_q,98733,test
P1_ktoQ_0022_db1505cd305e,P1,ktoQ,22,_kto_q/P1_ktoQ (22).mov,_kto_q,89863,test
P1_ktoQ_0023_ea70cbd1bb49,P1,ktoQ,23,_kto_q/P1_ktoQ (23).mov,_kto_q,78492,test
P1_ktoQ_0024_45b2c0ef5dbf,P1,ktoQ,24,_kto_q/P1_ktoQ (24).mov,_kto_q,91623,test
P1_ktoQ_0025_b2523cd8d34b,P1,ktoQ,25,_kto_q/P1_ktoQ (25).mov,_kto_q,102051,test
P1_ktoQ_0026_a9260902aca1,P1,ktoQ,26,_kto_q/P1_ktoQ (26).mov,_kto_q,101944,test
P1_ktoQ_0027_bc4c97f1bc26,P1,ktoQ,27,_kto_q/P1_ktoQ (27).mov,_kto_q,109960,test
P1_ktoQ_0028_95bfb7288c2e,P1,ktoQ,28,_kto_q/P1_ktoQ (28).mov,_kto_q,104351,test
P1_ktoQ_0029_f4c5f7cd2b08,P1,ktoQ,29,_kto_q/P1_ktoQ (29).mov,_kto_q,108405,test
P1_ktoQ_0003_b8e0f24a5c07,P1,ktoQ,3,_kto_q/P1_ktoQ (3).mov,_kto_q,99746,test
P1_ktoQ_0030_b49e3fd3ee16,P1,ktoQ,30,_kto_q/P1_ktoQ (30).mov,_kto_q,116985,test
P1_ktoQ_0031_5b885cd49b36,P1,ktoQ,31,_kto_q/P1_ktoQ (31).mov,_kto_q,127288,test
P1_ktoQ_0032_f2688a77d192,P1,ktoQ,32,_kto_q/P1_ktoQ (32).mov,_kto_q,128307,test
P1_ktoQ_0033_f34810948b44,P1,ktoQ,33,_kto_q/P1_ktoQ (33).mov,_kto_q,130107,test
P1_ktoQ_0034_91c998345089,P1,ktoQ,34,_kto_q/P1_ktoQ (34).mov,_kto_q,132702,test
P1_ktoQ_0035_1386adae15ea,P1,ktoQ,35,_kto_q/P1_ktoQ (35).mov,_kto_q,126157,test
P1_ktoQ_0036_29a5ce128dfe,P1,ktoQ,36,_kto_q/P1_ktoQ (36).mov,_kto_q,122176,test
P1_ktoQ_0037_d881d0eeb342,P1,ktoQ,37,_kto_q/P1_ktoQ (37).mov,_kto_q,122198,test
P1_ktoQ_0038_57ade51dd61b,P1,ktoQ,38,_kto_q/P1_ktoQ (38).mov,_kto_q,120666,test
P1_ktoQ_0039_8e7e3203d1a7,P1,ktoQ,39,_kto_q/P1_ktoQ (39).mov,_kto_q,120290,test
P1_ktoQ_0004_05f45bffb399,P1,ktoQ,4,_kto_q/P1_ktoQ (4).mov,_kto_q,100252,test
P1_ktoQ_0040_9fe7dc2f19fb,P1,ktoQ,40,_kto_q/P1_ktoQ (40).mov,_kto_q,105582,test
P1_ktoQ_0005_7ea2edeaa810,P1,ktoQ,5,_kto_q/P1_ktoQ (5).mov,_kto_q,99631,test
P1_ktoQ_0006_896d01bc2bd0,P1,ktoQ,6,_kto_q/P1_ktoQ (6).mov,_kto_q,100576,test
P1_ktoQ_0007_136116c9cb8e,P1,ktoQ,7,_kto_q/P1_ktoQ (7).mov,_kto_q,105812,test
P1_ktoQ_0008_e510475ac11d,P1,ktoQ,8,_kto_q/P1_ktoQ (8).mov,_kto_q,107173,test
P1_ktoQ_0009_a3b9b2f05928,P1,ktoQ,9,_kto_q/P1_ktoQ (9).mov,_kto_q,105781,test
P2_ktoQ_0001_8539305852bc,P2,ktoQ,1,_kto_q/P2_ktoQ (1).mov,_kto_q,72584,validation
P2_ktoQ_0010_337857feb13f,P2,ktoQ,10,_kto_q/P2_ktoQ (10).mov,_kto_q,56032,validation
P2_ktoQ_0011_b5805a5edefe,P2,ktoQ,11,_kto_q/P2_ktoQ (11).mov,_kto_q,56032,validation
P2_ktoQ_0012_039bd37568a0,P2,ktoQ,12,_kto_q/P2_ktoQ (12).mov,_kto_q,56032,validation
P2_ktoQ_0013_58dc8eeb431e,P2,ktoQ,13,_kto_q/P2_ktoQ (13).mov,_kto_q,56032,validation
P2_ktoQ_0014_6b3220603761,P2,ktoQ,14,_kto_q/P2_ktoQ (14).mov,_kto_q,56032,validation
P2_ktoQ_0015_647bf59f7cb7,P2,ktoQ,15,_kto_q/P2_ktoQ (15).mov,_kto_q,56032,validation
P2_ktoQ_0016_76106498c325,P2,ktoQ,16,_kto_q/P2_ktoQ (16).mov,_kto_q,56032,validation
P2_ktoQ_0017_d7a0d63fa645,P2,ktoQ,17,_kto_q/P2_ktoQ (17).mov,_kto_q,56032,validation
P2_ktoQ_0018_a9a4786686dc,P2,ktoQ,18,_kto_q/P2_ktoQ (18).mov,_kto_q,56032,validation
P2_ktoQ_0019_ef748f3d93eb,P2,ktoQ,19,_kto_q/P2_ktoQ (19).mov,_kto_q,56032,validation
P2_ktoQ_0002_664d2837fbe4,P2,ktoQ,2,_kto_q/P2_ktoQ (2).mov,_kto_q,72584,validation
P2_ktoQ_0020_85317a0a93b5,P2,ktoQ,20,_kto_q/P2_ktoQ (20).mov,_kto_q,56032,validation
P2_ktoQ_0021_980cb3b59a48,P2,ktoQ,21,_kto_q/P2_ktoQ (21).mov,_kto_q,56032,validation
P2_ktoQ_0022_e35ce3df9893,P2,ktoQ,22,_kto_q/P2_ktoQ (22).mov,_kto_q,56032,validation
P2_ktoQ_0023_15672ac7181e,P2,ktoQ,23,_kto_q/P2_ktoQ (23).mov,_kto_q,56032,validation
P2_ktoQ_0024_60464c5f3f73,P2,ktoQ,24,_kto_q/P2_ktoQ (24).mov,_kto_q,56032,validation
P2_ktoQ_0025_8e33165c16b0,P2,ktoQ,25,_kto_q/P2_ktoQ (25).mov,_kto_q,56032,validation
P2_ktoQ_0026_4e81b7ebdc22,P2,ktoQ,26,_kto_q/P2_ktoQ (26).mov,_kto_q,56032,validation
P2_ktoQ_0027_d2cc70a658b5,P2,ktoQ,27,_kto_q/P2_ktoQ (27).mov,_kto_q,62670,validation
P2_ktoQ_0028_dc104d6af8ac,P2,ktoQ,28,_kto_q/P2_ktoQ (28).mov,_kto_q,62670,validation
P2_ktoQ_0029_cfac1540791a,P2,ktoQ,29,_kto_q/P2_ktoQ (29).mov,_kto_q,62670,validation
P2_ktoQ_0003_ec27ec253a06,P2,ktoQ,3,_kto_q/P2_ktoQ (3).mov,_kto_q,72584,validation
P2_ktoQ_0030_2e051490ec31,P2,ktoQ,30,_kto_q/P2_ktoQ (30).mov,_kto_q,62670,validation
P2_ktoQ_0031_32faa86cf649,P2,ktoQ,31,_kto_q/P2_ktoQ (31).mov,_kto_q,62670,validation
P2_ktoQ_0032_8cee068d1521,P2,ktoQ,32,_kto_q/P2_ktoQ (32).mov,_kto_q,62670,validation
P2_ktoQ_0033_0af2ccccfb2b,P2,ktoQ,33,_kto_q/P2_ktoQ (33).mov,_kto_q,62670,validation
P2_ktoQ_0034_96980003ac80,P2,ktoQ,34,_kto_q/P2_ktoQ (34).mov,_kto_q,62670,validation
P2_ktoQ_0035_61b84938dd07,P2,ktoQ,35,_kto_q/P2_ktoQ (35).mov,_kto_q,62670,validation
P2_ktoQ_0036_e76c5a928034,P2,ktoQ,36,_kto_q/P2_ktoQ (36).mov,_kto_q,62670,validation
P2_ktoQ_0037_d00d9601c81f,P2,ktoQ,37,_kto_q/P2_ktoQ (37).mov,_kto_q,48512,validation
P2_ktoQ_0038_ad632402710a,P2,ktoQ,38,_kto_q/P2_ktoQ (38).mov,_kto_q,62670,validation
P2_ktoQ_0039_37cedaee5b38,P2,ktoQ,39,_kto_q/P2_ktoQ (39).mov,_kto_q,62670,validation
P2_ktoQ_0004_343a852d52bc,P2,ktoQ,4,_kto_q/P2_ktoQ (4).mov,_kto_q,72584,validation
P2_ktoQ_0040_a8b5f6cdd4f0,P2,ktoQ,40,_kto_q/P2_ktoQ (40).mov,_kto_q,55146,validation
P2_ktoQ_0041_96076a397f79,P2,ktoQ,41,_kto_q/P2_ktoQ (41).mov,_kto_q,55146,validation
P2_ktoQ_0042_67dc868895f9,P2,ktoQ,42,_kto_q/P2_ktoQ (42).mov,_kto_q,55146,validation
P2_ktoQ_0043_b7cb7a065a34,P2,ktoQ,43,_kto_q/P2_ktoQ (43).mov,_kto_q,55146,validation
P2_ktoQ_0044_5197e7fef242,P2,ktoQ,44,_kto_q/P2_ktoQ (44).mov,_kto_q,55146,validation
P2_ktoQ_0045_9e368c1584fe,P2,ktoQ,45,_kto_q/P2_ktoQ (45).mov,_kto_q,55146,validation
P2_ktoQ_0046_00caecbe29bf,P2,ktoQ,46,_kto_q/P2_ktoQ (46).mov,_kto_q,55146,validation
P2_ktoQ_0047_3f8bbdbb09d9,P2,ktoQ,47,_kto_q/P2_ktoQ (47).mov,_kto_q,55146,validation
P2_ktoQ_0048_974ff2cef14a,P2,ktoQ,48,_kto_q/P2_ktoQ (48).mov,_kto_q,55146,validation
P2_ktoQ_0049_904560355a6f,P2,ktoQ,49,_kto_q/P2_ktoQ (49).mov,_kto_q,55146,validation
P2_ktoQ_0005_b00a39677083,P2,ktoQ,5,_kto_q/P2_ktoQ (5).mov,_kto_q,72584,validation
P2_ktoQ_0050_544401d5f7e7,P2,ktoQ,50,_kto_q/P2_ktoQ (50).mov,_kto_q,75343,validation
P2_ktoQ_0051_76abed134b7b,P2,ktoQ,51,_kto_q/P2_ktoQ (51).mov,_kto_q,75343,validation
P2_ktoQ_0052_6fc7ccb9eabb,P2,ktoQ,52,_kto_q/P2_ktoQ (52).mov,_kto_q,75343,validation
P2_ktoQ_0053_ee20c055b67c,P2,ktoQ,53,_kto_q/P2_ktoQ (53).mov,_kto_q,75343,validation
P2_ktoQ_0054_9e4ee2fe04d1,P2,ktoQ,54,_kto_q/P2_ktoQ (54).mov,_kto_q,75343,validation
P2_ktoQ_0055_a9781717e957,P2,ktoQ,55,_kto_q/P2_ktoQ (55).mov,_kto_q,75343,validation
P2_ktoQ_0056_8d9a03078e9f,P2,ktoQ,56,_kto_q/P2_ktoQ (56).mov,_kto_q,75343,validation
P2_ktoQ_0057_5b6371d53451,P2,ktoQ,57,_kto_q/P2_ktoQ (57).mov,_kto_q,75343,validation
P2_ktoQ_0058_b236e5d728aa,P2,ktoQ,58,_kto_q/P2_ktoQ (58).mov,_kto_q,75343,validation
P2_ktoQ_0059_89015f525166,P2,ktoQ,59,_kto_q/P2_ktoQ (59).mov,_kto_q,75343,validation
P2_ktoQ_0006_e0518c870ef4,P2,ktoQ,6,_kto_q/P2_ktoQ (6).mov,_kto_q,72584,validation
P2_ktoQ_0060_006beb988273,P2,ktoQ,60,_kto_q/P2_ktoQ (60).mov,_kto_q,75343,validation
P2_ktoQ_0061_08e9ea0bdaa6,P2,ktoQ,61,_kto_q/P2_ktoQ (61).mov,_kto_q,75343,validation
P2_ktoQ_0062_f46b804e5969,P2,ktoQ,62,_kto_q/P2_ktoQ (62).mov,_kto_q,75343,validation
P2_ktoQ_0063_10f700f6b6f2,P2,ktoQ,63,_kto_q/P2_ktoQ (63).mov,_kto_q,72250,validation
P2_ktoQ_0064_72a7e25f9ea8,P2,ktoQ,64,_kto_q/P2_ktoQ (64).mov,_kto_q,72250,validation
P2_ktoQ_0065_d463d0706a1b,P2,ktoQ,65,_kto_q/P2_ktoQ (65).mov,_kto_q,72250,validation
P2_ktoQ_0066_96a6988646f5,P2,ktoQ,66,_kto_q/P2_ktoQ (66).mov,_kto_q,72250,validation
P2_ktoQ_0067_7038f3178206,P2,ktoQ,67,_kto_q/P2_ktoQ (67).mov,_kto_q,72250,validation
P2_ktoQ_0068_f9231f124c3b,P2,ktoQ,68,_kto_q/P2_ktoQ (68).mov,_kto_q,72250,validation
P2_ktoQ_0069_a0797acc5a2a,P2,ktoQ,69,_kto_q/P2_ktoQ (69).mov,_kto_q,72250,validation
P2_ktoQ_0007_0bb5942d69cb,P2,ktoQ,7,_kto_q/P2_ktoQ (7).mov,_kto_q,72584,validation
P2_ktoQ_0070_f3b0f4f7106a,P2,ktoQ,70,_kto_q/P2_ktoQ (70).mov,_kto_q,72250,validation
P2_ktoQ_0071_78d5112bf58e,P2,ktoQ,71,_kto_q/P2_ktoQ (71).mov,_kto_q,72250,validation
P2_ktoQ_0072_5136bb2a8462,P2,ktoQ,72,_kto_q/P2_ktoQ (72).mov,_kto_q,72250,validation
P2_ktoQ_0073_cd11eb6ad408,P2,ktoQ,73,_kto_q/P2_ktoQ (73).mov,_kto_q,72250,validation
P2_ktoQ_0074_276cce319cbf,P2,ktoQ,74,_kto_q/P2_ktoQ (74).mov,_kto_q,72250,validation
P2_ktoQ_0075_2f30080fa399,P2,ktoQ,75,_kto_q/P2_ktoQ (75).mov,_kto_q,57555,validation
P2_ktoQ_0076_c40594f5a02d,P2,ktoQ,76,_kto_q/P2_ktoQ (76).mov,_kto_q,57555,validation
P2_ktoQ_0077_893ae665149c,P2,ktoQ,77,_kto_q/P2_ktoQ (77).mov,_kto_q,57555,validation
P2_ktoQ_0078_566fcc9c4a47,P2,ktoQ,78,_kto_q/P2_ktoQ (78).mov,_kto_q,57555,validation
P2_ktoQ_0079_bafdb87a8520,P2,ktoQ,79,_kto_q/P2_ktoQ (79).mov,_kto_q,57555,validation
P2_ktoQ_0008_adf6ba0613af,P2,ktoQ,8,_kto_q/P2_ktoQ (8).mov,_kto_q,72584,validation
P2_ktoQ_0080_04520b403c5b,P2,ktoQ,80,_kto_q/P2_ktoQ (80).mov,_kto_q,57555,validation
P2_ktoQ_0081_1d2389750522,P2,ktoQ,81,_kto_q/P2_ktoQ (81).mov,_kto_q,57555,validation
P2_ktoQ_0082_081139d91dda,P2,ktoQ,82,_kto_q/P2_ktoQ (82).mov,_kto_q,57555,validation
P2_ktoQ_0083_b66a6cd4a84a,P2,ktoQ,83,_kto_q/P2_ktoQ (83).mov,_kto_q,57555,validation
P2_ktoQ_0084_36c6cbbdd007,P2,ktoQ,84,_kto_q/P2_ktoQ (84).mov,_kto_q,57555,validation
P2_ktoQ_0085_619719256f18,P2,ktoQ,85,_kto_q/P2_ktoQ (85).mov,_kto_q,57555,validation
P2_ktoQ_0086_a8aa9cc6476e,P2,ktoQ,86,_kto_q/P2_ktoQ (86).mov,_kto_q,57555,validation
P2_ktoQ_0087_fcfbc3440fd9,P2,ktoQ,87,_kto_q/P2_ktoQ (87).mov,_kto_q,57555,validation
P2_ktoQ_0088_bb4393788c80,P2,ktoQ,88,_kto_q/P2_ktoQ (88).mov,_kto_q,71171,validation
P2_ktoQ_0089_4cebf31a1d5c,P2,ktoQ,89,_kto_q/P2_ktoQ (89).mov,_kto_q,71171,validation
P2_ktoQ_0009_d9717a310127,P2,ktoQ,9,_kto_q/P2_ktoQ (9).mov,_kto_q,72584,validation
P2_ktoQ_0090_8dfdd2e71544,P2,ktoQ,90,_kto_q/P2_ktoQ (90).mov,_kto_q,71171,validation
P2_ktoQ_0091_dea61d6bd72a,P2,ktoQ,91,_kto_q/P2_ktoQ (91).mov,_kto_q,71171,validation
P2_ktoQ_0092_684bd30a93b4,P2,ktoQ,92,_kto_q/P2_ktoQ (92).mov,_kto_q,71171,validation
P2_ktoQ_0093_bcb8962289b5,P2,ktoQ,93,_kto_q/P2_ktoQ (93).mov,_kto_q,71171,validation
P2_ktoQ_0094_98063b4de558,P2,ktoQ,94,_kto_q/P2_ktoQ (94).mov,_kto_q,71171,validation
P2_ktoQ_0095_7925baea2e8b,P2,ktoQ,95,_kto_q/P2_ktoQ (95).mov,_kto_q,71171,validation
P2_ktoQ_0096_ddc918a09d6d,P2,ktoQ,96,_kto_q/P2_ktoQ (96).mov,_kto_q,71171,validation
P2_ktoQ_0097_190b78406a87,P2,ktoQ,97,_kto_q/P2_ktoQ (97).mov,_kto_q,71171,validation
P2_ktoQ_0098_726d46a9292f,P2,ktoQ,98,_kto_q/P2_ktoQ (98).mov,_kto_q,71171,validation
P3_ktoQ_0001_ff79034aa77b,P3,ktoQ,1,_kto_q/P3_ktoQ (1).mov,_kto_q,30613,train
P3_ktoQ_0010_3cc01e48950d,P3,ktoQ,10,_kto_q/P3_ktoQ (10).mov,_kto_q,73344,train
P3_ktoQ_0011_63ae1884d061,P3,ktoQ,11,_kto_q/P3_ktoQ (11).mov,_kto_q,53580,train
P3_ktoQ_0012_3cc8ae4679aa,P3,ktoQ,12,_kto_q/P3_ktoQ (12).mov,_kto_q,35230,train
P3_ktoQ_0013_05e4eabc893b,P3,ktoQ,13,_kto_q/P3_ktoQ (13).mov,_kto_q,40540,train
P3_ktoQ_0014_b7df52152156,P3,ktoQ,14,_kto_q/P3_ktoQ (14).mov,_kto_q,36864,train
P3_ktoQ_0015_e0e57968c393,P3,ktoQ,15,_kto_q/P3_ktoQ (15).mov,_kto_q,31974,train
P3_ktoQ_0016_e7c3cdcb9421,P3,ktoQ,16,_kto_q/P3_ktoQ (16).mov,_kto_q,32290,train
P3_ktoQ_0017_b13aaf5b4e59,P3,ktoQ,17,_kto_q/P3_ktoQ (17).mov,_kto_q,32664,train
P3_ktoQ_0018_9241aa46968f,P3,ktoQ,18,_kto_q/P3_ktoQ (18).mov,_kto_q,35255,train
P3_ktoQ_0019_c792828966d3,P3,ktoQ,19,_kto_q/P3_ktoQ (19).mov,_kto_q,42134,train
P3_ktoQ_0002_5dc345a90f15,P3,ktoQ,2,_kto_q/P3_ktoQ (2).mov,_kto_q,73344,train
P3_ktoQ_0020_f8014c8f04bf,P3,ktoQ,20,_kto_q/P3_ktoQ (20).mov,_kto_q,40716,train
P3_ktoQ_0021_9e7e1a6ed5dc,P3,ktoQ,21,_kto_q/P3_ktoQ (21).mov,_kto_q,38039,train
P3_ktoQ_0022_34e081f2170f,P3,ktoQ,22,_kto_q/P3_ktoQ (22).mov,_kto_q,47013,train
P3_ktoQ_0023_ef53e0efbd5c,P3,ktoQ,23,_kto_q/P3_ktoQ (23).mov,_kto_q,43348,train
P3_ktoQ_0024_076746e414cd,P3,ktoQ,24,_kto_q/P3_ktoQ (24).mov,_kto_q,39275,train
P3_ktoQ_0025_816cf6278222,P3,ktoQ,25,_kto_q/P3_ktoQ (25).mov,_kto_q,40928,train
P3_ktoQ_0026_8ed58a614947,P3,ktoQ,26,_kto_q/P3_ktoQ (26).mov,_kto_q,36560,train
P3_ktoQ_0027_8e6c8ca377e8,P3,ktoQ,27,_kto_q/P3_ktoQ (27).mov,_kto_q,34707,train
P3_ktoQ_0028_9d6421c97d6f,P3,ktoQ,28,_kto_q/P3_ktoQ (28).mov,_kto_q,39697,train
P3_ktoQ_0029_7962a7ad3a20,P3,ktoQ,29,_kto_q/P3_ktoQ (29).mov,_kto_q,44829,train
P3_ktoQ_0003_2a08ebbf3974,P3,ktoQ,3,_kto_q/P3_ktoQ (3).mov,_kto_q,70789,train
P3_ktoQ_0030_c275b69137a1,P3,ktoQ,30,_kto_q/P3_ktoQ (30).mov,_kto_q,31129,train
P3_ktoQ_0031_9a294569ca2d,P3,ktoQ,31,_kto_q/P3_ktoQ (31).mov,_kto_q,37585,train
P3_ktoQ_0032_9e4b59dc5a84,P3,ktoQ,32,_kto_q/P3_ktoQ (32).mov,_kto_q,38367,train
P3_ktoQ_0033_0da93aa492c4,P3,ktoQ,33,_kto_q/P3_ktoQ (33).mov,_kto_q,31415,train
P3_ktoQ_0034_931c9e98df8e,P3,ktoQ,34,_kto_q/P3_ktoQ (34).mov,_kto_q,38690,train
P3_ktoQ_0035_e97db5eeee35,P3,ktoQ,35,_kto_q/P3_ktoQ (35).mov,_kto_q,38653,train
P3_ktoQ_0036_7d85e64e98f0,P3,ktoQ,36,_kto_q/P3_ktoQ (36).mov,_kto_q,29990,train
P3_ktoQ_0037_996466dba3a6,P3,ktoQ,37,_kto_q/P3_ktoQ (37).mov,_kto_q,31793,train
P3_ktoQ_0038_d947292e23aa,P3,ktoQ,38,_kto_q/P3_ktoQ (38).mov,_kto_q,34737,train
P3_ktoQ_0039_11a996385aa1,P3,ktoQ,39,_kto_q/P3_ktoQ (39).mov,_kto_q,39514,train
P3_ktoQ_0004_e5d501ca6907,P3,ktoQ,4,_kto_q/P3_ktoQ (4).mov,_kto_q,87703,train
P3_ktoQ_0040_4bd7e1f67486,P3,ktoQ,40,_kto_q/P3_ktoQ (40).mov,_kto_q,34297,train
P3_ktoQ_0005_451a2a7f8ba7,P3,ktoQ,5,_kto_q/P3_ktoQ (5).mov,_kto_q,43665,train
P3_ktoQ_0006_f70826814466,P3,ktoQ,6,_kto_q/P3_ktoQ (6).mov,_kto_q,53510,train
P3_ktoQ_0007_fa9dab88e773,P3,ktoQ,7,_kto_q/P3_ktoQ (7).mov,_kto_q,53580,train
P3_ktoQ_0008_c549f2f27721,P3,ktoQ,8,_kto_q/P3_ktoQ (8).mov,_kto_q,62366,train
P3_ktoQ_0009_998245f88174,P3,ktoQ,9,_kto_q/P3_ktoQ (9).mov,_kto_q,50943,train
P4_kotoriyQ_0001_82c5ba27b9a3,P4,kotoriyQ,1,_kto_q/P4_kotoriyQ (1).mov,_kto_q,224119,train
P4_kotoriyQ_0010_91293357281c,P4,kotoriyQ,10,_kto_q/P4_kotoriyQ (10).mov,_kto_q,53380,train
P4_kotoriyQ_0011_3fa4a4f717df,P4,kotoriyQ,11,_kto_q/P4_kotoriyQ (11).mov,_kto_q,54238,train
P4_kotoriyQ_0012_66045c0f7c53,P4,kotoriyQ,12,_kto_q/P4_kotoriyQ (12).mov,_kto_q,34640,train
P4_kotoriyQ_0013_4ade32c8a843,P4,kotoriyQ,13,_kto_q/P4_kotoriyQ (13).mov,_kto_q,52862,train
P4_kotoriyQ_0014_463e3b6faa16,P4,kotoriyQ,14,_kto_q/P4_kotoriyQ (14).mov,_kto_q,62416,train
P4_kotoriyQ_0015_f1297ddf7427,P4,kotoriyQ,15,_kto_q/P4_kotoriyQ (15).mov,_kto_q,60068,train
P4_kotoriyQ_0016_f3173d65af0b,P4,kotoriyQ,16,_kto_q/P4_kotoriyQ (16).mov,_kto_q,42663,train
P4_kotoriyQ_0017_79b75e15b5a2,P4,kotoriyQ,17,_kto_q/P4_kotoriyQ (17).mov,_kto_q,57207,train
P4_kotoriyQ_0018_a650f4565351,P4,kotoriyQ,18,_kto_q/P4_kotoriyQ (18).mov,_kto_q,62347,train
P4_kotoriyQ_0019_529850350a38,P4,kotoriyQ,19,_kto_q/P4_kotoriyQ (19).mov,_kto_q,69019,train
P4_kotoriyQ_0002_f2aed680fff5,P4,kotoriyQ,2,_kto_q/P4_kotoriyQ (2).mov,_kto_q,86818,train
P4_kotoriyQ_0020_e4f89d527253,P4,kotoriyQ,20,_kto_q/P4_kotoriyQ (20).mov,_kto_q,75461,train
P4_kotoriyQ_0021_550d2e1eea43,P4,kotoriyQ,21,_kto_q/P4_kotoriyQ (21).mov,_kto_q,76467,train
P4_kotoriyQ_0022_a37cbd2be50c,P4,kotoriyQ,22,_kto_q/P4_kotoriyQ (22).mov,_kto_q,65332,train
P4_kotoriyQ_0023_f60682dd1816,P4,kotoriyQ,23,_kto_q/P4_kotoriyQ (23).mov,_kto_q,64655,train
P4_kotoriyQ_0024_6110ec9f917a,P4,kotoriyQ,24,_kto_q/P4_kotoriyQ (24).mov,_kto_q,58072,train
P4_kotoriyQ_0025_5e170f327621,P4,kotoriyQ,25,_kto_q/P4_kotoriyQ (25).mov,_kto_q,56633,train
P4_kotoriyQ_0026_be8cb930bae6,P4,kotoriyQ,26,_kto_q/P4_kotoriyQ (26).mov,_kto_q,57154,train
P4_kotoriyQ_0027_9006eb7ada98,P4,kotoriyQ,27,_kto_q/P4_kotoriyQ (27).mov,_kto_q,54779,train
P4_kotoriyQ_0028_22aee97da02a,P4,kotoriyQ,28,_kto_q/P4_kotoriyQ (28).mov,_kto_q,85333,train
P4_kotoriyQ_0029_458b9cbf2d4b,P4,kotoriyQ,29,_kto_q/P4_kotoriyQ (29).mov,_kto_q,54064,train
P4_kotoriyQ_0003_3e0f4f843824,P4,kotoriyQ,3,_kto_q/P4_kotoriyQ (3).mov,_kto_q,178995,train
P4_kotoriyQ_0030_076228fb9dd1,P4,kotoriyQ,30,_kto_q/P4_kotoriyQ (30).mov,_kto_q,53059,train
P4_kotoriyQ_0031_fa209cff13fd,P4,kotoriyQ,31,_kto_q/P4_kotoriyQ (31).mov,_kto_q,68139,train
P4_kotoriyQ_0032_a57b20930f13,P4,kotoriyQ,32,_kto_q/P4_kotoriyQ (32).mov,_kto_q,54309,train
P4_kotoriyQ_0033_45e1592314a2,P4,kotoriyQ,33,_kto_q/P4_kotoriyQ (33).mov,_kto_q,53556,train
P4_kotoriyQ_0034_2925cd58059d,P4,kotoriyQ,34,_kto_q/P4_kotoriyQ (34).mov,_kto_q,55758,train
P4_kotoriyQ_0035_ab070c66edac,P4,kotoriyQ,35,_kto_q/P4_kotoriyQ (35).mov,_kto_q,48690,train
P4_kotoriyQ_0036_a5d16469e65c,P4,kotoriyQ,36,_kto_q/P4_kotoriyQ (36).mov,_kto_q,49866,train
P4_kotoriyQ_0037_86b875f5544d,P4,kotoriyQ,37,_kto_q/P4_kotoriyQ (37).mov,_kto_q,39073,train
P4_kotoriyQ_0038_de5641c2a1d7,P4,kotoriyQ,38,_kto_q/P4_kotoriyQ (38).mov,_kto_q,64797,train
P4_kotoriyQ_0039_25e4f2df83f1,P4,kotoriyQ,39,_kto_q/P4_kotoriyQ (39).mov,_kto_q,58074,train
P4_kotoriyQ_0004_a46c9e9a8724,P4,kotoriyQ,4,_kto_q/P4_kotoriyQ (4).mov,_kto_q,159211,train
P4_kotoriyQ_0040_bf4f81ac440d,P4,kotoriyQ,40,_kto_q/P4_kotoriyQ (40).mov,_kto_q,76026,train
P4_kotoriyQ_0005_2e681907a093,P4,kotoriyQ,5,_kto_q/P4_kotoriyQ (5).mov,_kto_q,57543,train
P4_kotoriyQ_0006_9b4b5984101e,P4,kotoriyQ,6,_kto_q/P4_kotoriyQ (6).mov,_kto_q,44361,train
P4_kotoriyQ_0007_04b1ebbce56e,P4,kotoriyQ,7,_kto_q/P4_kotoriyQ (7).mov,_kto_q,65591,train
P4_kotoriyQ_0008_8f20c15b277a,P4,kotoriyQ,8,_kto_q/P4_kotoriyQ (8).mov,_kto_q,65672,train
P4_kotoriyQ_0009_ac20e7a19156,P4,kotoriyQ,9,_kto_q/P4_kotoriyQ (9).mov,_kto_q,85021,train
P5_ktoQ_0001_9e279daba32a,P5,ktoQ,1,_kto_q/P5_ktoQ (1).mov,_kto_q,101167,train
P5_ktoQ_0010_ba56f0bb9e6f,P5,ktoQ,10,_kto_q/P5_ktoQ (10).mov,_kto_q,100440,train
P5_ktoQ_0011_1b4d78bddf59,P5,ktoQ,11,_kto_q/P5_ktoQ (11).mov,_kto_q,92072,train
P5_ktoQ_0012_54f0c3ebe4ce,P5,ktoQ,12,_kto_q/P5_ktoQ (12).mov,_kto_q,92091,train
P5_ktoQ_0013_b092670c7f4b,P5,ktoQ,13,_kto_q/P5_ktoQ (13).mov,_kto_q,61525,train
P5_ktoQ_0014_07723d09cdda,P5,ktoQ,14,_kto_q/P5_ktoQ (14).mov,_kto_q,74275,train
P5_ktoQ_0015_173b79c0b67a,P5,ktoQ,15,_kto_q/P5_ktoQ (15).mov,_kto_q,69701,train
P5_ktoQ_0016_9e6341946136,P5,ktoQ,16,_kto_q/P5_ktoQ (16).mov,_kto_q,91348,train
P5_ktoQ_0017_44be867eacad,P5,ktoQ,17,_kto_q/P5_ktoQ (17).mov,_kto_q,59508,train
P5_ktoQ_0018_95f31c41c398,P5,ktoQ,18,_kto_q/P5_ktoQ (18).mov,_kto_q,73020,train
P5_ktoQ_0019_773a905eb890,P5,ktoQ,19,_kto_q/P5_ktoQ (19).mov,_kto_q,84817,train
P5_ktoQ_0002_2ac2d3248d55,P5,ktoQ,2,_kto_q/P5_ktoQ (2).mov,_kto_q,68871,train
P5_ktoQ_0020_9fa1e484a591,P5,ktoQ,20,_kto_q/P5_ktoQ (20).mov,_kto_q,78746,train
P5_ktoQ_0021_0b4908fce629,P5,ktoQ,21,_kto_q/P5_ktoQ (21).mov,_kto_q,94633,train
P5_ktoQ_0022_8cb7f47bbfff,P5,ktoQ,22,_kto_q/P5_ktoQ (22).mov,_kto_q,77543,train
P5_ktoQ_0023_640af36d743e,P5,ktoQ,23,_kto_q/P5_ktoQ (23).mov,_kto_q,69447,train
P5_ktoQ_0024_219338bc0701,P5,ktoQ,24,_kto_q/P5_ktoQ (24).mov,_kto_q,60090,train
P5_ktoQ_0025_3957755d8063,P5,ktoQ,25,_kto_q/P5_ktoQ (25).mov,_kto_q,70031,train
P5_ktoQ_0026_55b42bddde3d,P5,ktoQ,26,_kto_q/P5_ktoQ (26).mov,_kto_q,54820,train
P5_ktoQ_0027_a8199b61ada4,P5,ktoQ,27,_kto_q/P5_ktoQ (27).mov,_kto_q,64995,train
P5_ktoQ_0028_4da570ec37c4,P5,ktoQ,28,_kto_q/P5_ktoQ (28).mov,_kto_q,55159,train
P5_ktoQ_0029_f60ec0028f02,P5,ktoQ,29,_kto_q/P5_ktoQ (29).mov,_kto_q,70031,train
P5_ktoQ_0003_a41f9776ad15,P5,ktoQ,3,_kto_q/P5_ktoQ (3).mov,_kto_q,88577,train
P5_ktoQ_0030_4519e48325f4,P5,ktoQ,30,_kto_q/P5_ktoQ (30).mov,_kto_q,51326,train
P5_ktoQ_0031_ee3e4ab82f6c,P5,ktoQ,31,_kto_q/P5_ktoQ (31).mov,_kto_q,59008,train
P5_ktoQ_0032_a1b6227cbab6,P5,ktoQ,32,_kto_q/P5_ktoQ (32).mov,_kto_q,75613,train
P5_ktoQ_0033_08f80cbacfb4,P5,ktoQ,33,_kto_q/P5_ktoQ (33).mov,_kto_q,59300,train
P5_ktoQ_0034_67c2e005dabe,P5,ktoQ,34,_kto_q/P5_ktoQ (34).mov,_kto_q,74120,train
P5_ktoQ_0035_dc481a085755,P5,ktoQ,35,_kto_q/P5_ktoQ (35).mov,_kto_q,51062,train
P5_ktoQ_0036_e7f97e2f8d0b,P5,ktoQ,36,_kto_q/P5_ktoQ (36).mov,_kto_q,61987,train
P5_ktoQ_0037_5b2aaaf3bbb8,P5,ktoQ,37,_kto_q/P5_ktoQ (37).mov,_kto_q,73524,train
P5_ktoQ_0038_70fb6a86a947,P5,ktoQ,38,_kto_q/P5_ktoQ (38).mov,_kto_q,73201,train
P5_ktoQ_0039_fc0291add35f,P5,ktoQ,39,_kto_q/P5_ktoQ (39).mov,_kto_q,79137,train
P5_ktoQ_0004_e0ec0b1121f4,P5,ktoQ,4,_kto_q/P5_ktoQ (4).mov,_kto_q,82091,train
P5_ktoQ_0040_646b3a889070,P5,ktoQ,40,_kto_q/P5_ktoQ (40).mov,_kto_q,72701,train
P5_ktoQ_0005_cbfc4c52c7be,P5,ktoQ,5,_kto_q/P5_ktoQ (5).mov,_kto_q,64061,train
P5_ktoQ_0006_fb9c3c333ed3,P5,ktoQ,6,_kto_q/P5_ktoQ (6).mov,_kto_q,90087,train
P5_ktoQ_0007_3451237e81be,P5,ktoQ,7,_kto_q/P5_ktoQ (7).mov,_kto_q,107232,train
P5_ktoQ_0008_59f106e34ba2,P5,ktoQ,8,_kto_q/P5_ktoQ (8).mov,_kto_q,90365,train
P5_ktoQ_0009_5508e4504a5c,P5,ktoQ,9,_kto_q/P5_ktoQ (9).mov,_kto_q,92725,train
P1_kuda_0001_5482d0ddd5e5,P1,kuda,1,_kuda/P1_kuda (1).mov,_kuda,77114,test
P1_kuda_0010_4eda3fe37d14,P1,kuda,10,_kuda/P1_kuda (10).mov,_kuda,77114,test
P1_kuda_0100_767c9d36375b,P1,kuda,100,_kuda/P1_kuda (100).mov,_kuda,77114,test
P1_kuda_0011_b27395c4f1d4,P1,kuda,11,_kuda/P1_kuda (11).mov,_kuda,77114,test
P1_kuda_0012_fd204b6b0941,P1,kuda,12,_kuda/P1_kuda (12).mov,_kuda,77114,test
P1_kuda_0013_a1537f14b180,P1,kuda,13,_kuda/P1_kuda (13).mov,_kuda,77114,test
P1_kuda_0014_e300ed8487c4,P1,kuda,14,_kuda/P1_kuda (14).mov,_kuda,80235,test
P1_kuda_0015_9d7f0cbfef80,P1,kuda,15,_kuda/P1_kuda (15).mov,_kuda,80235,test
P1_kuda_0016_465fc88a8575,P1,kuda,16,_kuda/P1_kuda (16).mov,_kuda,80235,test
P1_kuda_0017_28e333c024b0,P1,kuda,17,_kuda/P1_kuda (17).mov,_kuda,80235,test
P1_kuda_0018_0a04cd3fe031,P1,kuda,18,_kuda/P1_kuda (18).mov,_kuda,80235,test
P1_kuda_0019_7d8d27e4762e,P1,kuda,19,_kuda/P1_kuda (19).mov,_kuda,80235,test
P1_kuda_0002_f6b71c22f776,P1,kuda,2,_kuda/P1_kuda (2).mov,_kuda,77114,test
P1_kuda_0020_6c218e3c3fb4,P1,kuda,20,_kuda/P1_kuda (20).mov,_kuda,80235,test
P1_kuda_0021_b13286fdd826,P1,kuda,21,_kuda/P1_kuda (21).mov,_kuda,80235,test
P1_kuda_0022_f3c3016daeb8,P1,kuda,22,_kuda/P1_kuda (22).mov,_kuda,80235,test
P1_kuda_0023_5cf43f35f4e0,P1,kuda,23,_kuda/P1_kuda (23).mov,_kuda,80235,test
P1_kuda_0024_f10ec888563f,P1,kuda,24,_kuda/P1_kuda (24).mov,_kuda,80235,test
P1_kuda_0025_fe716c111380,P1,kuda,25,_kuda/P1_kuda (25).mov,_kuda,97998,test
P1_kuda_0026_ee729d1a4291,P1,kuda,26,_kuda/P1_kuda (26).mov,_kuda,97998,test
P1_kuda_0027_176f49598dd3,P1,kuda,27,_kuda/P1_kuda (27).mov,_kuda,97998,test
P1_kuda_0028_4d0a23d199b6,P1,kuda,28,_kuda/P1_kuda (28).mov,_kuda,97998,test
P1_kuda_0029_405c1f691978,P1,kuda,29,_kuda/P1_kuda (29).mov,_kuda,97998,test
P1_kuda_0003_cceaa543b82f,P1,kuda,3,_kuda/P1_kuda (3).mov,_kuda,77114,test
P1_kuda_0030_f7ce6fec85a8,P1,kuda,30,_kuda/P1_kuda (30).mov,_kuda,97998,test
P1_kuda_0031_508612a23961,P1,kuda,31,_kuda/P1_kuda (31).mov,_kuda,97998,test
P1_kuda_0032_c91cae37188c,P1,kuda,32,_kuda/P1_kuda (32).mov,_kuda,97998,test
P1_kuda_0033_044aca0a03ec,P1,kuda,33,_kuda/P1_kuda (33).mov,_kuda,97998,test
P1_kuda_0034_45791b3dab3c,P1,kuda,34,_kuda/P1_kuda (34).mov,_kuda,97998,test
P1_kuda_0035_7d67a367705e,P1,kuda,35,_kuda/P1_kuda (35).mov,_kuda,97998,test
P1_kuda_0036_82896f92edd8,P1,kuda,36,_kuda/P1_kuda (36).mov,_kuda,97998,test
P1_kuda_0037_0f745837b0e7,P1,kuda,37,_kuda/P1_kuda (37).mov,_kuda,97998,test
P1_kuda_0038_33ebcd09f47d,P1,kuda,38,_kuda/P1_kuda (38).mov,_kuda,96638,test
P1_kuda_0039_38e99cc4b510,P1,kuda,39,_kuda/P1_kuda (39).mov,_kuda,96638,test
P1_kuda_0004_416fe5572d5c,P1,kuda,4,_kuda/P1_kuda (4).mov,_kuda,63452,test
P1_kuda_0040_92761d3430d4,P1,kuda,40,_kuda/P1_kuda (40).mov,_kuda,96638,test
P1_kuda_0041_0f5ed0b25e8f,P1,kuda,41,_kuda/P1_kuda (41).mov,_kuda,96638,test
P1_kuda_0042_34da37a6b840,P1,kuda,42,_kuda/P1_kuda (42).mov,_kuda,96638,test
P1_kuda_0043_403e72319d05,P1,kuda,43,_kuda/P1_kuda (43).mov,_kuda,96638,test
P1_kuda_0044_8d1f2e291327,P1,kuda,44,_kuda/P1_kuda (44).mov,_kuda,96638,test
P1_kuda_0045_bf9bbf7040a4,P1,kuda,45,_kuda/P1_kuda (45).mov,_kuda,96638,test
P1_kuda_0046_9a4c59d150af,P1,kuda,46,_kuda/P1_kuda (46).mov,_kuda,96638,test
P1_kuda_0047_c077fb608f19,P1,kuda,47,_kuda/P1_kuda (47).mov,_kuda,96638,test
P1_kuda_0048_126af6959606,P1,kuda,48,_kuda/P1_kuda (48).mov,_kuda,96638,test
P1_kuda_0049_0bc55d0f4fc0,P1,kuda,49,_kuda/P1_kuda (49).mov,_kuda,96638,test
P1_kuda_0005_957bb4d87d1f,P1,kuda,5,_kuda/P1_kuda (5).mov,_kuda,77114,test
P1_kuda_0050_f464b67d9463,P1,kuda,50,_kuda/P1_kuda (50).mov,_kuda,96638,test
P1_kuda_0051_d31525263c46,P1,kuda,51,_kuda/P1_kuda (51).mov,_kuda,96638,test
P1_kuda_0052_3857e3f70b57,P1,kuda,52,_kuda/P1_kuda (52).mov,_kuda,96638,test
P1_kuda_0053_fedd2688864d,P1,kuda,53,_kuda/P1_kuda (53).mov,_kuda,96638,test
P1_kuda_0054_b2a39ebc0644,P1,kuda,54,_kuda/P1_kuda (54).mov,_kuda,132674,test
P1_kuda_0055_ae237baae9cf,P1,kuda,55,_kuda/P1_kuda (55).mov,_kuda,132674,test
P1_kuda_0056_43791d1f05d9,P1,kuda,56,_kuda/P1_kuda (56).mov,_kuda,132674,test
P1_kuda_0057_4c017ae712ea,P1,kuda,57,_kuda/P1_kuda (57).mov,_kuda,132674,test
P1_kuda_0058_346fab6ccd3d,P1,kuda,58,_kuda/P1_kuda (58).mov,_kuda,132674,test
P1_kuda_0059_a03b40a724a2,P1,kuda,59,_kuda/P1_kuda (59).mov,_kuda,132674,test
P1_kuda_0006_fd3541d66b97,P1,kuda,6,_kuda/P1_kuda (6).mov,_kuda,77114,test
P1_kuda_0060_404dd6a46c2e,P1,kuda,60,_kuda/P1_kuda (60).mov,_kuda,132674,test
P1_kuda_0061_2506c5f80900,P1,kuda,61,_kuda/P1_kuda (61).mov,_kuda,132674,test
P1_kuda_0062_5b5df710f92d,P1,kuda,62,_kuda/P1_kuda (62).mov,_kuda,132674,test
P1_kuda_0063_e1d974e0fdb6,P1,kuda,63,_kuda/P1_kuda (63).mov,_kuda,132674,test
P1_kuda_0064_d933f9b59481,P1,kuda,64,_kuda/P1_kuda (64).mov,_kuda,132674,test
P1_kuda_0065_54cc969c9e53,P1,kuda,65,_kuda/P1_kuda (65).mov,_kuda,132674,test
P1_kuda_0066_0efde7182b21,P1,kuda,66,_kuda/P1_kuda (66).mov,_kuda,132674,test
P1_kuda_0067_700811f6e5a5,P1,kuda,67,_kuda/P1_kuda (67).mov,_kuda,132674,test
P1_kuda_0068_5cbf00135b66,P1,kuda,68,_kuda/P1_kuda (68).mov,_kuda,132674,test
P1_kuda_0069_61e382803d7b,P1,kuda,69,_kuda/P1_kuda (69).mov,_kuda,132674,test
P1_kuda_0007_f97f2d5fddfe,P1,kuda,7,_kuda/P1_kuda (7).mov,_kuda,77114,test
P1_kuda_0070_ae99eddc4515,P1,kuda,70,_kuda/P1_kuda (70).mov,_kuda,132674,test
P1_kuda_0071_78bd684e49ab,P1,kuda,71,_kuda/P1_kuda (71).mov,_kuda,132674,test
P1_kuda_0072_045c2e86de15,P1,kuda,72,_kuda/P1_kuda (72).mov,_kuda,132674,test
P1_kuda_0073_75cc97609311,P1,kuda,73,_kuda/P1_kuda (73).mov,_kuda,132674,test
P1_kuda_0074_481fc79bf614,P1,kuda,74,_kuda/P1_kuda (74).mov,_kuda,117285,test
P1_kuda_0075_55fc291cc600,P1,kuda,75,_kuda/P1_kuda (75).mov,_kuda,117285,test
P1_kuda_0076_467fac26a177,P1,kuda,76,_kuda/P1_kuda (76).mov,_kuda,117285,test
P1_kuda_0077_f405fa768b0f,P1,kuda,77,_kuda/P1_kuda (77).mov,_kuda,117285,test
P1_kuda_0078_51d17daa54a1,P1,kuda,78,_kuda/P1_kuda (78).mov,_kuda,117285,test
P1_kuda_0079_b154c2ef6d36,P1,kuda,79,_kuda/P1_kuda (79).mov,_kuda,117285,test
P1_kuda_0008_7c55dca1288f,P1,kuda,8,_kuda/P1_kuda (8).mov,_kuda,77114,test
P1_kuda_0080_07ca594a368c,P1,kuda,80,_kuda/P1_kuda (80).mov,_kuda,117285,test
P1_kuda_0081_5403bb7307dc,P1,kuda,81,_kuda/P1_kuda (81).mov,_kuda,117285,test
P1_kuda_0082_6fbed3f31b1a,P1,kuda,82,_kuda/P1_kuda (82).mov,_kuda,78145,test
P1_kuda_0083_569211f8815c,P1,kuda,83,_kuda/P1_kuda (83).mov,_kuda,117285,test
P1_kuda_0084_1b8a29f6e593,P1,kuda,84,_kuda/P1_kuda (84).mov,_kuda,117285,test
P1_kuda_0085_ee4dcdab0f95,P1,kuda,85,_kuda/P1_kuda (85).mov,_kuda,117285,test
P1_kuda_0086_23c71e70bbb4,P1,kuda,86,_kuda/P1_kuda (86).mov,_kuda,117285,test
P1_kuda_0087_4c9f6ef62bed,P1,kuda,87,_kuda/P1_kuda (87).mov,_kuda,117285,test
P1_kuda_0088_25593fb596b3,P1,kuda,88,_kuda/P1_kuda (88).mov,_kuda,117285,test
P1_kuda_0089_0bc7ceb811b7,P1,kuda,89,_kuda/P1_kuda (89).mov,_kuda,117285,test
P1_kuda_0009_4586cd215c19,P1,kuda,9,_kuda/P1_kuda (9).mov,_kuda,77114,test
P1_kuda_0090_ec10ed8aacdb,P1,kuda,90,_kuda/P1_kuda (90).mov,_kuda,117285,test
P1_kuda_0091_f0f7d3cdccf1,P1,kuda,91,_kuda/P1_kuda (91).mov,_kuda,117285,test
P1_kuda_0092_2bd70662c7f5,P1,kuda,92,_kuda/P1_kuda (92).mov,_kuda,117285,test
P1_kuda_0093_9a489e73c359,P1,kuda,93,_kuda/P1_kuda (93).mov,_kuda,117285,test
P1_kuda_0094_1f8834d7b983,P1,kuda,94,_kuda/P1_kuda (94).mov,_kuda,77114,test
P1_kuda_0095_0141097727f3,P1,kuda,95,_kuda/P1_kuda (95).mov,_kuda,77114,test
P1_kuda_0096_5724c2517e6d,P1,kuda,96,_kuda/P1_kuda (96).mov,_kuda,77114,test
P1_kuda_0097_dc9578e5eb1c,P1,kuda,97,_kuda/P1_kuda (97).mov,_kuda,77114,test
P1_kuda_0098_4e1b2a7cbd57,P1,kuda,98,_kuda/P1_kuda (98).mov,_kuda,77114,test
P1_kuda_0099_1ddcbd59a1d9,P1,kuda,99,_kuda/P1_kuda (99).mov,_kuda,77114,test
P2_kuda_0001_1da7851052b4,P2,kuda,1,_kuda/P2_kuda (1).mov,_kuda,107575,validation
P2_kuda_0010_4e857c7ab74f,P2,kuda,10,_kuda/P2_kuda (10).mov,_kuda,128697,validation
P2_kuda_0011_3d6894cec8c9,P2,kuda,11,_kuda/P2_kuda (11).mov,_kuda,145771,validation
P2_kuda_0012_e88d2365a773,P2,kuda,12,_kuda/P2_kuda (12).mov,_kuda,149136,validation
P2_kuda_0013_27773acfce7a,P2,kuda,13,_kuda/P2_kuda (13).mov,_kuda,179526,validation
P2_kuda_0014_79541f867da8,P2,kuda,14,_kuda/P2_kuda (14).mov,_kuda,151197,validation
P2_kuda_0015_35569eeaa44b,P2,kuda,15,_kuda/P2_kuda (15).mov,_kuda,173674,validation
P2_kuda_0016_5d98c1019695,P2,kuda,16,_kuda/P2_kuda (16).mov,_kuda,142964,validation
P2_kuda_0017_9d24121c4c96,P2,kuda,17,_kuda/P2_kuda (17).mov,_kuda,112216,validation
P2_kuda_0018_14c3641b089b,P2,kuda,18,_kuda/P2_kuda (18).mov,_kuda,219123,validation
P2_kuda_0019_354d84695a82,P2,kuda,19,_kuda/P2_kuda (19).mov,_kuda,228930,validation
P2_kuda_0002_669fda04b179,P2,kuda,2,_kuda/P2_kuda (2).mov,_kuda,133117,validation
P2_kuda_0020_bb77659db027,P2,kuda,20,_kuda/P2_kuda (20).mov,_kuda,245388,validation
P2_kuda_0021_c6eb039ca6a9,P2,kuda,21,_kuda/P2_kuda (21).mov,_kuda,197044,validation
P2_kuda_0022_517dfc7b53eb,P2,kuda,22,_kuda/P2_kuda (22).mov,_kuda,164413,validation
P2_kuda_0023_3780ddd7015d,P2,kuda,23,_kuda/P2_kuda (23).mov,_kuda,126256,validation
P2_kuda_0024_ee3670d3f35a,P2,kuda,24,_kuda/P2_kuda (24).mov,_kuda,180339,validation
P2_kuda_0025_aa9493dc1bc1,P2,kuda,25,_kuda/P2_kuda (25).mov,_kuda,128762,validation
P2_kuda_0026_e1543dfe8ed1,P2,kuda,26,_kuda/P2_kuda (26).mov,_kuda,166369,validation
P2_kuda_0027_3529207a2021,P2,kuda,27,_kuda/P2_kuda (27).mov,_kuda,67890,validation
P2_kuda_0028_43835d480b3d,P2,kuda,28,_kuda/P2_kuda (28).mov,_kuda,90528,validation
P2_kuda_0029_edff372df8d9,P2,kuda,29,_kuda/P2_kuda (29).mov,_kuda,253103,validation
P2_kuda_0003_df710d4e6552,P2,kuda,3,_kuda/P2_kuda (3).mov,_kuda,127314,validation
P2_kuda_0030_e092f6021e86,P2,kuda,30,_kuda/P2_kuda (30).mov,_kuda,115151,validation
P2_kuda_0031_90fa579fce12,P2,kuda,31,_kuda/P2_kuda (31).mov,_kuda,103300,validation
P2_kuda_0032_df689a6bbbc2,P2,kuda,32,_kuda/P2_kuda (32).mov,_kuda,95377,validation
P2_kuda_0033_a1e021326a68,P2,kuda,33,_kuda/P2_kuda (33).mov,_kuda,197895,validation
P2_kuda_0034_4e8aeae2fb05,P2,kuda,34,_kuda/P2_kuda (34).mov,_kuda,160298,validation
P2_kuda_0035_0113d672066e,P2,kuda,35,_kuda/P2_kuda (35).mov,_kuda,114640,validation
P2_kuda_0036_8858d62a0d48,P2,kuda,36,_kuda/P2_kuda (36).mov,_kuda,135734,validation
P2_kuda_0037_170f8b5e7b06,P2,kuda,37,_kuda/P2_kuda (37).mov,_kuda,135263,validation
P2_kuda_0038_246e6d9363e2,P2,kuda,38,_kuda/P2_kuda (38).mov,_kuda,86641,validation
P2_kuda_0039_15fc0a6ac2c6,P2,kuda,39,_kuda/P2_kuda (39).mov,_kuda,105528,validation
P2_kuda_0004_0d4d5d48b37b,P2,kuda,4,_kuda/P2_kuda (4).mov,_kuda,84887,validation
P2_kuda_0040_9dc09ea8d0ad,P2,kuda,40,_kuda/P2_kuda (40).mov,_kuda,151220,validation
P2_kuda_0005_89bb1530e164,P2,kuda,5,_kuda/P2_kuda (5).mov,_kuda,127578,validation
P2_kuda_0006_c8932005cdc6,P2,kuda,6,_kuda/P2_kuda (6).mov,_kuda,119423,validation
P2_kuda_0007_b769b5b7ac6b,P2,kuda,7,_kuda/P2_kuda (7).mov,_kuda,127497,validation
P2_kuda_0008_a583922d12eb,P2,kuda,8,_kuda/P2_kuda (8).mov,_kuda,104786,validation
P2_kuda_0009_1e094d3b725f,P2,kuda,9,_kuda/P2_kuda (9).mov,_kuda,145216,validation
P3_kuda_0001_1d5535846b9e,P3,kuda,1,_kuda/P3_kuda (1).mov,_kuda,78808,train
P3_kuda_0010_39df53d6ff80,P3,kuda,10,_kuda/P3_kuda (10).mov,_kuda,58527,train
P3_kuda_0011_adff18af7adf,P3,kuda,11,_kuda/P3_kuda (11).mov,_kuda,69088,train
P3_kuda_0012_4b49022c4380,P3,kuda,12,_kuda/P3_kuda (12).mov,_kuda,59906,train
P3_kuda_0013_2974ba0e743c,P3,kuda,13,_kuda/P3_kuda (13).mov,_kuda,45327,train
P3_kuda_0014_d2ee82b7f8b6,P3,kuda,14,_kuda/P3_kuda (14).mov,_kuda,63338,train
P3_kuda_0015_4c1b842a728f,P3,kuda,15,_kuda/P3_kuda (15).mov,_kuda,54037,train
P3_kuda_0016_decd9cd61503,P3,kuda,16,_kuda/P3_kuda (16).mov,_kuda,53737,train
P3_kuda_0017_79df1171c5aa,P3,kuda,17,_kuda/P3_kuda (17).mov,_kuda,71150,train
P3_kuda_0018_63e47b4147d0,P3,kuda,18,_kuda/P3_kuda (18).mov,_kuda,54262,train
P3_kuda_0019_6f5972941a31,P3,kuda,19,_kuda/P3_kuda (19).mov,_kuda,91299,train
P3_kuda_0002_fe5fff40de89,P3,kuda,2,_kuda/P3_kuda (2).mov,_kuda,64174,train
P3_kuda_0020_475a63b10c44,P3,kuda,20,_kuda/P3_kuda (20).mov,_kuda,67565,train
P3_kuda_0021_0f16a38f4b76,P3,kuda,21,_kuda/P3_kuda (21).mov,_kuda,66514,train
P3_kuda_0022_3c38d8038daa,P3,kuda,22,_kuda/P3_kuda (22).mov,_kuda,60585,train
P3_kuda_0023_3c92645a2548,P3,kuda,23,_kuda/P3_kuda (23).mov,_kuda,65628,train
P3_kuda_0024_7786d0eaea40,P3,kuda,24,_kuda/P3_kuda (24).mov,_kuda,65632,train
P3_kuda_0025_05b892664646,P3,kuda,25,_kuda/P3_kuda (25).mov,_kuda,91253,train
P3_kuda_0026_86ed8a111573,P3,kuda,26,_kuda/P3_kuda (26).mov,_kuda,71891,train
P3_kuda_0027_b8d11e930ed6,P3,kuda,27,_kuda/P3_kuda (27).mov,_kuda,44784,train
P3_kuda_0028_33d869b53060,P3,kuda,28,_kuda/P3_kuda (28).mov,_kuda,54262,train
P3_kuda_0029_ad621ad73dec,P3,kuda,29,_kuda/P3_kuda (29).mov,_kuda,51919,train
P3_kuda_0003_d38cb19cc197,P3,kuda,3,_kuda/P3_kuda (3).mov,_kuda,69644,train
P3_kuda_0030_595142e7e3d5,P3,kuda,30,_kuda/P3_kuda (30).mov,_kuda,120275,train
P3_kuda_0031_2c70a592fc91,P3,kuda,31,_kuda/P3_kuda (31).mov,_kuda,88759,train
P3_kuda_0032_ddc66cabf983,P3,kuda,32,_kuda/P3_kuda (32).mov,_kuda,48986,train
P3_kuda_0033_67eda5e26d06,P3,kuda,33,_kuda/P3_kuda (33).mov,_kuda,72983,train
P3_kuda_0034_a75f94ab11e9,P3,kuda,34,_kuda/P3_kuda (34).mov,_kuda,34123,train
P3_kuda_0035_7d5272367588,P3,kuda,35,_kuda/P3_kuda (35).mov,_kuda,56704,train
P3_kuda_0036_6f2f525f9a59,P3,kuda,36,_kuda/P3_kuda (36).mov,_kuda,59562,train
P3_kuda_0037_fa5204467a1f,P3,kuda,37,_kuda/P3_kuda (37).mov,_kuda,78705,train
P3_kuda_0038_21087dd03c24,P3,kuda,38,_kuda/P3_kuda (38).mov,_kuda,59562,train
P3_kuda_0039_8365b98bbb11,P3,kuda,39,_kuda/P3_kuda (39).mov,_kuda,59880,train
P3_kuda_0004_01820e417c7a,P3,kuda,4,_kuda/P3_kuda (4).mov,_kuda,45996,train
P3_kuda_0040_5c4257f0cef5,P3,kuda,40,_kuda/P3_kuda (40).mov,_kuda,60785,train
P3_kuda_0005_ec24c42e9030,P3,kuda,5,_kuda/P3_kuda (5).mov,_kuda,73174,train
P3_kuda_0006_cb39444b882d,P3,kuda,6,_kuda/P3_kuda (6).mov,_kuda,67778,train
P3_kuda_0007_46a77edc4b21,P3,kuda,7,_kuda/P3_kuda (7).mov,_kuda,67778,train
P3_kuda_0008_9de9b99ec4e4,P3,kuda,8,_kuda/P3_kuda (8).mov,_kuda,77703,train
P3_kuda_0009_371e70850192,P3,kuda,9,_kuda/P3_kuda (9).mov,_kuda,63633,train
P4_kuda_0001_6da93071af78,P4,kuda,1,_kuda/P4_kuda (1).mov,_kuda,93247,train
P4_kuda_0010_27f2fe3339c0,P4,kuda,10,_kuda/P4_kuda (10).mov,_kuda,158424,train
P4_kuda_0011_be6f0628dc78,P4,kuda,11,_kuda/P4_kuda (11).mov,_kuda,158588,train
P4_kuda_0012_20d68b2de316,P4,kuda,12,_kuda/P4_kuda (12).mov,_kuda,227974,train
P4_kuda_0013_54f6c4bec3ca,P4,kuda,13,_kuda/P4_kuda (13).mov,_kuda,83282,train
P4_kuda_0014_d183c58048e2,P4,kuda,14,_kuda/P4_kuda (14).mov,_kuda,94087,train
P4_kuda_0015_8c8dc5207db6,P4,kuda,15,_kuda/P4_kuda (15).mov,_kuda,99779,train
P4_kuda_0016_cfd35ae3dc85,P4,kuda,16,_kuda/P4_kuda (16).mov,_kuda,164371,train
P4_kuda_0017_5788e92540a6,P4,kuda,17,_kuda/P4_kuda (17).mov,_kuda,125710,train
P4_kuda_0018_83b2ef6cad06,P4,kuda,18,_kuda/P4_kuda (18).mov,_kuda,117407,train
P4_kuda_0019_f89c8bad07e8,P4,kuda,19,_kuda/P4_kuda (19).mov,_kuda,78557,train
P4_kuda_0002_228d363626b5,P4,kuda,2,_kuda/P4_kuda (2).mov,_kuda,126437,train
P4_kuda_0020_021b71071a1a,P4,kuda,20,_kuda/P4_kuda (20).mov,_kuda,129429,train
P4_kuda_0021_e0894ef411e1,P4,kuda,21,_kuda/P4_kuda (21).mov,_kuda,167719,train
P4_kuda_0022_753c93224e29,P4,kuda,22,_kuda/P4_kuda (22).mov,_kuda,115219,train
P4_kuda_0023_abf03d420167,P4,kuda,23,_kuda/P4_kuda (23).mov,_kuda,102760,train
P4_kuda_0024_c6b8bc1ba18d,P4,kuda,24,_kuda/P4_kuda (24).mov,_kuda,66453,train
P4_kuda_0025_0a1910d5dbfa,P4,kuda,25,_kuda/P4_kuda (25).mov,_kuda,117609,train
P4_kuda_0026_0fb3aaff89b4,P4,kuda,26,_kuda/P4_kuda (26).mov,_kuda,109552,train
P4_kuda_0027_0b7ebbab4242,P4,kuda,27,_kuda/P4_kuda (27).mov,_kuda,108052,train
P4_kuda_0028_506988b24191,P4,kuda,28,_kuda/P4_kuda (28).mov,_kuda,75950,train
P4_kuda_0029_49a948ec2e74,P4,kuda,29,_kuda/P4_kuda (29).mov,_kuda,270504,train
P4_kuda_0003_c459e3d73ed9,P4,kuda,3,_kuda/P4_kuda (3).mov,_kuda,60387,train
P4_kuda_0030_32590cd741a7,P4,kuda,30,_kuda/P4_kuda (30).mov,_kuda,182120,train
P4_kuda_0031_a6d32c45aae0,P4,kuda,31,_kuda/P4_kuda (31).mov,_kuda,112937,train
P4_kuda_0032_73f6603907c5,P4,kuda,32,_kuda/P4_kuda (32).mov,_kuda,152867,train
P4_kuda_0033_5ce22c636b5a,P4,kuda,33,_kuda/P4_kuda (33).mov,_kuda,120743,train
P4_kuda_0034_a904b5c14ac7,P4,kuda,34,_kuda/P4_kuda (34).mov,_kuda,113212,train
P4_kuda_0035_19cd65556947,P4,kuda,35,_kuda/P4_kuda (35).mov,_kuda,113706,train
P4_kuda_0036_5060df3c9c2e,P4,kuda,36,_kuda/P4_kuda (36).mov,_kuda,152226,train
P4_kuda_0037_1c18092cab16,P4,kuda,37,_kuda/P4_kuda (37).mov,_kuda,134652,train
P4_kuda_0038_627cbb4826cf,P4,kuda,38,_kuda/P4_kuda (38).mov,_kuda,189643,train
P4_kuda_0039_4211fb89e951,P4,kuda,39,_kuda/P4_kuda (39).mov,_kuda,139528,train
P4_kuda_0004_43f659b818e3,P4,kuda,4,_kuda/P4_kuda (4).mov,_kuda,58828,train
P4_kuda_0040_2f2c6f349e57,P4,kuda,40,_kuda/P4_kuda (40).mov,_kuda,122191,train
P4_kuda_0005_d4515f5c544a,P4,kuda,5,_kuda/P4_kuda (5).mov,_kuda,78557,train
P4_kuda_0006_b5d1a4f8c550,P4,kuda,6,_kuda/P4_kuda (6).mov,_kuda,57281,train
P4_kuda_0007_e5e7c454d417,P4,kuda,7,_kuda/P4_kuda (7).mov,_kuda,101865,train
P4_kuda_0008_95351975d728,P4,kuda,8,_kuda/P4_kuda (8).mov,_kuda,102104,train
P4_kuda_0009_cb59f30e0d97,P4,kuda,9,_kuda/P4_kuda (9).mov,_kuda,102104,train
P5_kuda_0001_8493cf4a078f,P5,kuda,1,_kuda/P5_kuda (1).mov,_kuda,162286,train
P5_kuda_0010_7c6d519be5f7,P5,kuda,10,_kuda/P5_kuda (10).mov,_kuda,129967,train
P5_kuda_0011_75789a32f934,P5,kuda,11,_kuda/P5_kuda (11).mov,_kuda,193375,train
P5_kuda_0012_b5dda917bfa3,P5,kuda,12,_kuda/P5_kuda (12).mov,_kuda,148206,train
P5_kuda_0013_81b9cd6ab54b,P5,kuda,13,_kuda/P5_kuda (13).mov,_kuda,89864,train
P5_kuda_0014_e838931598e4,P5,kuda,14,_kuda/P5_kuda (14).mov,_kuda,172995,train
P5_kuda_0015_5057aa5c9a49,P5,kuda,15,_kuda/P5_kuda (15).mov,_kuda,152823,train
P5_kuda_0016_fcea31118a1e,P5,kuda,16,_kuda/P5_kuda (16).mov,_kuda,143094,train
P5_kuda_0017_48eb2c2f5066,P5,kuda,17,_kuda/P5_kuda (17).mov,_kuda,219511,train
P5_kuda_0018_b7a096d91c84,P5,kuda,18,_kuda/P5_kuda (18).mov,_kuda,133157,train
P5_kuda_0019_ea5270bd5d6b,P5,kuda,19,_kuda/P5_kuda (19).mov,_kuda,80110,train
P5_kuda_0002_bfe11e6231b1,P5,kuda,2,_kuda/P5_kuda (2).mov,_kuda,132816,train
P5_kuda_0020_6533c6e7883f,P5,kuda,20,_kuda/P5_kuda (20).mov,_kuda,101861,train
P5_kuda_0021_7279451c0acb,P5,kuda,21,_kuda/P5_kuda (21).mov,_kuda,184573,train
P5_kuda_0022_2617735c29de,P5,kuda,22,_kuda/P5_kuda (22).mov,_kuda,62908,train
P5_kuda_0023_f57cfb8daa74,P5,kuda,23,_kuda/P5_kuda (23).mov,_kuda,112753,train
P5_kuda_0024_5e8b2032dec8,P5,kuda,24,_kuda/P5_kuda (24).mov,_kuda,112753,train
P5_kuda_0025_595a444e3500,P5,kuda,25,_kuda/P5_kuda (25).mov,_kuda,200767,train
P5_kuda_0026_01af33db5624,P5,kuda,26,_kuda/P5_kuda (26).mov,_kuda,162286,train
P5_kuda_0027_3c8cc048ca7c,P5,kuda,27,_kuda/P5_kuda (27).mov,_kuda,205833,train
P5_kuda_0028_fd7ef4a8a782,P5,kuda,28,_kuda/P5_kuda (28).mov,_kuda,153509,train
P5_kuda_0029_c3458e6118c5,P5,kuda,29,_kuda/P5_kuda (29).mov,_kuda,141963,train
P5_kuda_0003_af6d176a9716,P5,kuda,3,_kuda/P5_kuda (3).mov,_kuda,155117,train
P5_kuda_0030_b919dfb06613,P5,kuda,30,_kuda/P5_kuda (30).mov,_kuda,173772,train
P5_kuda_0031_7c8066e6acc5,P5,kuda,31,_kuda/P5_kuda (31).mov,_kuda,95423,train
P5_kuda_0032_cf1801e3b05c,P5,kuda,32,_kuda/P5_kuda (32).mov,_kuda,65724,train
P5_kuda_0033_71aad3f29558,P5,kuda,33,_kuda/P5_kuda (33).mov,_kuda,119053,train
P5_kuda_0034_a4f642a06104,P5,kuda,34,_kuda/P5_kuda (34).mov,_kuda,132204,train
P5_kuda_0035_f105bef82eac,P5,kuda,35,_kuda/P5_kuda (35).mov,_kuda,218150,train
P5_kuda_0036_f459a91033cc,P5,kuda,36,_kuda/P5_kuda (36).mov,_kuda,88145,train
P5_kuda_0037_ceb076b385ca,P5,kuda,37,_kuda/P5_kuda (37).mov,_kuda,98709,train
P5_kuda_0038_032ead19e446,P5,kuda,38,_kuda/P5_kuda (38).mov,_kuda,147945,train
P5_kuda_0039_72e45489926f,P5,kuda,39,_kuda/P5_kuda (39).mov,_kuda,140500,train
P5_kuda_0004_d820ee96b46b,P5,kuda,4,_kuda/P5_kuda (4).mov,_kuda,67000,train
P5_kuda_0040_9c18d00861d5,P5,kuda,40,_kuda/P5_kuda (40).mov,_kuda,164916,train
P5_kuda_0005_2e31aa85f60e,P5,kuda,5,_kuda/P5_kuda (5).mov,_kuda,152735,train
P5_kuda_0006_65ae96fe4306,P5,kuda,6,_kuda/P5_kuda (6).mov,_kuda,130355,train
P5_kuda_0007_8017163779b0,P5,kuda,7,_kuda/P5_kuda (7).mov,_kuda,165757,train
P5_kuda_0008_9efab5e2a0f5,P5,kuda,8,_kuda/P5_kuda (8).mov,_kuda,151846,train
P5_kuda_0009_891ff35acc53,P5,kuda,9,_kuda/P5_kuda (9).mov,_kuda,307990,train
P1_kudaQ_0001_62b9a68c5320,P1,kudaQ,1,_kuda_q/P1_kudaQ (1).mov,_kuda_q,72552,test
P1_kudaQ_0010_ab0204077323,P1,kudaQ,10,_kuda_q/P1_kudaQ (10).mov,_kuda_q,72552,test
P1_kudaQ_0011_b264ee1fe109,P1,kudaQ,11,_kuda_q/P1_kudaQ (11).mov,_kuda_q,123428,test
P1_kudaQ_0012_8694067cdef7,P1,kudaQ,12,_kuda_q/P1_kudaQ (12).mov,_kuda_q,123428,test
P1_kudaQ_0013_1c1f61dcddd5,P1,kudaQ,13,_kuda_q/P1_kudaQ (13).mov,_kuda_q,123428,test
P1_kudaQ_0014_896319c08567,P1,kudaQ,14,_kuda_q/P1_kudaQ (14).mov,_kuda_q,123428,test
P1_kudaQ_0015_f54ba57718fc,P1,kudaQ,15,_kuda_q/P1_kudaQ (15).mov,_kuda_q,123428,test
P1_kudaQ_0016_ba6b2b9a55e8,P1,kudaQ,16,_kuda_q/P1_kudaQ (16).mov,_kuda_q,123428,test
P1_kudaQ_0017_799489a8e336,P1,kudaQ,17,_kuda_q/P1_kudaQ (17).mov,_kuda_q,123428,test
P1_kudaQ_0018_4e0fd9a8a0a1,P1,kudaQ,18,_kuda_q/P1_kudaQ (18).mov,_kuda_q,123428,test
P1_kudaQ_0019_97dbfb7d2b9d,P1,kudaQ,19,_kuda_q/P1_kudaQ (19).mov,_kuda_q,123428,test
P1_kudaQ_0002_bd02ed6dc337,P1,kudaQ,2,_kuda_q/P1_kudaQ (2).mov,_kuda_q,72552,test
P1_kudaQ_0020_7312d12bdd79,P1,kudaQ,20,_kuda_q/P1_kudaQ (20).mov,_kuda_q,123428,test
P1_kudaQ_0021_920b2d0f03ee,P1,kudaQ,21,_kuda_q/P1_kudaQ (21).mov,_kuda_q,123428,test
P1_kudaQ_0022_789735155ecc,P1,kudaQ,22,_kuda_q/P1_kudaQ (22).mov,_kuda_q,123428,test
P1_kudaQ_0023_b86a7ddc34dc,P1,kudaQ,23,_kuda_q/P1_kudaQ (23).mov,_kuda_q,101960,test
P1_kudaQ_0024_04cf5cf6cd1b,P1,kudaQ,24,_kuda_q/P1_kudaQ (24).mov,_kuda_q,101960,test
P1_kudaQ_0025_d05a39aaf313,P1,kudaQ,25,_kuda_q/P1_kudaQ (25).mov,_kuda_q,101960,test
P1_kudaQ_0026_3e9089504ca9,P1,kudaQ,26,_kuda_q/P1_kudaQ (26).mov,_kuda_q,101960,test
P1_kudaQ_0027_2bbddc86912a,P1,kudaQ,27,_kuda_q/P1_kudaQ (27).mov,_kuda_q,101960,test
P1_kudaQ_0028_053429e5e23f,P1,kudaQ,28,_kuda_q/P1_kudaQ (28).mov,_kuda_q,101960,test
P1_kudaQ_0029_be95d84ed72e,P1,kudaQ,29,_kuda_q/P1_kudaQ (29).mov,_kuda_q,101960,test
P1_kudaQ_0003_ace9b605a58b,P1,kudaQ,3,_kuda_q/P1_kudaQ (3).mov,_kuda_q,72552,test
P1_kudaQ_0030_e0ef1a893ed4,P1,kudaQ,30,_kuda_q/P1_kudaQ (30).mov,_kuda_q,101960,test
P1_kudaQ_0031_14b2511450b4,P1,kudaQ,31,_kuda_q/P1_kudaQ (31).mov,_kuda_q,101960,test
P1_kudaQ_0032_a2fa73c07336,P1,kudaQ,32,_kuda_q/P1_kudaQ (32).mov,_kuda_q,101960,test
P1_kudaQ_0033_a7afb1e60ef9,P1,kudaQ,33,_kuda_q/P1_kudaQ (33).mov,_kuda_q,101960,test
P1_kudaQ_0034_60499910b352,P1,kudaQ,34,_kuda_q/P1_kudaQ (34).mov,_kuda_q,101960,test
P1_kudaQ_0035_a4397b386757,P1,kudaQ,35,_kuda_q/P1_kudaQ (35).mov,_kuda_q,101960,test
P1_kudaQ_0036_1c3fb00eb67d,P1,kudaQ,36,_kuda_q/P1_kudaQ (36).mov,_kuda_q,128027,test
P1_kudaQ_0037_40474361a59d,P1,kudaQ,37,_kuda_q/P1_kudaQ (37).mov,_kuda_q,128027,test
P1_kudaQ_0038_190f4e5b6539,P1,kudaQ,38,_kuda_q/P1_kudaQ (38).mov,_kuda_q,128027,test
P1_kudaQ_0039_2a8e1072dec6,P1,kudaQ,39,_kuda_q/P1_kudaQ (39).mov,_kuda_q,128027,test
P1_kudaQ_0004_6693864d4f65,P1,kudaQ,4,_kuda_q/P1_kudaQ (4).mov,_kuda_q,72552,test
P1_kudaQ_0040_742f7dc67890,P1,kudaQ,40,_kuda_q/P1_kudaQ (40).mov,_kuda_q,128027,test
P1_kudaQ_0041_c17bad7e6f9d,P1,kudaQ,41,_kuda_q/P1_kudaQ (41).mov,_kuda_q,128027,test
P1_kudaQ_0042_798142ec951e,P1,kudaQ,42,_kuda_q/P1_kudaQ (42).mov,_kuda_q,128027,test
P1_kudaQ_0043_b1d03bb389ab,P1,kudaQ,43,_kuda_q/P1_kudaQ (43).mov,_kuda_q,128027,test
P1_kudaQ_0044_64d2d277856b,P1,kudaQ,44,_kuda_q/P1_kudaQ (44).mov,_kuda_q,128027,test
P1_kudaQ_0045_866b42a0b483,P1,kudaQ,45,_kuda_q/P1_kudaQ (45).mov,_kuda_q,128027,test
P1_kudaQ_0046_1729a461c495,P1,kudaQ,46,_kuda_q/P1_kudaQ (46).mov,_kuda_q,128027,test
P1_kudaQ_0047_48c15f041c21,P1,kudaQ,47,_kuda_q/P1_kudaQ (47).mov,_kuda_q,128027,test
P1_kudaQ_0048_bca949f645f6,P1,kudaQ,48,_kuda_q/P1_kudaQ (48).mov,_kuda_q,128027,test
P1_kudaQ_0049_e9ca49b96a70,P1,kudaQ,49,_kuda_q/P1_kudaQ (49).mov,_kuda_q,128027,test
P1_kudaQ_0005_faeff1979472,P1,kudaQ,5,_kuda_q/P1_kudaQ (5).mov,_kuda_q,72552,test
P1_kudaQ_0050_b0a7b705875d,P1,kudaQ,50,_kuda_q/P1_kudaQ (50).mov,_kuda_q,132433,test
P1_kudaQ_0051_38da60976a4c,P1,kudaQ,51,_kuda_q/P1_kudaQ (51).mov,_kuda_q,132433,test
P1_kudaQ_0052_259a343a2eed,P1,kudaQ,52,_kuda_q/P1_kudaQ (52).mov,_kuda_q,132433,test
P1_kudaQ_0053_2204c9037cf7,P1,kudaQ,53,_kuda_q/P1_kudaQ (53).mov,_kuda_q,132433,test
P1_kudaQ_0054_01f429faa827,P1,kudaQ,54,_kuda_q/P1_kudaQ (54).mov,_kuda_q,132433,test
P1_kudaQ_0055_9b5c0430e89a,P1,kudaQ,55,_kuda_q/P1_kudaQ (55).mov,_kuda_q,132433,test
P1_kudaQ_0056_c06cd76de461,P1,kudaQ,56,_kuda_q/P1_kudaQ (56).mov,_kuda_q,132433,test
P1_kudaQ_0057_c8baa9d80ae0,P1,kudaQ,57,_kuda_q/P1_kudaQ (57).mov,_kuda_q,132433,test
P1_kudaQ_0058_853ccc9858ed,P1,kudaQ,58,_kuda_q/P1_kudaQ (58).mov,_kuda_q,132433,test
P1_kudaQ_0059_71218026c6e3,P1,kudaQ,59,_kuda_q/P1_kudaQ (59).mov,_kuda_q,132433,test
P1_kudaQ_0006_3bda9ebff71b,P1,kudaQ,6,_kuda_q/P1_kudaQ (6).mov,_kuda_q,72552,test
P1_kudaQ_0060_28ed2a5db0a2,P1,kudaQ,60,_kuda_q/P1_kudaQ (60).mov,_kuda_q,132433,test
P1_kudaQ_0061_2223b0ce44fa,P1,kudaQ,61,_kuda_q/P1_kudaQ (61).mov,_kuda_q,107895,test
P1_kudaQ_0062_eb603418e317,P1,kudaQ,62,_kuda_q/P1_kudaQ (62).mov,_kuda_q,107895,test
P1_kudaQ_0063_3eb2ebe55172,P1,kudaQ,63,_kuda_q/P1_kudaQ (63).mov,_kuda_q,107895,test
P1_kudaQ_0064_e0417d3f5fbd,P1,kudaQ,64,_kuda_q/P1_kudaQ (64).mov,_kuda_q,107895,test
P1_kudaQ_0065_65dd95dbdd77,P1,kudaQ,65,_kuda_q/P1_kudaQ (65).mov,_kuda_q,107895,test
P1_kudaQ_0066_562f3a447a91,P1,kudaQ,66,_kuda_q/P1_kudaQ (66).mov,_kuda_q,107895,test
P1_kudaQ_0067_5da3db703db7,P1,kudaQ,67,_kuda_q/P1_kudaQ (67).mov,_kuda_q,107895,test
P1_kudaQ_0068_4f3082d55c2e,P1,kudaQ,68,_kuda_q/P1_kudaQ (68).mov,_kuda_q,107895,test
P1_kudaQ_0069_d643bcba31d4,P1,kudaQ,69,_kuda_q/P1_kudaQ (69).mov,_kuda_q,107895,test
P1_kudaQ_0007_b625c0c2e512,P1,kudaQ,7,_kuda_q/P1_kudaQ (7).mov,_kuda_q,72552,test
P1_kudaQ_0070_22d7943b8cdf,P1,kudaQ,70,_kuda_q/P1_kudaQ (70).mov,_kuda_q,107895,test
P1_kudaQ_0071_081f90a4cf6d,P1,kudaQ,71,_kuda_q/P1_kudaQ (71).mov,_kuda_q,107895,test
P1_kudaQ_0072_5682dd26b235,P1,kudaQ,72,_kuda_q/P1_kudaQ (72).mov,_kuda_q,175790,test
P1_kudaQ_0073_58587299fa79,P1,kudaQ,73,_kuda_q/P1_kudaQ (73).mov,_kuda_q,175790,test
P1_kudaQ_0074_21bf5ede85c0,P1,kudaQ,74,_kuda_q/P1_kudaQ (74).mov,_kuda_q,175790,test
P1_kudaQ_0075_19c78d9eaf7d,P1,kudaQ,75,_kuda_q/P1_kudaQ (75).mov,_kuda_q,175790,test
P1_kudaQ_0076_b5f9a780299e,P1,kudaQ,76,_kuda_q/P1_kudaQ (76).mov,_kuda_q,175790,test
P1_kudaQ_0077_6b6623716e08,P1,kudaQ,77,_kuda_q/P1_kudaQ (77).mov,_kuda_q,175790,test
P1_kudaQ_0078_a04032f15427,P1,kudaQ,78,_kuda_q/P1_kudaQ (78).mov,_kuda_q,175790,test
P1_kudaQ_0079_d0aad5d35091,P1,kudaQ,79,_kuda_q/P1_kudaQ (79).mov,_kuda_q,175790,test
P1_kudaQ_0008_a8fb54c324fd,P1,kudaQ,8,_kuda_q/P1_kudaQ (8).mov,_kuda_q,72552,test
P1_kudaQ_0080_10947231380e,P1,kudaQ,80,_kuda_q/P1_kudaQ (80).mov,_kuda_q,175790,test
P1_kudaQ_0081_d2af49dba420,P1,kudaQ,81,_kuda_q/P1_kudaQ (81).mov,_kuda_q,175790,test
P1_kudaQ_0082_c0759b6f5fad,P1,kudaQ,82,_kuda_q/P1_kudaQ (82).mov,_kuda_q,175790,test
P1_kudaQ_0083_b8c466f48c3c,P1,kudaQ,83,_kuda_q/P1_kudaQ (83).mov,_kuda_q,175790,test
P1_kudaQ_0084_0a01e75dd9ee,P1,kudaQ,84,_kuda_q/P1_kudaQ (84).mov,_kuda_q,175790,test
P1_kudaQ_0085_b4e15721ea49,P1,kudaQ,85,_kuda_q/P1_kudaQ (85).mov,_kuda_q,121524,test
P1_kudaQ_0086_21e24cbcee96,P1,kudaQ,86,_kuda_q/P1_kudaQ (86).mov,_kuda_q,121524,test
P1_kudaQ_0087_10fe718e3f8a,P1,kudaQ,87,_kuda_q/P1_kudaQ (87).mov,_kuda_q,121524,test
P1_kudaQ_0088_43144bdbf60c,P1,kudaQ,88,_kuda_q/P1_kudaQ (88).mov,_kuda_q,121524,test
P1_kudaQ_0089_66a8fa4a7eb9,P1,kudaQ,89,_kuda_q/P1_kudaQ (89).mov,_kuda_q,121524,test
P1_kudaQ_0009_7b63f7ef88e7,P1,kudaQ,9,_kuda_q/P1_kudaQ (9).mov,_kuda_q,72552,test
P1_kudaQ_0090_43725a311865,P1,kudaQ,90,_kuda_q/P1_kudaQ (90).mov,_kuda_q,121524,test
P1_kudaQ_0091_7d86a6a91ee5,P1,kudaQ,91,_kuda_q/P1_kudaQ (91).mov,_kuda_q,121524,test
P1_kudaQ_0092_28d801c40046,P1,kudaQ,92,_kuda_q/P1_kudaQ (92).mov,_kuda_q,121524,test
P1_kudaQ_0093_1dbd53de15db,P1,kudaQ,93,_kuda_q/P1_kudaQ (93).mov,_kuda_q,121524,test
P1_kudaQ_0094_379046a37f04,P1,kudaQ,94,_kuda_q/P1_kudaQ (94).mov,_kuda_q,72552,test
P1_kudaQ_0095_34da50ba55d3,P1,kudaQ,95,_kuda_q/P1_kudaQ (95).mov,_kuda_q,72552,test
P1_kudaQ_0096_afbda101c926,P1,kudaQ,96,_kuda_q/P1_kudaQ (96).mov,_kuda_q,72552,test
P1_kudaQ_0097_6b9a078ace7d,P1,kudaQ,97,_kuda_q/P1_kudaQ (97).mov,_kuda_q,72552,test
P1_kudaQ_0098_a058f9242e78,P1,kudaQ,98,_kuda_q/P1_kudaQ (98).mov,_kuda_q,72552,test
P1_kudaQ_0099_3c0dd46a3152,P1,kudaQ,99,_kuda_q/P1_kudaQ (99).mov,_kuda_q,72552,test
P2_kudaQ_0001_c7c7e180a84d,P2,kudaQ,1,_kuda_q/P2_kudaQ (1).mov,_kuda_q,123295,validation
P2_kudaQ_0010_0a0ffccf0ef0,P2,kudaQ,10,_kuda_q/P2_kudaQ (10).mov,_kuda_q,117413,validation
P2_kudaQ_0011_49e2b99b8df6,P2,kudaQ,11,_kuda_q/P2_kudaQ (11).mov,_kuda_q,114302,validation
P2_kudaQ_0012_ed22806abdef,P2,kudaQ,12,_kuda_q/P2_kudaQ (12).mov,_kuda_q,74269,validation
P2_kudaQ_0013_c13356aefa54,P2,kudaQ,13,_kuda_q/P2_kudaQ (13).mov,_kuda_q,130815,validation
P2_kudaQ_0014_954059cdb9f2,P2,kudaQ,14,_kuda_q/P2_kudaQ (14).mov,_kuda_q,116505,validation
P2_kudaQ_0015_f529981a2b50,P2,kudaQ,15,_kuda_q/P2_kudaQ (15).mov,_kuda_q,121274,validation
P2_kudaQ_0016_d2cf95ddec43,P2,kudaQ,16,_kuda_q/P2_kudaQ (16).mov,_kuda_q,131805,validation
P2_kudaQ_0017_1cbb2426b50d,P2,kudaQ,17,_kuda_q/P2_kudaQ (17).mov,_kuda_q,120131,validation
P2_kudaQ_0018_cf4cc618ce40,P2,kudaQ,18,_kuda_q/P2_kudaQ (18).mov,_kuda_q,135514,validation
P2_kudaQ_0019_193cb5ae5aa5,P2,kudaQ,19,_kuda_q/P2_kudaQ (19).mov,_kuda_q,119720,validation
P2_kudaQ_0002_796fda052fe0,P2,kudaQ,2,_kuda_q/P2_kudaQ (2).mov,_kuda_q,239063,validation
P2_kudaQ_0020_5cfb8373eef9,P2,kudaQ,20,_kuda_q/P2_kudaQ (20).mov,_kuda_q,51254,validation
P2_kudaQ_0021_fe3757b9d289,P2,kudaQ,21,_kuda_q/P2_kudaQ (21).mov,_kuda_q,125477,validation
P2_kudaQ_0022_45833d276337,P2,kudaQ,22,_kuda_q/P2_kudaQ (22).mov,_kuda_q,130897,validation
P2_kudaQ_0023_ee7274b88628,P2,kudaQ,23,_kuda_q/P2_kudaQ (23).mov,_kuda_q,154189,validation
P2_kudaQ_0024_51c1cfb019d5,P2,kudaQ,24,_kuda_q/P2_kudaQ (24).mov,_kuda_q,119872,validation
P2_kudaQ_0025_cd89ef7f08c1,P2,kudaQ,25,_kuda_q/P2_kudaQ (25).mov,_kuda_q,130302,validation
P2_kudaQ_0026_f39840a22418,P2,kudaQ,26,_kuda_q/P2_kudaQ (26).mov,_kuda_q,102603,validation
P2_kudaQ_0027_2ee0a4d5d749,P2,kudaQ,27,_kuda_q/P2_kudaQ (27).mov,_kuda_q,116347,validation
P2_kudaQ_0028_fb420c7fbf88,P2,kudaQ,28,_kuda_q/P2_kudaQ (28).mov,_kuda_q,103969,validation
P2_kudaQ_0029_e7645d27d7bf,P2,kudaQ,29,_kuda_q/P2_kudaQ (29).mov,_kuda_q,88540,validation
P2_kudaQ_0003_7e1f5df4ede6,P2,kudaQ,3,_kuda_q/P2_kudaQ (3).mov,_kuda_q,168022,validation
P2_kudaQ_0030_76ba8087b748,P2,kudaQ,30,_kuda_q/P2_kudaQ (30).mov,_kuda_q,107470,validation
P2_kudaQ_0031_b4e0556f4810,P2,kudaQ,31,_kuda_q/P2_kudaQ (31).mov,_kuda_q,168307,validation
P2_kudaQ_0032_a2b7e131fcbd,P2,kudaQ,32,_kuda_q/P2_kudaQ (32).mov,_kuda_q,142516,validation
P2_kudaQ_0033_1d57480a0269,P2,kudaQ,33,_kuda_q/P2_kudaQ (33).mov,_kuda_q,163764,validation
P2_kudaQ_0034_70bac3dd59af,P2,kudaQ,34,_kuda_q/P2_kudaQ (34).mov,_kuda_q,121775,validation
P2_kudaQ_0035_05afd31c8476,P2,kudaQ,35,_kuda_q/P2_kudaQ (35).mov,_kuda_q,133502,validation
P2_kudaQ_0036_bfa301f0e78d,P2,kudaQ,36,_kuda_q/P2_kudaQ (36).mov,_kuda_q,133391,validation
P2_kudaQ_0037_6dacf5058654,P2,kudaQ,37,_kuda_q/P2_kudaQ (37).mov,_kuda_q,116491,validation
P2_kudaQ_0038_6fc521355fcd,P2,kudaQ,38,_kuda_q/P2_kudaQ (38).mov,_kuda_q,124673,validation
P2_kudaQ_0039_bdba4e613609,P2,kudaQ,39,_kuda_q/P2_kudaQ (39).mov,_kuda_q,154931,validation
P2_kudaQ_0004_c12f6f847efc,P2,kudaQ,4,_kuda_q/P2_kudaQ (4).mov,_kuda_q,144869,validation
P2_kudaQ_0040_a60665d124ab,P2,kudaQ,40,_kuda_q/P2_kudaQ (40).mov,_kuda_q,124201,validation
P2_kudaQ_0005_bee49822c499,P2,kudaQ,5,_kuda_q/P2_kudaQ (5).mov,_kuda_q,132935,validation
P2_kudaQ_0006_7d550f4d778c,P2,kudaQ,6,_kuda_q/P2_kudaQ (6).mov,_kuda_q,155132,validation
P2_kudaQ_0007_4aa70b7e3416,P2,kudaQ,7,_kuda_q/P2_kudaQ (7).mov,_kuda_q,108453,validation
P2_kudaQ_0008_9c5c80d1e322,P2,kudaQ,8,_kuda_q/P2_kudaQ (8).mov,_kuda_q,140611,validation
P2_kudaQ_0009_5efab4b938c9,P2,kudaQ,9,_kuda_q/P2_kudaQ (9).mov,_kuda_q,130544,validation
P3_kudaQ_0001_1c9a150498ef,P3,kudaQ,1,_kuda_q/P3_kudaQ (1).mov,_kuda_q,37121,train
P3_kudaQ_0010_9ee7a06502aa,P3,kudaQ,10,_kuda_q/P3_kudaQ (10).mov,_kuda_q,59454,train
P3_kudaQ_0011_e05c1ce3431b,P3,kudaQ,11,_kuda_q/P3_kudaQ (11).mov,_kuda_q,65673,train
P3_kudaQ_0012_9661460e7e2b,P3,kudaQ,12,_kuda_q/P3_kudaQ (12).mov,_kuda_q,52688,train
P3_kudaQ_0013_16011a455c27,P3,kudaQ,13,_kuda_q/P3_kudaQ (13).mov,_kuda_q,65160,train
P3_kudaQ_0014_fd1e96a0952d,P3,kudaQ,14,_kuda_q/P3_kudaQ (14).mov,_kuda_q,71448,train
P3_kudaQ_0015_8fb9030243e7,P3,kudaQ,15,_kuda_q/P3_kudaQ (15).mov,_kuda_q,58453,train
P3_kudaQ_0016_e0c27f7ed5ed,P3,kudaQ,16,_kuda_q/P3_kudaQ (16).mov,_kuda_q,59556,train
P3_kudaQ_0017_d6620d145948,P3,kudaQ,17,_kuda_q/P3_kudaQ (17).mov,_kuda_q,65056,train
P3_kudaQ_0018_af93932306db,P3,kudaQ,18,_kuda_q/P3_kudaQ (18).mov,_kuda_q,71451,train
P3_kudaQ_0019_96707afcb34f,P3,kudaQ,19,_kuda_q/P3_kudaQ (19).mov,_kuda_q,73612,train
P3_kudaQ_0002_4b0a6d616305,P3,kudaQ,2,_kuda_q/P3_kudaQ (2).mov,_kuda_q,43336,train
P3_kudaQ_0020_41604fa2e819,P3,kudaQ,20,_kuda_q/P3_kudaQ (20).mov,_kuda_q,54643,train
P3_kudaQ_0021_942dc89d7716,P3,kudaQ,21,_kuda_q/P3_kudaQ (21).mov,_kuda_q,45299,train
P3_kudaQ_0022_541dbfb47e42,P3,kudaQ,22,_kuda_q/P3_kudaQ (22).mov,_kuda_q,58163,train
P3_kudaQ_0023_b310f40ce316,P3,kudaQ,23,_kuda_q/P3_kudaQ (23).mov,_kuda_q,46105,train
P3_kudaQ_0024_f47ff13f2c1b,P3,kudaQ,24,_kuda_q/P3_kudaQ (24).mov,_kuda_q,65007,train
P3_kudaQ_0025_3fd5ec54fc5d,P3,kudaQ,25,_kuda_q/P3_kudaQ (25).mov,_kuda_q,38176,train
P3_kudaQ_0026_c894c8706743,P3,kudaQ,26,_kuda_q/P3_kudaQ (26).mov,_kuda_q,53460,train
P3_kudaQ_0027_ecb3cc8db671,P3,kudaQ,27,_kuda_q/P3_kudaQ (27).mov,_kuda_q,60000,train
P3_kudaQ_0028_de2993816aef,P3,kudaQ,28,_kuda_q/P3_kudaQ (28).mov,_kuda_q,53283,train
P3_kudaQ_0029_a6093c2dfa57,P3,kudaQ,29,_kuda_q/P3_kudaQ (29).mov,_kuda_q,79187,train
P3_kudaQ_0003_d9b9bfbb40f7,P3,kudaQ,3,_kuda_q/P3_kudaQ (3).mov,_kuda_q,80146,train
P3_kudaQ_0030_8315e15994c1,P3,kudaQ,30,_kuda_q/P3_kudaQ (30).mov,_kuda_q,54179,train
P3_kudaQ_0031_3f7452d0405c,P3,kudaQ,31,_kuda_q/P3_kudaQ (31).mov,_kuda_q,32501,train
P3_kudaQ_0032_7896a83a8ebd,P3,kudaQ,32,_kuda_q/P3_kudaQ (32).mov,_kuda_q,39505,train
P3_kudaQ_0033_7e0f05976d42,P3,kudaQ,33,_kuda_q/P3_kudaQ (33).mov,_kuda_q,66802,train
P3_kudaQ_0034_88c1b564aa51,P3,kudaQ,34,_kuda_q/P3_kudaQ (34).mov,_kuda_q,80146,train
P3_kudaQ_0035_ade157a3a555,P3,kudaQ,35,_kuda_q/P3_kudaQ (35).mov,_kuda_q,59937,train
P3_kudaQ_0036_cbf149ef2c1d,P3,kudaQ,36,_kuda_q/P3_kudaQ (36).mov,_kuda_q,52688,train
P3_kudaQ_0037_37fca8da5675,P3,kudaQ,37,_kuda_q/P3_kudaQ (37).mov,_kuda_q,71451,train
P3_kudaQ_0038_306429a6009a,P3,kudaQ,38,_kuda_q/P3_kudaQ (38).mov,_kuda_q,58163,train
P3_kudaQ_0039_def48a159423,P3,kudaQ,39,_kuda_q/P3_kudaQ (39).mov,_kuda_q,38176,train
P3_kudaQ_0004_06302e413a6c,P3,kudaQ,4,_kuda_q/P3_kudaQ (4).mov,_kuda_q,64154,train
P3_kudaQ_0040_723e86132457,P3,kudaQ,40,_kuda_q/P3_kudaQ (40).mov,_kuda_q,54179,train
P3_kudaQ_0005_036b5f23bc5f,P3,kudaQ,5,_kuda_q/P3_kudaQ (5).mov,_kuda_q,59937,train
P3_kudaQ_0006_f105475e0c92,P3,kudaQ,6,_kuda_q/P3_kudaQ (6).mov,_kuda_q,60985,train
P3_kudaQ_0007_48627fc851bd,P3,kudaQ,7,_kuda_q/P3_kudaQ (7).mov,_kuda_q,58224,train
P3_kudaQ_0008_3365e8fcb6d1,P3,kudaQ,8,_kuda_q/P3_kudaQ (8).mov,_kuda_q,85030,train
P3_kudaQ_0009_ff1f9b39c91e,P3,kudaQ,9,_kuda_q/P3_kudaQ (9).mov,_kuda_q,52849,train
P4_kudaQ_0001_c0f3385502f1,P4,kudaQ,1,_kuda_q/P4_kudaQ (1).mov,_kuda_q,204373,train
P4_kudaQ_0010_119f0f85561b,P4,kudaQ,10,_kuda_q/P4_kudaQ (10).mov,_kuda_q,288207,train
P4_kudaQ_0011_0a2f90fcc804,P4,kudaQ,11,_kuda_q/P4_kudaQ (11).mov,_kuda_q,162535,train
P4_kudaQ_0012_9f48007bb5ca,P4,kudaQ,12,_kuda_q/P4_kudaQ (12).mov,_kuda_q,280734,train
P4_kudaQ_0013_f571dc9c065c,P4,kudaQ,13,_kuda_q/P4_kudaQ (13).mov,_kuda_q,155107,train
P4_kudaQ_0014_940af9f81a92,P4,kudaQ,14,_kuda_q/P4_kudaQ (14).mov,_kuda_q,172519,train
P4_kudaQ_0015_a25fb0323fa7,P4,kudaQ,15,_kuda_q/P4_kudaQ (15).mov,_kuda_q,153555,train
P4_kudaQ_0016_012b2538d6fe,P4,kudaQ,16,_kuda_q/P4_kudaQ (16).mov,_kuda_q,159568,train
P4_kudaQ_0017_a12b64c72631,P4,kudaQ,17,_kuda_q/P4_kudaQ (17).mov,_kuda_q,154260,train
P4_kudaQ_0018_c31a6cfbcf22,P4,kudaQ,18,_kuda_q/P4_kudaQ (18).mov,_kuda_q,160574,train
P4_kudaQ_0019_e61b8eaf20f1,P4,kudaQ,19,_kuda_q/P4_kudaQ (19).mov,_kuda_q,280734,train
P4_kudaQ_0002_02149ad34866,P4,kudaQ,2,_kuda_q/P4_kudaQ (2).mov,_kuda_q,145134,train
P4_kudaQ_0020_5110bde991a6,P4,kudaQ,20,_kuda_q/P4_kudaQ (20).mov,_kuda_q,162535,train
P4_kudaQ_0021_e52775982426,P4,kudaQ,21,_kuda_q/P4_kudaQ (21).mov,_kuda_q,149394,train
P4_kudaQ_0022_abc50b957ce8,P4,kudaQ,22,_kuda_q/P4_kudaQ (22).mov,_kuda_q,143704,train
P4_kudaQ_0023_5f1dd3ddac53,P4,kudaQ,23,_kuda_q/P4_kudaQ (23).mov,_kuda_q,147778,train
P4_kudaQ_0024_3a6e899ed9fb,P4,kudaQ,24,_kuda_q/P4_kudaQ (24).mov,_kuda_q,143110,train
P4_kudaQ_0025_621505c7c38a,P4,kudaQ,25,_kuda_q/P4_kudaQ (25).mov,_kuda_q,277017,train
P4_kudaQ_0026_af6a9fc87791,P4,kudaQ,26,_kuda_q/P4_kudaQ (26).mov,_kuda_q,133107,train
P4_kudaQ_0027_c7a9320dfb09,P4,kudaQ,27,_kuda_q/P4_kudaQ (27).mov,_kuda_q,128948,train
P4_kudaQ_0028_b7d9c41d6c36,P4,kudaQ,28,_kuda_q/P4_kudaQ (28).mov,_kuda_q,129050,train
P4_kudaQ_0029_94e1bae79c0d,P4,kudaQ,29,_kuda_q/P4_kudaQ (29).mov,_kuda_q,136408,train
P4_kudaQ_0003_496972d083f4,P4,kudaQ,3,_kuda_q/P4_kudaQ (3).mov,_kuda_q,147043,train
P4_kudaQ_0030_f02d2db02426,P4,kudaQ,30,_kuda_q/P4_kudaQ (30).mov,_kuda_q,118057,train
P4_kudaQ_0031_766c38495b45,P4,kudaQ,31,_kuda_q/P4_kudaQ (31).mov,_kuda_q,176469,train
P4_kudaQ_0032_3da9f2966a44,P4,kudaQ,32,_kuda_q/P4_kudaQ (32).mov,_kuda_q,169708,train
P4_kudaQ_0033_031ad8992385,P4,kudaQ,33,_kuda_q/P4_kudaQ (33).mov,_kuda_q,172519,train
P4_kudaQ_0034_3f53d24cdbd1,P4,kudaQ,34,_kuda_q/P4_kudaQ (34).mov,_kuda_q,151554,train
P4_kudaQ_0035_c38afacd44ce,P4,kudaQ,35,_kuda_q/P4_kudaQ (35).mov,_kuda_q,154833,train
P4_kudaQ_0036_37fd9ccf3d5d,P4,kudaQ,36,_kuda_q/P4_kudaQ (36).mov,_kuda_q,125556,train
P4_kudaQ_0037_c73f9bda8f91,P4,kudaQ,37,_kuda_q/P4_kudaQ (37).mov,_kuda_q,118604,train
P4_kudaQ_0038_6adcdcd0f1fb,P4,kudaQ,38,_kuda_q/P4_kudaQ (38).mov,_kuda_q,119419,train
P4_kudaQ_0039_ca79330fc7d3,P4,kudaQ,39,_kuda_q/P4_kudaQ (39).mov,_kuda_q,136485,train
P4_kudaQ_0004_a437572ce05f,P4,kudaQ,4,_kuda_q/P4_kudaQ (4).mov,_kuda_q,163904,train
P4_kudaQ_0040_702cde1f35a2,P4,kudaQ,40,_kuda_q/P4_kudaQ (40).mov,_kuda_q,142349,train
P4_kudaQ_0005_89325679edc4,P4,kudaQ,5,_kuda_q/P4_kudaQ (5).mov,_kuda_q,190859,train
P4_kudaQ_0006_5e003b0a0872,P4,kudaQ,6,_kuda_q/P4_kudaQ (6).mov,_kuda_q,155036,train
P4_kudaQ_0007_cd785f254927,P4,kudaQ,7,_kuda_q/P4_kudaQ (7).mov,_kuda_q,169638,train
P4_kudaQ_0008_db74872d9ff8,P4,kudaQ,8,_kuda_q/P4_kudaQ (8).mov,_kuda_q,519403,train
P4_kudaQ_0009_c9dd2615545e,P4,kudaQ,9,_kuda_q/P4_kudaQ (9).mov,_kuda_q,247553,train
P5_kudaQ_0001_2625e1f7e65b,P5,kudaQ,1,_kuda_q/P5_kudaQ (1).mov,_kuda_q,113119,train
P5_kudaQ_0010_8b85fb2545c1,P5,kudaQ,10,_kuda_q/P5_kudaQ (10).mov,_kuda_q,155809,train
P5_kudaQ_0011_f319953998de,P5,kudaQ,11,_kuda_q/P5_kudaQ (11).mov,_kuda_q,131927,train
P5_kudaQ_0012_976b7d38b4b3,P5,kudaQ,12,_kuda_q/P5_kudaQ (12).mov,_kuda_q,218125,train
P5_kudaQ_0013_2e440b6b05a8,P5,kudaQ,13,_kuda_q/P5_kudaQ (13).mov,_kuda_q,113347,train
P5_kudaQ_0014_4ac552e7e35f,P5,kudaQ,14,_kuda_q/P5_kudaQ (14).mov,_kuda_q,185220,train
P5_kudaQ_0015_35f743245b4c,P5,kudaQ,15,_kuda_q/P5_kudaQ (15).mov,_kuda_q,123798,train
P5_kudaQ_0016_4e8a5b5c3004,P5,kudaQ,16,_kuda_q/P5_kudaQ (16).mov,_kuda_q,187958,train
P5_kudaQ_0017_4cdc88b30cce,P5,kudaQ,17,_kuda_q/P5_kudaQ (17).mov,_kuda_q,112899,train
P5_kudaQ_0018_2d9680068316,P5,kudaQ,18,_kuda_q/P5_kudaQ (18).mov,_kuda_q,144089,train
P5_kudaQ_0019_6c1eb815f2ea,P5,kudaQ,19,_kuda_q/P5_kudaQ (19).mov,_kuda_q,183961,train
P5_kudaQ_0002_87b82fbb8382,P5,kudaQ,2,_kuda_q/P5_kudaQ (2).mov,_kuda_q,187397,train
P5_kudaQ_0020_d764b52d20cf,P5,kudaQ,20,_kuda_q/P5_kudaQ (20).mov,_kuda_q,185220,train
P5_kudaQ_0021_2098408f2175,P5,kudaQ,21,_kuda_q/P5_kudaQ (21).mov,_kuda_q,138797,train
P5_kudaQ_0022_18a1f172b039,P5,kudaQ,22,_kuda_q/P5_kudaQ (22).mov,_kuda_q,136506,train
P5_kudaQ_0023_73e19a746eb2,P5,kudaQ,23,_kuda_q/P5_kudaQ (23).mov,_kuda_q,179114,train
P5_kudaQ_0024_64c2e111c1b6,P5,kudaQ,24,_kuda_q/P5_kudaQ (24).mov,_kuda_q,125109,train
P5_kudaQ_0025_d16395342ebd,P5,kudaQ,25,_kuda_q/P5_kudaQ (25).mov,_kuda_q,156766,train
P5_kudaQ_0026_c8bf517a5f1b,P5,kudaQ,26,_kuda_q/P5_kudaQ (26).mov,_kuda_q,191396,train
P5_kudaQ_0027_9fcfabf05e19,P5,kudaQ,27,_kuda_q/P5_kudaQ (27).mov,_kuda_q,182950,train
P5_kudaQ_0028_ad46434f79a1,P5,kudaQ,28,_kuda_q/P5_kudaQ (28).mov,_kuda_q,168595,train
P5_kudaQ_0029_a19a108d5bf0,P5,kudaQ,29,_kuda_q/P5_kudaQ (29).mov,_kuda_q,145612,train
P5_kudaQ_0003_5cba0840119b,P5,kudaQ,3,_kuda_q/P5_kudaQ (3).mov,_kuda_q,241935,train
P5_kudaQ_0030_26fdda645a85,P5,kudaQ,30,_kuda_q/P5_kudaQ (30).mov,_kuda_q,137357,train
P5_kudaQ_0031_5dd8e0c6df6d,P5,kudaQ,31,_kuda_q/P5_kudaQ (31).mov,_kuda_q,123384,train
P5_kudaQ_0032_62c8f4f3613d,P5,kudaQ,32,_kuda_q/P5_kudaQ (32).mov,_kuda_q,125398,train
P5_kudaQ_0033_ea5a13bc2057,P5,kudaQ,33,_kuda_q/P5_kudaQ (33).mov,_kuda_q,79910,train
P5_kudaQ_0034_7535baa03769,P5,kudaQ,34,_kuda_q/P5_kudaQ (34).mov,_kuda_q,122453,train
P5_kudaQ_0035_325ed1eace87,P5,kudaQ,35,_kuda_q/P5_kudaQ (35).mov,_kuda_q,169558,train
P5_kudaQ_0036_8173431b3961,P5,kudaQ,36,_kuda_q/P5_kudaQ (36).mov,_kuda_q,113583,train
P5_kudaQ_0037_26ef20a5a2a4,P5,kudaQ,37,_kuda_q/P5_kudaQ (37).mov,_kuda_q,151029,train
P5_kudaQ_0038_c41bebc3e65b,P5,kudaQ,38,_kuda_q/P5_kudaQ (38).mov,_kuda_q,107655,train
P5_kudaQ_0039_fd312799c7a6,P5,kudaQ,39,_kuda_q/P5_kudaQ (39).mov,_kuda_q,101443,train
P5_kudaQ_0004_3a6ac65f5430,P5,kudaQ,4,_kuda_q/P5_kudaQ (4).mov,_kuda_q,252436,train
P5_kudaQ_0040_48726741ea34,P5,kudaQ,40,_kuda_q/P5_kudaQ (40).mov,_kuda_q,100754,train
P5_kudaQ_0005_a79ab2e22e28,P5,kudaQ,5,_kuda_q/P5_kudaQ (5).mov,_kuda_q,259456,train
P5_kudaQ_0006_f21a7136e96d,P5,kudaQ,6,_kuda_q/P5_kudaQ (6).mov,_kuda_q,170995,train
P5_kudaQ_0007_e93bbfa9c409,P5,kudaQ,7,_kuda_q/P5_kudaQ (7).mov,_kuda_q,189254,train
P5_kudaQ_0008_ea2ddb845a7a,P5,kudaQ,8,_kuda_q/P5_kudaQ (8).mov,_kuda_q,187046,train
P5_kudaQ_0009_681a7e4ca23f,P5,kudaQ,9,_kuda_q/P5_kudaQ (9).mov,_kuda_q,113017,train
P1_skolko_0001_c563ea410a10,P1,skolko,1,_skolko/P1_skolko (1).mov,_skolko,133179,test
P1_skolko_0010_6fa16df45a76,P1,skolko,10,_skolko/P1_skolko (10).mov,_skolko,140083,test
P1_skolko_0011_9ec19fc291da,P1,skolko,11,_skolko/P1_skolko (11).mov,_skolko,144275,test
P1_skolko_0012_37ba3abcc841,P1,skolko,12,_skolko/P1_skolko (12).mov,_skolko,138348,test
P1_skolko_0013_63f74797f501,P1,skolko,13,_skolko/P1_skolko (13).mov,_skolko,138188,test
P1_skolko_0014_b07360fa52cc,P1,skolko,14,_skolko/P1_skolko (14).mov,_skolko,153562,test
P1_skolko_0015_9c43ea3e9061,P1,skolko,15,_skolko/P1_skolko (15).mov,_skolko,98072,test
P1_skolko_0016_1730e1339ff2,P1,skolko,16,_skolko/P1_skolko (16).mov,_skolko,115173,test
P1_skolko_0017_d2a9179115f8,P1,skolko,17,_skolko/P1_skolko (17).mov,_skolko,153786,test
P1_skolko_0018_1fd81e4a7fbc,P1,skolko,18,_skolko/P1_skolko (18).mov,_skolko,117575,test
P1_skolko_0019_1d2fc6fc95f5,P1,skolko,19,_skolko/P1_skolko (19).mov,_skolko,158575,test
P1_skolko_0002_3d47354c4e4b,P1,skolko,2,_skolko/P1_skolko (2).mov,_skolko,112566,test
P1_skolko_0020_3681ce427a82,P1,skolko,20,_skolko/P1_skolko (20).mov,_skolko,162028,test
P1_skolko_0021_42b8667b599d,P1,skolko,21,_skolko/P1_skolko (21).mov,_skolko,150851,test
P1_skolko_0022_519d39c7d185,P1,skolko,22,_skolko/P1_skolko (22).mov,_skolko,133471,test
P1_skolko_0023_548fc40d9c0b,P1,skolko,23,_skolko/P1_skolko (23).mov,_skolko,117411,test
P1_skolko_0024_22069de38998,P1,skolko,24,_skolko/P1_skolko (24).mov,_skolko,116918,test
P1_skolko_0025_1da466ae34ca,P1,skolko,25,_skolko/P1_skolko (25).mov,_skolko,168952,test
P1_skolko_0026_1c9c7685718e,P1,skolko,26,_skolko/P1_skolko (26).mov,_skolko,173617,test
P1_skolko_0027_8cee9000b134,P1,skolko,27,_skolko/P1_skolko (27).mov,_skolko,152131,test
P1_skolko_0028_c445aee6888f,P1,skolko,28,_skolko/P1_skolko (28).mov,_skolko,144945,test
P1_skolko_0029_dd3840490bf9,P1,skolko,29,_skolko/P1_skolko (29).mov,_skolko,164526,test
P1_skolko_0003_1711ad13fcbd,P1,skolko,3,_skolko/P1_skolko (3).mov,_skolko,87348,test
P1_skolko_0030_16ab325ed15d,P1,skolko,30,_skolko/P1_skolko (30).mov,_skolko,154140,test
P1_skolko_0031_266f13a58b4c,P1,skolko,31,_skolko/P1_skolko (31).mov,_skolko,161623,test
P1_skolko_0032_38476e829ea6,P1,skolko,32,_skolko/P1_skolko (32).mov,_skolko,153605,test
P1_skolko_0033_078f24602f85,P1,skolko,33,_skolko/P1_skolko (33).mov,_skolko,153344,test
P1_skolko_0034_a12264c7c621,P1,skolko,34,_skolko/P1_skolko (34).mov,_skolko,216557,test
P1_skolko_0035_02364d8d3adf,P1,skolko,35,_skolko/P1_skolko (35).mov,_skolko,177519,test
P1_skolko_0036_956f17e431f4,P1,skolko,36,_skolko/P1_skolko (36).mov,_skolko,178335,test
P1_skolko_0037_481baeb8538b,P1,skolko,37,_skolko/P1_skolko (37).mov,_skolko,196449,test
P1_skolko_0038_c1d285824e61,P1,skolko,38,_skolko/P1_skolko (38).mov,_skolko,114369,test
P1_skolko_0039_64962f24d784,P1,skolko,39,_skolko/P1_skolko (39).mov,_skolko,107659,test
P1_skolko_0004_282d121f8100,P1,skolko,4,_skolko/P1_skolko (4).mov,_skolko,151471,test
P1_skolko_0040_2418c3645e8a,P1,skolko,40,_skolko/P1_skolko (40).mov,_skolko,131796,test
P1_skolko_0005_27857f64015d,P1,skolko,5,_skolko/P1_skolko (5).mov,_skolko,157928,test
P1_skolko_0006_61d7b56b8293,P1,skolko,6,_skolko/P1_skolko (6).mov,_skolko,184803,test
P1_skolko_0007_15db474c88f5,P1,skolko,7,_skolko/P1_skolko (7).mov,_skolko,102492,test
P1_skolko_0008_ec890207e319,P1,skolko,8,_skolko/P1_skolko (8).mov,_skolko,152655,test
P1_skolko_0009_b116a5e91681,P1,skolko,9,_skolko/P1_skolko (9).mov,_skolko,135980,test
P2_skolko_0001_ebb1564f9930,P2,skolko,1,_skolko/P2_skolko (1).mov,_skolko,101437,validation
P2_skolko_0010_7b7028ce0465,P2,skolko,10,_skolko/P2_skolko (10).mov,_skolko,101437,validation
P2_skolko_0100_986f0064829a,P2,skolko,100,_skolko/P2_skolko (100).mov,_skolko,101437,validation
P2_skolko_0011_c8b03f11ab80,P2,skolko,11,_skolko/P2_skolko (11).mov,_skolko,101437,validation
P2_skolko_0012_0957336ab45e,P2,skolko,12,_skolko/P2_skolko (12).mov,_skolko,101437,validation
P2_skolko_0013_58d887b3351f,P2,skolko,13,_skolko/P2_skolko (13).mov,_skolko,69380,validation
P2_skolko_0014_96e47fb40afc,P2,skolko,14,_skolko/P2_skolko (14).mov,_skolko,69380,validation
P2_skolko_0015_8888423e8e1d,P2,skolko,15,_skolko/P2_skolko (15).mov,_skolko,69380,validation
P2_skolko_0016_e8fdb0af0a27,P2,skolko,16,_skolko/P2_skolko (16).mov,_skolko,69380,validation
P2_skolko_0017_888f9ef856e4,P2,skolko,17,_skolko/P2_skolko (17).mov,_skolko,69380,validation
P2_skolko_0018_513a87aa2fbe,P2,skolko,18,_skolko/P2_skolko (18).mov,_skolko,69380,validation
P2_skolko_0019_3d5f5ea51e94,P2,skolko,19,_skolko/P2_skolko (19).mov,_skolko,69380,validation
P2_skolko_0002_a857123977d9,P2,skolko,2,_skolko/P2_skolko (2).mov,_skolko,101437,validation
P2_skolko_0020_b5bda526bd49,P2,skolko,20,_skolko/P2_skolko (20).mov,_skolko,69380,validation
P2_skolko_0021_1bf11e2c9128,P2,skolko,21,_skolko/P2_skolko (21).mov,_skolko,69380,validation
P2_skolko_0022_3060217aca44,P2,skolko,22,_skolko/P2_skolko (22).mov,_skolko,79431,validation
P2_skolko_0023_50595e8302be,P2,skolko,23,_skolko/P2_skolko (23).mov,_skolko,69380,validation
P2_skolko_0024_926afe519709,P2,skolko,24,_skolko/P2_skolko (24).mov,_skolko,69380,validation
P2_skolko_0025_769b0d5c63c7,P2,skolko,25,_skolko/P2_skolko (25).mov,_skolko,69380,validation
P2_skolko_0026_9c3a1d212edd,P2,skolko,26,_skolko/P2_skolko (26).mov,_skolko,69380,validation
P2_skolko_0027_a30b8ec26a94,P2,skolko,27,_skolko/P2_skolko (27).mov,_skolko,69380,validation
P2_skolko_0028_36b42e589d3c,P2,skolko,28,_skolko/P2_skolko (28).mov,_skolko,63599,validation
P2_skolko_0029_4806a0c946cc,P2,skolko,29,_skolko/P2_skolko (29).mov,_skolko,63599,validation
P2_skolko_0003_39a47df27b16,P2,skolko,3,_skolko/P2_skolko (3).mov,_skolko,101437,validation
P2_skolko_0030_a64ae4c02d41,P2,skolko,30,_skolko/P2_skolko (30).mov,_skolko,63599,validation
P2_skolko_0031_b11a38b095a1,P2,skolko,31,_skolko/P2_skolko (31).mov,_skolko,63599,validation
P2_skolko_0032_6aca9e0e4fba,P2,skolko,32,_skolko/P2_skolko (32).mov,_skolko,63599,validation
P2_skolko_0033_1ddf685580ce,P2,skolko,33,_skolko/P2_skolko (33).mov,_skolko,63599,validation
P2_skolko_0034_8c4c916747f8,P2,skolko,34,_skolko/P2_skolko (34).mov,_skolko,63599,validation
P2_skolko_0035_67f0b8d4380c,P2,skolko,35,_skolko/P2_skolko (35).mov,_skolko,63599,validation
P2_skolko_0036_83418309be3e,P2,skolko,36,_skolko/P2_skolko (36).mov,_skolko,63599,validation
P2_skolko_0037_133b95bc10a3,P2,skolko,37,_skolko/P2_skolko (37).mov,_skolko,63599,validation
P2_skolko_0038_cabd58f500a2,P2,skolko,38,_skolko/P2_skolko (38).mov,_skolko,63599,validation
P2_skolko_0039_8934c1e861f9,P2,skolko,39,_skolko/P2_skolko (39).mov,_skolko,63599,validation
P2_skolko_0004_d5723b0128f5,P2,skolko,4,_skolko/P2_skolko (4).mov,_skolko,101437,validation
P2_skolko_0040_9be244b32223,P2,skolko,40,_skolko/P2_skolko (40).mov,_skolko,63599,validation
P2_skolko_0041_b2514f92f86c,P2,skolko,41,_skolko/P2_skolko (41).mov,_skolko,63599,validation
P2_skolko_0042_c38150900798,P2,skolko,42,_skolko/P2_skolko (42).mov,_skolko,63599,validation
P2_skolko_0043_c2432b6a5e6f,P2,skolko,43,_skolko/P2_skolko (43).mov,_skolko,63599,validation
P2_skolko_0044_804f1bd5d5f8,P2,skolko,44,_skolko/P2_skolko (44).mov,_skolko,63599,validation
P2_skolko_0045_e0d2459b1e54,P2,skolko,45,_skolko/P2_skolko (45).mov,_skolko,103331,validation
P2_skolko_0046_1e7ecbd88dea,P2,skolko,46,_skolko/P2_skolko (46).mov,_skolko,104472,validation
P2_skolko_0047_09c414a1892d,P2,skolko,47,_skolko/P2_skolko (47).mov,_skolko,103331,validation
P2_skolko_0048_85f3b53d1e34,P2,skolko,48,_skolko/P2_skolko (48).mov,_skolko,103331,validation
P2_skolko_0049_0f97cc615f5e,P2,skolko,49,_skolko/P2_skolko (49).mov,_skolko,103331,validation
P2_skolko_0005_2c8ec10209ef,P2,skolko,5,_skolko/P2_skolko (5).mov,_skolko,101437,validation
P2_skolko_0050_81f483921cd6,P2,skolko,50,_skolko/P2_skolko (50).mov,_skolko,103331,validation
P2_skolko_0051_251730d53d15,P2,skolko,51,_skolko/P2_skolko (51).mov,_skolko,103331,validation
P2_skolko_0052_99f26c212fe7,P2,skolko,52,_skolko/P2_skolko (52).mov,_skolko,103331,validation
P2_skolko_0053_858a54320f0b,P2,skolko,53,_skolko/P2_skolko (53).mov,_skolko,103331,validation
P2_skolko_0054_78d55ff98b6c,P2,skolko,54,_skolko/P2_skolko (54).mov,_skolko,103331,validation
P2_skolko_0055_e518ade83583,P2,skolko,55,_skolko/P2_skolko (55).mov,_skolko,103331,validation
P2_skolko_0056_90cd6723e561,P2,skolko,56,_skolko/P2_skolko (56).mov,_skolko,84795,validation
P2_skolko_0057_b233740e9b8c,P2,skolko,57,_skolko/P2_skolko (57).mov,_skolko,84795,validation
P2_skolko_0058_8b8051049a94,P2,skolko,58,_skolko/P2_skolko (58).mov,_skolko,85848,validation
P2_skolko_0059_2308390889c6,P2,skolko,59,_skolko/P2_skolko (59).mov,_skolko,84795,validation
P2_skolko_0006_1c9833c13294,P2,skolko,6,_skolko/P2_skolko (6).mov,_skolko,101437,validation
P2_skolko_0060_c3133b7155b0,P2,skolko,60,_skolko/P2_skolko (60).mov,_skolko,84795,validation
P2_skolko_0061_7423b4b639d0,P2,skolko,61,_skolko/P2_skolko (61).mov,_skolko,84795,validation
P2_skolko_0062_153bf3ee7d8f,P2,skolko,62,_skolko/P2_skolko (62).mov,_skolko,84795,validation
P2_skolko_0063_f10876d187b2,P2,skolko,63,_skolko/P2_skolko (63).mov,_skolko,84795,validation
P2_skolko_0064_9c415fe96658,P2,skolko,64,_skolko/P2_skolko (64).mov,_skolko,84795,validation
P2_skolko_0065_016b5f2e3eb0,P2,skolko,65,_skolko/P2_skolko (65).mov,_skolko,84795,validation
P2_skolko_0066_056dc1fc8bfd,P2,skolko,66,_skolko/P2_skolko (66).mov,_skolko,84795,validation
P2_skolko_0067_083798a6ce86,P2,skolko,67,_skolko/P2_skolko (67).mov,_skolko,84795,validation
P2_skolko_0068_246d01a78559,P2,skolko,68,_skolko/P2_skolko (68).mov,_skolko,84795,validation
P2_skolko_0069_d458af8338c7,P2,skolko,69,_skolko/P2_skolko (69).mov,_skolko,84795,validation
P2_skolko_0007_55b983e78644,P2,skolko,7,_skolko/P2_skolko (7).mov,_skolko,101437,validation
P2_skolko_0070_37372f1f0e9c,P2,skolko,70,_skolko/P2_skolko (70).mov,_skolko,84795,validation
P2_skolko_0071_d311a88d2bb6,P2,skolko,71,_skolko/P2_skolko (71).mov,_skolko,83466,validation
P2_skolko_0072_7c3bb81217dd,P2,skolko,72,_skolko/P2_skolko (72).mov,_skolko,83466,validation
P2_skolko_0073_1a294d11b579,P2,skolko,73,_skolko/P2_skolko (73).mov,_skolko,83466,validation
P2_skolko_0074_abfaa26b9b7e,P2,skolko,74,_skolko/P2_skolko (74).mov,_skolko,83466,validation
P2_skolko_0075_875cd6b6f16e,P2,skolko,75,_skolko/P2_skolko (75).mov,_skolko,83466,validation
P2_skolko_0076_f7f1a010813e,P2,skolko,76,_skolko/P2_skolko (76).mov,_skolko,83466,validation
P2_skolko_0077_bb3970dc6552,P2,skolko,77,_skolko/P2_skolko (77).mov,_skolko,83466,validation
P2_skolko_0078_4741062b84a0,P2,skolko,78,_skolko/P2_skolko (78).mov,_skolko,83466,validation
P2_skolko_0079_1276623c048f,P2,skolko,79,_skolko/P2_skolko (79).mov,_skolko,83466,validation
P2_skolko_0008_baf8bd98908a,P2,skolko,8,_skolko/P2_skolko (8).mov,_skolko,101437,validation
P2_skolko_0080_9b627a04e0b6,P2,skolko,80,_skolko/P2_skolko (80).mov,_skolko,83466,validation
P2_skolko_0081_267e2c3adc82,P2,skolko,81,_skolko/P2_skolko (81).mov,_skolko,83466,validation
P2_skolko_0082_9e38baad3488,P2,skolko,82,_skolko/P2_skolko (82).mov,_skolko,83466,validation
P2_skolko_0083_17e45ae4f70d,P2,skolko,83,_skolko/P2_skolko (83).mov,_skolko,68499,validation
P2_skolko_0084_4dc7c10e38c4,P2,skolko,84,_skolko/P2_skolko (84).mov,_skolko,83466,validation
P2_skolko_0085_0040e0785ea4,P2,skolko,85,_skolko/P2_skolko (85).mov,_skolko,83466,validation
P2_skolko_0086_4c9851474bc9,P2,skolko,86,_skolko/P2_skolko (86).mov,_skolko,83466,validation
P2_skolko_0087_dc11bb4fd7a8,P2,skolko,87,_skolko/P2_skolko (87).mov,_skolko,85053,validation
P2_skolko_0088_62a3a56dda9b,P2,skolko,88,_skolko/P2_skolko (88).mov,_skolko,85053,validation
P2_skolko_0089_ade9227dc2e4,P2,skolko,89,_skolko/P2_skolko (89).mov,_skolko,85053,validation
P2_skolko_0009_771fc312385f,P2,skolko,9,_skolko/P2_skolko (9).mov,_skolko,101437,validation
P2_skolko_0090_4c93ff81f2b1,P2,skolko,90,_skolko/P2_skolko (90).mov,_skolko,85053,validation
P2_skolko_0091_bb670c409c9e,P2,skolko,91,_skolko/P2_skolko (91).mov,_skolko,85053,validation
P2_skolko_0092_35eed46bad53,P2,skolko,92,_skolko/P2_skolko (92).mov,_skolko,85053,validation
P2_skolko_0093_bf54a89593af,P2,skolko,93,_skolko/P2_skolko (93).mov,_skolko,85053,validation
P2_skolko_0094_1a8222dd9555,P2,skolko,94,_skolko/P2_skolko (94).mov,_skolko,85053,validation
P2_skolko_0095_7d51529f05fc,P2,skolko,95,_skolko/P2_skolko (95).mov,_skolko,85053,validation
P2_skolko_0096_5fc8a26e6831,P2,skolko,96,_skolko/P2_skolko (96).mov,_skolko,85053,validation
P2_skolko_0097_7f4415578613,P2,skolko,97,_skolko/P2_skolko (97).mov,_skolko,101437,validation
P2_skolko_0098_1edade42e5f3,P2,skolko,98,_skolko/P2_skolko (98).mov,_skolko,101437,validation
P2_skolko_0099_9829944540e2,P2,skolko,99,_skolko/P2_skolko (99).mov,_skolko,101437,validation
P3_skolko_0001_5657b6d6d551,P3,skolko,1,_skolko/P3_skolko (1).mov,_skolko,63721,train
P3_skolko_0010_c832f5fe8524,P3,skolko,10,_skolko/P3_skolko (10).mov,_skolko,90364,train
P3_skolko_0011_1270bb1a5e01,P3,skolko,11,_skolko/P3_skolko (11).mov,_skolko,133227,train
P3_skolko_0012_f2246f6f245b,P3,skolko,12,_skolko/P3_skolko (12).mov,_skolko,134637,train
P3_skolko_0013_6c86241538d8,P3,skolko,13,_skolko/P3_skolko (13).mov,_skolko,133730,train
P3_skolko_0014_d8a20952849d,P3,skolko,14,_skolko/P3_skolko (14).mov,_skolko,137439,train
P3_skolko_0015_33bd2de6b630,P3,skolko,15,_skolko/P3_skolko (15).mov,_skolko,135222,train
P3_skolko_0016_da584c52b890,P3,skolko,16,_skolko/P3_skolko (16).mov,_skolko,115340,train
P3_skolko_0017_ad036c04954a,P3,skolko,17,_skolko/P3_skolko (17).mov,_skolko,131735,train
P3_skolko_0018_8f0711642e14,P3,skolko,18,_skolko/P3_skolko (18).mov,_skolko,114978,train
P3_skolko_0019_8779db920006,P3,skolko,19,_skolko/P3_skolko (19).mov,_skolko,157675,train
P3_skolko_0002_1ba2b4a50d50,P3,skolko,2,_skolko/P3_skolko (2).mov,_skolko,48803,train
P3_skolko_0020_43a85dad206a,P3,skolko,20,_skolko/P3_skolko (20).mov,_skolko,111934,train
P3_skolko_0021_f47258db527b,P3,skolko,21,_skolko/P3_skolko (21).mov,_skolko,169894,train
P3_skolko_0022_a8c736fd4f86,P3,skolko,22,_skolko/P3_skolko (22).mov,_skolko,134942,train
P3_skolko_0023_ec27e1ddf384,P3,skolko,23,_skolko/P3_skolko (23).mov,_skolko,169742,train
P3_skolko_0024_60dd7a4991b2,P3,skolko,24,_skolko/P3_skolko (24).mov,_skolko,107682,train
P3_skolko_0025_858fa9198657,P3,skolko,25,_skolko/P3_skolko (25).mov,_skolko,137870,train
P3_skolko_0026_8b5d7f644797,P3,skolko,26,_skolko/P3_skolko (26).mov,_skolko,137238,train
P3_skolko_0027_6860772fad51,P3,skolko,27,_skolko/P3_skolko (27).mov,_skolko,111441,train
P3_skolko_0028_d52c055ca0cf,P3,skolko,28,_skolko/P3_skolko (28).mov,_skolko,132063,train
P3_skolko_0029_746895386355,P3,skolko,29,_skolko/P3_skolko (29).mov,_skolko,134773,train
P3_skolko_0003_d5ad68e6d6aa,P3,skolko,3,_skolko/P3_skolko (3).mov,_skolko,103719,train
P3_skolko_0030_107a7f18b36d,P3,skolko,30,_skolko/P3_skolko (30).mov,_skolko,150368,train
P3_skolko_0031_db6538674c30,P3,skolko,31,_skolko/P3_skolko (31).mov,_skolko,90845,train
P3_skolko_0032_06fd3cfd6f16,P3,skolko,32,_skolko/P3_skolko (32).mov,_skolko,149527,train
P3_skolko_0033_93cf7a90e2dd,P3,skolko,33,_skolko/P3_skolko (33).mov,_skolko,227979,train
P3_skolko_0034_1eccff0fe660,P3,skolko,34,_skolko/P3_skolko (34).mov,_skolko,203788,train
P3_skolko_0035_5a9ca685bce5,P3,skolko,35,_skolko/P3_skolko (35).mov,_skolko,172659,train
P3_skolko_0036_40c9e9317280,P3,skolko,36,_skolko/P3_skolko (36).mov,_skolko,111744,train
P3_skolko_0037_eb589640db7d,P3,skolko,37,_skolko/P3_skolko (37).mov,_skolko,152023,train
P3_skolko_0038_f89be504eb49,P3,skolko,38,_skolko/P3_skolko (38).mov,_skolko,167204,train
P3_skolko_0039_fe45403cd1b8,P3,skolko,39,_skolko/P3_skolko (39).mov,_skolko,108444,train
P3_skolko_0004_ad96f7ef7e27,P3,skolko,4,_skolko/P3_skolko (4).mov,_skolko,80313,train
P3_skolko_0040_4bdae68173be,P3,skolko,40,_skolko/P3_skolko (40).mov,_skolko,106089,train
P3_skolko_0005_1d0c38efadcf,P3,skolko,5,_skolko/P3_skolko (5).mov,_skolko,59929,train
P3_skolko_0006_58df7e597f27,P3,skolko,6,_skolko/P3_skolko (6).mov,_skolko,43468,train
P3_skolko_0007_662843b447fd,P3,skolko,7,_skolko/P3_skolko (7).mov,_skolko,112359,train
P3_skolko_0008_02ba3d91c361,P3,skolko,8,_skolko/P3_skolko (8).mov,_skolko,132185,train
P3_skolko_0009_f29e7893e7f4,P3,skolko,9,_skolko/P3_skolko (9).mov,_skolko,114230,train
P4_skolko_0001_22c0bd845ec1,P4,skolko,1,_skolko/P4_skolko (1).mov,_skolko,97077,train
P4_skolko_0010_544af19bb3c0,P4,skolko,10,_skolko/P4_skolko (10).mov,_skolko,207153,train
P4_skolko_0011_387176f7c607,P4,skolko,11,_skolko/P4_skolko (11).mov,_skolko,289788,train
P4_skolko_0012_758fba960f84,P4,skolko,12,_skolko/P4_skolko (12).mov,_skolko,168921,train
P4_skolko_0013_9cf11c88f01d,P4,skolko,13,_skolko/P4_skolko (13).mov,_skolko,173713,train
P4_skolko_0014_6c6431848808,P4,skolko,14,_skolko/P4_skolko (14).mov,_skolko,174243,train
P4_skolko_0015_cc058b7afaa6,P4,skolko,15,_skolko/P4_skolko (15).mov,_skolko,236925,train
P4_skolko_0016_fd275295714c,P4,skolko,16,_skolko/P4_skolko (16).mov,_skolko,132292,train
P4_skolko_0017_fce4532d9704,P4,skolko,17,_skolko/P4_skolko (17).mov,_skolko,259474,train
P4_skolko_0018_1cb6a7cc43fc,P4,skolko,18,_skolko/P4_skolko (18).mov,_skolko,108423,train
P4_skolko_0019_a7b1153e382b,P4,skolko,19,_skolko/P4_skolko (19).mov,_skolko,132265,train
P4_skolko_0002_784d783714b3,P4,skolko,2,_skolko/P4_skolko (2).mov,_skolko,166323,train
P4_skolko_0020_1dddb38d317b,P4,skolko,20,_skolko/P4_skolko (20).mov,_skolko,147569,train
P4_skolko_0021_5031ca84055b,P4,skolko,21,_skolko/P4_skolko (21).mov,_skolko,169232,train
P4_skolko_0022_94abba9d9269,P4,skolko,22,_skolko/P4_skolko (22).mov,_skolko,62336,train
P4_skolko_0023_8f4fac3d880d,P4,skolko,23,_skolko/P4_skolko (23).mov,_skolko,125582,train
P4_skolko_0024_258e1828d5e0,P4,skolko,24,_skolko/P4_skolko (24).mov,_skolko,134772,train
P4_skolko_0025_740211ae2bcd,P4,skolko,25,_skolko/P4_skolko (25).mov,_skolko,84648,train
P4_skolko_0026_1b76793e4b28,P4,skolko,26,_skolko/P4_skolko (26).mov,_skolko,104600,train
P4_skolko_0027_eecd7ac413ab,P4,skolko,27,_skolko/P4_skolko (27).mov,_skolko,104177,train
P4_skolko_0028_0af42361c773,P4,skolko,28,_skolko/P4_skolko (28).mov,_skolko,152008,train
P4_skolko_0029_d0422b57d2ca,P4,skolko,29,_skolko/P4_skolko (29).mov,_skolko,150527,train
P4_skolko_0003_e0578c0ccaaa,P4,skolko,3,_skolko/P4_skolko (3).mov,_skolko,133490,train
P4_skolko_0030_beb18aba7b19,P4,skolko,30,_skolko/P4_skolko (30).mov,_skolko,166021,train
P4_skolko_0031_ec560e10b5d4,P4,skolko,31,_skolko/P4_skolko (31).mov,_skolko,193016,train
P4_skolko_0032_a650eb6f897f,P4,skolko,32,_skolko/P4_skolko (32).mov,_skolko,214016,train
P4_skolko_0033_4ee6b24189b0,P4,skolko,33,_skolko/P4_skolko (33).mov,_skolko,127287,train
P4_skolko_0034_246e5c222939,P4,skolko,34,_skolko/P4_skolko (34).mov,_skolko,153343,train
P4_skolko_0035_84b8385c35c8,P4,skolko,35,_skolko/P4_skolko (35).mov,_skolko,125801,train
P4_skolko_0036_abdd05019298,P4,skolko,36,_skolko/P4_skolko (36).mov,_skolko,171365,train
P4_skolko_0037_37c2515810c7,P4,skolko,37,_skolko/P4_skolko (37).mov,_skolko,95657,train
P4_skolko_0038_b252acb0a224,P4,skolko,38,_skolko/P4_skolko (38).mov,_skolko,74064,train
P4_skolko_0039_6eedb9574684,P4,skolko,39,_skolko/P4_skolko (39).mov,_skolko,56004,train
P4_skolko_0004_b2d764d2f01e,P4,skolko,4,_skolko/P4_skolko (4).mov,_skolko,114112,train
P4_skolko_0005_15e8dbcf616e,P4,skolko,5,_skolko/P4_skolko (5).mov,_skolko,146132,train
P4_skolko_0006_44d449fab4c4,P4,skolko,6,_skolko/P4_skolko (6).mov,_skolko,170418,train
P4_skolko_0007_1b25669331f4,P4,skolko,7,_skolko/P4_skolko (7).mov,_skolko,111243,train
P4_skolko_0008_071523b43dd0,P4,skolko,8,_skolko/P4_skolko (8).mov,_skolko,129112,train
P4_skolko_0009_0d4b767c71aa,P4,skolko,9,_skolko/P4_skolko (9).mov,_skolko,156045,train
P5_skolko_0001_8760e021a195,P5,skolko,1,_skolko/P5_skolko (1).mov,_skolko,171545,train
P5_skolko_0010_ed29a310073a,P5,skolko,10,_skolko/P5_skolko (10).mov,_skolko,192332,train
P5_skolko_0011_a2494cfc6807,P5,skolko,11,_skolko/P5_skolko (11).mov,_skolko,126375,train
P5_skolko_0012_cc0e151fcdee,P5,skolko,12,_skolko/P5_skolko (12).mov,_skolko,166784,train
P5_skolko_0013_9e52b949c31e,P5,skolko,13,_skolko/P5_skolko (13).mov,_skolko,180598,train
P5_skolko_0014_db0a4dad66d1,P5,skolko,14,_skolko/P5_skolko (14).mov,_skolko,108692,train
P5_skolko_0015_fec3eb9914a2,P5,skolko,15,_skolko/P5_skolko (15).mov,_skolko,152868,train
P5_skolko_0016_f6259b0a50a6,P5,skolko,16,_skolko/P5_skolko (16).mov,_skolko,193661,train
P5_skolko_0017_066138a506c6,P5,skolko,17,_skolko/P5_skolko (17).mov,_skolko,184780,train
P5_skolko_0018_bc9086a80fcd,P5,skolko,18,_skolko/P5_skolko (18).mov,_skolko,244479,train
P5_skolko_0019_644082fc73a5,P5,skolko,19,_skolko/P5_skolko (19).mov,_skolko,207265,train
P5_skolko_0002_de3ce8fec777,P5,skolko,2,_skolko/P5_skolko (2).mov,_skolko,106769,train
P5_skolko_0020_9276565ab6d2,P5,skolko,20,_skolko/P5_skolko (20).mov,_skolko,150811,train
P5_skolko_0021_8b02b2710edd,P5,skolko,21,_skolko/P5_skolko (21).mov,_skolko,153620,train
P5_skolko_0022_bd18f99ae223,P5,skolko,22,_skolko/P5_skolko (22).mov,_skolko,151073,train
P5_skolko_0023_91bc49595a07,P5,skolko,23,_skolko/P5_skolko (23).mov,_skolko,147246,train
P5_skolko_0024_467af757ea78,P5,skolko,24,_skolko/P5_skolko (24).mov,_skolko,197454,train
P5_skolko_0025_a184484cfb44,P5,skolko,25,_skolko/P5_skolko (25).mov,_skolko,224596,train
P5_skolko_0026_bd113137e060,P5,skolko,26,_skolko/P5_skolko (26).mov,_skolko,277825,train
P5_skolko_0027_aeb847d0729e,P5,skolko,27,_skolko/P5_skolko (27).mov,_skolko,132690,train
P5_skolko_0028_8c6dcaa2ae9b,P5,skolko,28,_skolko/P5_skolko (28).mov,_skolko,277089,train
P5_skolko_0029_eada9a7fc7c6,P5,skolko,29,_skolko/P5_skolko (29).mov,_skolko,211215,train
P5_skolko_0003_566396c4c4e9,P5,skolko,3,_skolko/P5_skolko (3).mov,_skolko,109840,train
P5_skolko_0030_1543bf9893e3,P5,skolko,30,_skolko/P5_skolko (30).mov,_skolko,142680,train
P5_skolko_0031_88c5066f7d6e,P5,skolko,31,_skolko/P5_skolko (31).mov,_skolko,263240,train
P5_skolko_0032_2ed77d9580eb,P5,skolko,32,_skolko/P5_skolko (32).mov,_skolko,263383,train
P5_skolko_0033_4b1515b57a10,P5,skolko,33,_skolko/P5_skolko (33).mov,_skolko,230185,train
P5_skolko_0034_3435ac0d2027,P5,skolko,34,_skolko/P5_skolko (34).mov,_skolko,180825,train
P5_skolko_0035_a873202b5549,P5,skolko,35,_skolko/P5_skolko (35).mov,_skolko,287603,train
P5_skolko_0036_53f2b7050929,P5,skolko,36,_skolko/P5_skolko (36).mov,_skolko,308883,train
P5_skolko_0037_94fd87ee7eeb,P5,skolko,37,_skolko/P5_skolko (37).mov,_skolko,164115,train
P5_skolko_0038_65ffb642e5f7,P5,skolko,38,_skolko/P5_skolko (38).mov,_skolko,120300,train
P5_skolko_0039_d3e41adb005f,P5,skolko,39,_skolko/P5_skolko (39).mov,_skolko,164144,train
P5_skolko_0004_d53ea672f601,P5,skolko,4,_skolko/P5_skolko (4).mov,_skolko,78474,train
P5_skolko_0040_d289a0524166,P5,skolko,40,_skolko/P5_skolko (40).mov,_skolko,119961,train
P5_skolko_0005_62f3010b631c,P5,skolko,5,_skolko/P5_skolko (5).mov,_skolko,76889,train
P5_skolko_0006_c4d1cd2b6ec8,P5,skolko,6,_skolko/P5_skolko (6).mov,_skolko,95767,train
P5_skolko_0007_f9dedb608aff,P5,skolko,7,_skolko/P5_skolko (7).mov,_skolko,129185,train
P5_skolko_0008_dedc3335fe6e,P5,skolko,8,_skolko/P5_skolko (8).mov,_skolko,144145,train
P5_skolko_0009_7e8524952633,P5,skolko,9,_skolko/P5_skolko (9).mov,_skolko,192233,train
P1_skolkoQ_0001_d18c9d6c8806,P1,skolkoQ,1,_skolko_q/P1_skolkoQ (1).mov,_skolko_q,166795,test
P1_skolkoQ_0010_e0e30e814d6c,P1,skolkoQ,10,_skolko_q/P1_skolkoQ (10).mov,_skolko_q,146520,test
P1_skolkoQ_0011_e6e1176f4e52,P1,skolkoQ,11,_skolko_q/P1_skolkoQ (11).mov,_skolko_q,163432,test
P1_skolkoQ_0012_b48065054812,P1,skolkoQ,12,_skolko_q/P1_skolkoQ (12).mov,_skolko_q,182029,test
P1_skolkoQ_0013_83b690d5fc1b,P1,skolkoQ,13,_skolko_q/P1_skolkoQ (13).mov,_skolko_q,216776,test
P1_skolkoQ_0014_d95a410a8f68,P1,skolkoQ,14,_skolko_q/P1_skolkoQ (14).mov,_skolko_q,175420,test
P1_skolkoQ_0015_1800f878136d,P1,skolkoQ,15,_skolko_q/P1_skolkoQ (15).mov,_skolko_q,154027,test
P1_skolkoQ_0016_38e555705c1c,P1,skolkoQ,16,_skolko_q/P1_skolkoQ (16).mov,_skolko_q,246678,test
P1_skolkoQ_0017_0af5e129eb35,P1,skolkoQ,17,_skolko_q/P1_skolkoQ (17).mov,_skolko_q,224598,test
P1_skolkoQ_0018_844fd356b0b6,P1,skolkoQ,18,_skolko_q/P1_skolkoQ (18).mov,_skolko_q,204139,test
P1_skolkoQ_0019_12aa407a2fba,P1,skolkoQ,19,_skolko_q/P1_skolkoQ (19).mov,_skolko_q,336462,test
P1_skolkoQ_0002_b3a80c240893,P1,skolkoQ,2,_skolko_q/P1_skolkoQ (2).mov,_skolko_q,230396,test
P1_skolkoQ_0020_59be19e1693d,P1,skolkoQ,20,_skolko_q/P1_skolkoQ (20).mov,_skolko_q,224799,test
P1_skolkoQ_0021_97d0f68a5578,P1,skolkoQ,21,_skolko_q/P1_skolkoQ (21).mov,_skolko_q,161930,test
P1_skolkoQ_0022_f4924b86756f,P1,skolkoQ,22,_skolko_q/P1_skolkoQ (22).mov,_skolko_q,156042,test
P1_skolkoQ_0023_c1940d939fa9,P1,skolkoQ,23,_skolko_q/P1_skolkoQ (23).mov,_skolko_q,172208,test
P1_skolkoQ_0024_10bf8415af84,P1,skolkoQ,24,_skolko_q/P1_skolkoQ (24).mov,_skolko_q,200998,test
P1_skolkoQ_0025_9b2444628e0f,P1,skolkoQ,25,_skolko_q/P1_skolkoQ (25).mov,_skolko_q,158009,test
P1_skolkoQ_0026_015acdebfcc6,P1,skolkoQ,26,_skolko_q/P1_skolkoQ (26).mov,_skolko_q,165727,test
P1_skolkoQ_0027_b058ea8389d9,P1,skolkoQ,27,_skolko_q/P1_skolkoQ (27).mov,_skolko_q,139042,test
P1_skolkoQ_0028_769d1c4cbd0e,P1,skolkoQ,28,_skolko_q/P1_skolkoQ (28).mov,_skolko_q,156236,test
P1_skolkoQ_0029_32aae8573b39,P1,skolkoQ,29,_skolko_q/P1_skolkoQ (29).mov,_skolko_q,216486,test
P1_skolkoQ_0003_34ca67d8c7cf,P1,skolkoQ,3,_skolko_q/P1_skolkoQ (3).mov,_skolko_q,188750,test
P1_skolkoQ_0030_159e696ced87,P1,skolkoQ,30,_skolko_q/P1_skolkoQ (30).mov,_skolko_q,158655,test
P1_skolkoQ_0031_46396f87860c,P1,skolkoQ,31,_skolko_q/P1_skolkoQ (31).mov,_skolko_q,174816,test
P1_skolkoQ_0032_cbb1c3debcd0,P1,skolkoQ,32,_skolko_q/P1_skolkoQ (32).mov,_skolko_q,195364,test
P1_skolkoQ_0033_19b2138406d1,P1,skolkoQ,33,_skolko_q/P1_skolkoQ (33).mov,_skolko_q,175130,test
P1_skolkoQ_0034_1914a636c8d4,P1,skolkoQ,34,_skolko_q/P1_skolkoQ (34).mov,_skolko_q,136307,test
P1_skolkoQ_0035_9007a291d084,P1,skolkoQ,35,_skolko_q/P1_skolkoQ (35).mov,_skolko_q,178350,test
P1_skolkoQ_0036_b4540e23b108,P1,skolkoQ,36,_skolko_q/P1_skolkoQ (36).mov,_skolko_q,216266,test
P1_skolkoQ_0037_697d35b536c4,P1,skolkoQ,37,_skolko_q/P1_skolkoQ (37).mov,_skolko_q,172441,test
P1_skolkoQ_0038_fada60c46c2f,P1,skolkoQ,38,_skolko_q/P1_skolkoQ (38).mov,_skolko_q,292821,test
P1_skolkoQ_0039_5bacb735f7e5,P1,skolkoQ,39,_skolko_q/P1_skolkoQ (39).mov,_skolko_q,179633,test
P1_skolkoQ_0004_cf0be1cc6faf,P1,skolkoQ,4,_skolko_q/P1_skolkoQ (4).mov,_skolko_q,166634,test
P1_skolkoQ_0040_455b598e80fe,P1,skolkoQ,40,_skolko_q/P1_skolkoQ (40).mov,_skolko_q,199332,test
P1_skolkoQ_0005_144d05268624,P1,skolkoQ,5,_skolko_q/P1_skolkoQ (5).mov,_skolko_q,178523,test
P1_skolkoQ_0006_2741edb77369,P1,skolkoQ,6,_skolko_q/P1_skolkoQ (6).mov,_skolko_q,200740,test
P1_skolkoQ_0007_6078ba37dd21,P1,skolkoQ,7,_skolko_q/P1_skolkoQ (7).mov,_skolko_q,162093,test
P1_skolkoQ_0008_f689ac31b7e0,P1,skolkoQ,8,_skolko_q/P1_skolkoQ (8).mov,_skolko_q,177098,test
P1_skolkoQ_0009_de630e2c991d,P1,skolkoQ,9,_skolko_q/P1_skolkoQ (9).mov,_skolko_q,121023,test
P2_skolkoQ_0001_3a505606cbed,P2,skolkoQ,1,_skolko_q/P2_skolkoQ (1).mov,_skolko_q,53075,validation
P2_skolkoQ_0010_079100f394ec,P2,skolkoQ,10,_skolko_q/P2_skolkoQ (10).mov,_skolko_q,53075,validation
P2_skolkoQ_0100_39493d3a290c,P2,skolkoQ,100,_skolko_q/P2_skolkoQ (100).mov,_skolko_q,54062,validation
P2_skolkoQ_0011_e005c38af71f,P2,skolkoQ,11,_skolko_q/P2_skolkoQ (11).mov,_skolko_q,86049,validation
P2_skolkoQ_0012_05ff31b4267e,P2,skolkoQ,12,_skolko_q/P2_skolkoQ (12).mov,_skolko_q,86049,validation
P2_skolkoQ_0013_eb9f0c53347b,P2,skolkoQ,13,_skolko_q/P2_skolkoQ (13).mov,_skolko_q,86049,validation
P2_skolkoQ_0014_92f092054ce3,P2,skolkoQ,14,_skolko_q/P2_skolkoQ (14).mov,_skolko_q,86049,validation
P2_skolkoQ_0015_c54845a42a56,P2,skolkoQ,15,_skolko_q/P2_skolkoQ (15).mov,_skolko_q,86049,validation
P2_skolkoQ_0016_f80685871f0d,P2,skolkoQ,16,_skolko_q/P2_skolkoQ (16).mov,_skolko_q,86049,validation
P2_skolkoQ_0017_20f7ea2a09aa,P2,skolkoQ,17,_skolko_q/P2_skolkoQ (17).mov,_skolko_q,86049,validation
P2_skolkoQ_0018_7b0956cfb805,P2,skolkoQ,18,_skolko_q/P2_skolkoQ (18).mov,_skolko_q,86049,validation
P2_skolkoQ_0019_14333af4cbb4,P2,skolkoQ,19,_skolko_q/P2_skolkoQ (19).mov,_skolko_q,86049,validation
P2_skolkoQ_0002_54c9e44d329c,P2,skolkoQ,2,_skolko_q/P2_skolkoQ (2).mov,_skolko_q,53075,validation
P2_skolkoQ_0020_d1b4a56dc8cd,P2,skolkoQ,20,_skolko_q/P2_skolkoQ (20).mov,_skolko_q,86049,validation
P2_skolkoQ_0021_e3242d022225,P2,skolkoQ,21,_skolko_q/P2_skolkoQ (21).mov,_skolko_q,86049,validation
P2_skolkoQ_0022_f43ae09b43db,P2,skolkoQ,22,_skolko_q/P2_skolkoQ (22).mov,_skolko_q,86049,validation
P2_skolkoQ_0023_ae8b4375f1a7,P2,skolkoQ,23,_skolko_q/P2_skolkoQ (23).mov,_skolko_q,86049,validation
P2_skolkoQ_0024_0249105c6ed1,P2,skolkoQ,24,_skolko_q/P2_skolkoQ (24).mov,_skolko_q,86049,validation
P2_skolkoQ_0025_ebed9b2d83e7,P2,skolkoQ,25,_skolko_q/P2_skolkoQ (25).mov,_skolko_q,86049,validation
P2_skolkoQ_0026_aa19984b4ef9,P2,skolkoQ,26,_skolko_q/P2_skolkoQ (26).mov,_skolko_q,86049,validation
P2_skolkoQ_0027_cbb8b4f54e7a,P2,skolkoQ,27,_skolko_q/P2_skolkoQ (27).mov,_skolko_q,86049,validation
P2_skolkoQ_0028_9cf8c86d3890,P2,skolkoQ,28,_skolko_q/P2_skolkoQ (28).mov,_skolko_q,97450,validation
P2_skolkoQ_0029_a1b000d04164,P2,skolkoQ,29,_skolko_q/P2_skolkoQ (29).mov,_skolko_q,97450,validation
P2_skolkoQ_0003_e420db569f43,P2,skolkoQ,3,_skolko_q/P2_skolkoQ (3).mov,_skolko_q,53075,validation
P2_skolkoQ_0030_01024583f0aa,P2,skolkoQ,30,_skolko_q/P2_skolkoQ (30).mov,_skolko_q,97450,validation
P2_skolkoQ_0031_9b08afda8d03,P2,skolkoQ,31,_skolko_q/P2_skolkoQ (31).mov,_skolko_q,97450,validation
P2_skolkoQ_0032_ef14c469290a,P2,skolkoQ,32,_skolko_q/P2_skolkoQ (32).mov,_skolko_q,97450,validation
P2_skolkoQ_0033_0645254035f1,P2,skolkoQ,33,_skolko_q/P2_skolkoQ (33).mov,_skolko_q,97450,validation
P2_skolkoQ_0034_1c8b13d6637a,P2,skolkoQ,34,_skolko_q/P2_skolkoQ (34).mov,_skolko_q,97450,validation
P2_skolkoQ_0035_28687a1d6274,P2,skolkoQ,35,_skolko_q/P2_skolkoQ (35).mov,_skolko_q,97450,validation
P2_skolkoQ_0036_03427aef0c49,P2,skolkoQ,36,_skolko_q/P2_skolkoQ (36).mov,_skolko_q,97450,validation
P2_skolkoQ_0037_8714fd0d1d9a,P2,skolkoQ,37,_skolko_q/P2_skolkoQ (37).mov,_skolko_q,97450,validation
P2_skolkoQ_0038_f246b9930b73,P2,skolkoQ,38,_skolko_q/P2_skolkoQ (38).mov,_skolko_q,97450,validation
P2_skolkoQ_0039_368b5acae72a,P2,skolkoQ,39,_skolko_q/P2_skolkoQ (39).mov,_skolko_q,97450,validation
P2_skolkoQ_0004_42b64176449c,P2,skolkoQ,4,_skolko_q/P2_skolkoQ (4).mov,_skolko_q,53075,validation
P2_skolkoQ_0040_9bd21194c897,P2,skolkoQ,40,_skolko_q/P2_skolkoQ (40).mov,_skolko_q,97450,validation
P2_skolkoQ_0041_7e58b0ee0f6c,P2,skolkoQ,41,_skolko_q/P2_skolkoQ (41).mov,_skolko_q,97450,validation
P2_skolkoQ_0042_7b4379f36610,P2,skolkoQ,42,_skolko_q/P2_skolkoQ (42).mov,_skolko_q,97450,validation
P2_skolkoQ_0043_8a53550549b8,P2,skolkoQ,43,_skolko_q/P2_skolkoQ (43).mov,_skolko_q,97450,validation
P2_skolkoQ_0044_88913f69606b,P2,skolkoQ,44,_skolko_q/P2_skolkoQ (44).mov,_skolko_q,97450,validation
P2_skolkoQ_0045_f69776790c53,P2,skolkoQ,45,_skolko_q/P2_skolkoQ (45).mov,_skolko_q,97450,validation
P2_skolkoQ_0046_c5b681ce8dfc,P2,skolkoQ,46,_skolko_q/P2_skolkoQ (46).mov,_skolko_q,69915,validation
P2_skolkoQ_0047_a5ef30a77aa8,P2,skolkoQ,47,_skolko_q/P2_skolkoQ (47).mov,_skolko_q,69915,validation
P2_skolkoQ_0048_5d41018a2189,P2,skolkoQ,48,_skolko_q/P2_skolkoQ (48).mov,_skolko_q,69915,validation
P2_skolkoQ_0049_0561e0fb195f,P2,skolkoQ,49,_skolko_q/P2_skolkoQ (49).mov,_skolko_q,69915,validation
P2_skolkoQ_0005_b34af7a90553,P2,skolkoQ,5,_skolko_q/P2_skolkoQ (5).mov,_skolko_q,53075,validation
P2_skolkoQ_0050_6f2a582bbde3,P2,skolkoQ,50,_skolko_q/P2_skolkoQ (50).mov,_skolko_q,69915,validation
P2_skolkoQ_0051_74e04b5b16e6,P2,skolkoQ,51,_skolko_q/P2_skolkoQ (51).mov,_skolko_q,69915,validation
P2_skolkoQ_0052_5151b45041ae,P2,skolkoQ,52,_skolko_q/P2_skolkoQ (52).mov,_skolko_q,69915,validation
P2_skolkoQ_0053_8aa998e19275,P2,skolkoQ,53,_skolko_q/P2_skolkoQ (53).mov,_skolko_q,69915,validation
P2_skolkoQ_0054_34bee5491cc6,P2,skolkoQ,54,_skolko_q/P2_skolkoQ (54).mov,_skolko_q,69915,validation
P2_skolkoQ_0055_2e7a6fe2fe98,P2,skolkoQ,55,_skolko_q/P2_skolkoQ (55).mov,_skolko_q,69915,validation
P2_skolkoQ_0056_509e057d7ddc,P2,skolkoQ,56,_skolko_q/P2_skolkoQ (56).mov,_skolko_q,69915,validation
P2_skolkoQ_0057_eac4a5caccc9,P2,skolkoQ,57,_skolko_q/P2_skolkoQ (57).mov,_skolko_q,69915,validation
P2_skolkoQ_0058_9bae4c0d62f8,P2,skolkoQ,58,_skolko_q/P2_skolkoQ (58).mov,_skolko_q,66215,validation
P2_skolkoQ_0059_bca5c961c9cd,P2,skolkoQ,59,_skolko_q/P2_skolkoQ (59).mov,_skolko_q,66215,validation
P2_skolkoQ_0006_9ca8f91b46a9,P2,skolkoQ,6,_skolko_q/P2_skolkoQ (6).mov,_skolko_q,53075,validation
P2_skolkoQ_0060_e329f88a2c87,P2,skolkoQ,60,_skolko_q/P2_skolkoQ (60).mov,_skolko_q,66215,validation
P2_skolkoQ_0061_2ac24eefdc7f,P2,skolkoQ,61,_skolko_q/P2_skolkoQ (61).mov,_skolko_q,66215,validation
P2_skolkoQ_0062_7fc88ee72389,P2,skolkoQ,62,_skolko_q/P2_skolkoQ (62).mov,_skolko_q,66215,validation
P2_skolkoQ_0063_f833726f9fd9,P2,skolkoQ,63,_skolko_q/P2_skolkoQ (63).mov,_skolko_q,66215,validation
P2_skolkoQ_0064_df21c11a2588,P2,skolkoQ,64,_skolko_q/P2_skolkoQ (64).mov,_skolko_q,66215,validation
P2_skolkoQ_0065_54c1c4c5208f,P2,skolkoQ,65,_skolko_q/P2_skolkoQ (65).mov,_skolko_q,66215,validation
P2_skolkoQ_0066_a56ac40f7218,P2,skolkoQ,66,_skolko_q/P2_skolkoQ (66).mov,_skolko_q,66215,validation
P2_skolkoQ_0067_5ed4db04da8d,P2,skolkoQ,67,_skolko_q/P2_skolkoQ (67).mov,_skolko_q,66215,validation
P2_skolkoQ_0068_f881ac20263e,P2,skolkoQ,68,_skolko_q/P2_skolkoQ (68).mov,_skolko_q,66215,validation
P2_skolkoQ_0069_907a88264c8d,P2,skolkoQ,69,_skolko_q/P2_skolkoQ (69).mov,_skolko_q,66215,validation
P2_skolkoQ_0007_9168c8da553c,P2,skolkoQ,7,_skolko_q/P2_skolkoQ (7).mov,_skolko_q,53075,validation
P2_skolkoQ_0070_3524bd8bc77b,P2,skolkoQ,70,_skolko_q/P2_skolkoQ (70).mov,_skolko_q,66215,validation
P2_skolkoQ_0071_e5f588843f0e,P2,skolkoQ,71,_skolko_q/P2_skolkoQ (71).mov,_skolko_q,66215,validation
P2_skolkoQ_0072_0462d66e0a1a,P2,skolkoQ,72,_skolko_q/P2_skolkoQ (72).mov,_skolko_q,66215,validation
P2_skolkoQ_0073_31b837974630,P2,skolkoQ,73,_skolko_q/P2_skolkoQ (73).mov,_skolko_q,66215,validation
P2_skolkoQ_0074_faa84a35c331,P2,skolkoQ,74,_skolko_q/P2_skolkoQ (74).mov,_skolko_q,70588,validation
P2_skolkoQ_0075_848e058fbafb,P2,skolkoQ,75,_skolko_q/P2_skolkoQ (75).mov,_skolko_q,70588,validation
P2_skolkoQ_0076_547e41b5ea48,P2,skolkoQ,76,_skolko_q/P2_skolkoQ (76).mov,_skolko_q,70588,validation
P2_skolkoQ_0077_a7acf13b2acd,P2,skolkoQ,77,_skolko_q/P2_skolkoQ (77).mov,_skolko_q,70588,validation
P2_skolkoQ_0078_284bb2089ea3,P2,skolkoQ,78,_skolko_q/P2_skolkoQ (78).mov,_skolko_q,70588,validation
P2_skolkoQ_0079_5b58137c5696,P2,skolkoQ,79,_skolko_q/P2_skolkoQ (79).mov,_skolko_q,70588,validation
P2_skolkoQ_0008_5d28f3d716fc,P2,skolkoQ,8,_skolko_q/P2_skolkoQ (8).mov,_skolko_q,53075,validation
P2_skolkoQ_0080_b56dc4e13e1f,P2,skolkoQ,80,_skolko_q/P2_skolkoQ (80).mov,_skolko_q,70588,validation
P2_skolkoQ_0081_4530e6c8a591,P2,skolkoQ,81,_skolko_q/P2_skolkoQ (81).mov,_skolko_q,70588,validation
P2_skolkoQ_0082_500d95d51b23,P2,skolkoQ,82,_skolko_q/P2_skolkoQ (82).mov,_skolko_q,70588,validation
P2_skolkoQ_0083_82c1e8158dd9,P2,skolkoQ,83,_skolko_q/P2_skolkoQ (83).mov,_skolko_q,82213,validation
P2_skolkoQ_0084_6837c13b2a45,P2,skolkoQ,84,_skolko_q/P2_skolkoQ (84).mov,_skolko_q,82213,validation
P2_skolkoQ_0085_d0ca99069bb3,P2,skolkoQ,85,_skolko_q/P2_skolkoQ (85).mov,_skolko_q,82213,validation
P2_skolkoQ_0086_4ad3539ee709,P2,skolkoQ,86,_skolko_q/P2_skolkoQ (86).mov,_skolko_q,82213,validation
P2_skolkoQ_0087_487298ee69ec,P2,skolkoQ,87,_skolko_q/P2_skolkoQ (87).mov,_skolko_q,82213,validation
P2_skolkoQ_0088_f71c97dac303,P2,skolkoQ,88,_skolko_q/P2_skolkoQ (88).mov,_skolko_q,82213,validation
P2_skolkoQ_0089_47b06b735088,P2,skolkoQ,89,_skolko_q/P2_skolkoQ (89).mov,_skolko_q,82213,validation
P2_skolkoQ_0009_acd29f758740,P2,skolkoQ,9,_skolko_q/P2_skolkoQ (9).mov,_skolko_q,53075,validation
P2_skolkoQ_0090_df11a6e600c9,P2,skolkoQ,90,_skolko_q/P2_skolkoQ (90).mov,_skolko_q,82213,validation
P2_skolkoQ_0091_0dcbcf26a90b,P2,skolkoQ,91,_skolko_q/P2_skolkoQ (91).mov,_skolko_q,82213,validation
P2_skolkoQ_0092_b0671a2a70a2,P2,skolkoQ,92,_skolko_q/P2_skolkoQ (92).mov,_skolko_q,82213,validation
P2_skolkoQ_0093_50abc4f96d56,P2,skolkoQ,93,_skolko_q/P2_skolkoQ (93).mov,_skolko_q,82213,validation
P2_skolkoQ_0094_04c58925eca9,P2,skolkoQ,94,_skolko_q/P2_skolkoQ (94).mov,_skolko_q,82213,validation
P2_skolkoQ_0095_88909abc0945,P2,skolkoQ,95,_skolko_q/P2_skolkoQ (95).mov,_skolko_q,54062,validation
P2_skolkoQ_0096_12f11e33d8fd,P2,skolkoQ,96,_skolko_q/P2_skolkoQ (96).mov,_skolko_q,54062,validation
P2_skolkoQ_0097_e50c931ba68e,P2,skolkoQ,97,_skolko_q/P2_skolkoQ (97).mov,_skolko_q,54062,validation
P2_skolkoQ_0098_5e48c9d42274,P2,skolkoQ,98,_skolko_q/P2_skolkoQ (98).mov,_skolko_q,54062,validation
P2_skolkoQ_0099_661d3522698d,P2,skolkoQ,99,_skolko_q/P2_skolkoQ (99).mov,_skolko_q,54062,validation
P3_skolkoQ_0001_bd77f2f5fde7,P3,skolkoQ,1,_skolko_q/P3_skolkoQ (1).mov,_skolko_q,139125,train
P3_skolkoQ_0010_332c95c03239,P3,skolkoQ,10,_skolko_q/P3_skolkoQ (10).mov,_skolko_q,196125,train
P3_skolkoQ_0011_0b9b86bceae0,P3,skolkoQ,11,_skolko_q/P3_skolkoQ (11).mov,_skolko_q,187947,train
P3_skolkoQ_0012_01701f5a3dae,P3,skolkoQ,12,_skolko_q/P3_skolkoQ (12).mov,_skolko_q,187947,train
P3_skolkoQ_0013_1d349d80470b,P3,skolkoQ,13,_skolko_q/P3_skolkoQ (13).mov,_skolko_q,116256,train
P3_skolkoQ_0014_4431f12fef50,P3,skolkoQ,14,_skolko_q/P3_skolkoQ (14).mov,_skolko_q,101464,train
P3_skolkoQ_0015_6c72b7fbe215,P3,skolkoQ,15,_skolko_q/P3_skolkoQ (15).mov,_skolko_q,101464,train
P3_skolkoQ_0016_d20bd6dc81ba,P3,skolkoQ,16,_skolko_q/P3_skolkoQ (16).mov,_skolko_q,158128,train
P3_skolkoQ_0017_e6703bc76b46,P3,skolkoQ,17,_skolko_q/P3_skolkoQ (17).mov,_skolko_q,241089,train
P3_skolkoQ_0018_9b8bda7e2817,P3,skolkoQ,18,_skolko_q/P3_skolkoQ (18).mov,_skolko_q,182154,train
P3_skolkoQ_0019_c223143d405d,P3,skolkoQ,19,_skolko_q/P3_skolkoQ (19).mov,_skolko_q,204775,train
P3_skolkoQ_0002_5e68a017888a,P3,skolkoQ,2,_skolko_q/P3_skolkoQ (2).mov,_skolko_q,163829,train
P3_skolkoQ_0020_ec66f21a9c89,P3,skolkoQ,20,_skolko_q/P3_skolkoQ (20).mov,_skolko_q,171614,train
P3_skolkoQ_0021_759eba18f0ed,P3,skolkoQ,21,_skolko_q/P3_skolkoQ (21).mov,_skolko_q,183712,train
P3_skolkoQ_0022_c03624bc6525,P3,skolkoQ,22,_skolko_q/P3_skolkoQ (22).mov,_skolko_q,223317,train
P3_skolkoQ_0023_e08709096484,P3,skolkoQ,23,_skolko_q/P3_skolkoQ (23).mov,_skolko_q,159518,train
P3_skolkoQ_0024_b3ae771ad8a3,P3,skolkoQ,24,_skolko_q/P3_skolkoQ (24).mov,_skolko_q,190864,train
P3_skolkoQ_0025_9e8287c0823a,P3,skolkoQ,25,_skolko_q/P3_skolkoQ (25).mov,_skolko_q,180093,train
P3_skolkoQ_0026_e903ce5bc41d,P3,skolkoQ,26,_skolko_q/P3_skolkoQ (26).mov,_skolko_q,136479,train
P3_skolkoQ_0027_48f6a3f306cb,P3,skolkoQ,27,_skolko_q/P3_skolkoQ (27).mov,_skolko_q,180672,train
P3_skolkoQ_0028_cf78c3dc1b53,P3,skolkoQ,28,_skolko_q/P3_skolkoQ (28).mov,_skolko_q,139068,train
P3_skolkoQ_0029_0515c522ca7e,P3,skolkoQ,29,_skolko_q/P3_skolkoQ (29).mov,_skolko_q,214787,train
P3_skolkoQ_0003_b28bc158673e,P3,skolkoQ,3,_skolko_q/P3_skolkoQ (3).mov,_skolko_q,81135,train
P3_skolkoQ_0030_d6decb2e91b6,P3,skolkoQ,30,_skolko_q/P3_skolkoQ (30).mov,_skolko_q,181159,train
P3_skolkoQ_0031_c605695df3b2,P3,skolkoQ,31,_skolko_q/P3_skolkoQ (31).mov,_skolko_q,180344,train
P3_skolkoQ_0032_00c550579c4d,P3,skolkoQ,32,_skolko_q/P3_skolkoQ (32).mov,_skolko_q,201283,train
P3_skolkoQ_0033_e04737394266,P3,skolkoQ,33,_skolko_q/P3_skolkoQ (33).mov,_skolko_q,117191,train
P3_skolkoQ_0034_d3ad4f10a485,P3,skolkoQ,34,_skolko_q/P3_skolkoQ (34).mov,_skolko_q,143748,train
P3_skolkoQ_0035_92ac9e260e3e,P3,skolkoQ,35,_skolko_q/P3_skolkoQ (35).mov,_skolko_q,163086,train
P3_skolkoQ_0036_948a09304b8e,P3,skolkoQ,36,_skolko_q/P3_skolkoQ (36).mov,_skolko_q,123453,train
P3_skolkoQ_0037_e7a8f3010ab1,P3,skolkoQ,37,_skolko_q/P3_skolkoQ (37).mov,_skolko_q,162175,train
P3_skolkoQ_0038_c130525fb12e,P3,skolkoQ,38,_skolko_q/P3_skolkoQ (38).mov,_skolko_q,98727,train
P3_skolkoQ_0039_2ece022adcab,P3,skolkoQ,39,_skolko_q/P3_skolkoQ (39).mov,_skolko_q,140735,train
P3_skolkoQ_0004_e3e873b3d1c2,P3,skolkoQ,4,_skolko_q/P3_skolkoQ (4).mov,_skolko_q,151361,train
P3_skolkoQ_0040_5a6d34dfba29,P3,skolkoQ,40,_skolko_q/P3_skolkoQ (40).mov,_skolko_q,143394,train
P3_skolkoQ_0005_11703f224641,P3,skolkoQ,5,_skolko_q/P3_skolkoQ (5).mov,_skolko_q,139334,train
P3_skolkoQ_0006_1739b2452537,P3,skolkoQ,6,_skolko_q/P3_skolkoQ (6).mov,_skolko_q,120230,train
P3_skolkoQ_0007_bb2bfdda3b54,P3,skolkoQ,7,_skolko_q/P3_skolkoQ (7).mov,_skolko_q,161990,train
P3_skolkoQ_0008_02d7887df905,P3,skolkoQ,8,_skolko_q/P3_skolkoQ (8).mov,_skolko_q,177343,train
P3_skolkoQ_0009_b068617ed8ba,P3,skolkoQ,9,_skolko_q/P3_skolkoQ (9).mov,_skolko_q,142858,train
P4_skolkoQ_0001_27e56000693b,P4,skolkoQ,1,_skolko_q/P4_skolkoQ (1).mov,_skolko_q,70407,train
P4_skolkoQ_0010_338dccf29599,P4,skolkoQ,10,_skolko_q/P4_skolkoQ (10).mov,_skolko_q,209477,train
P4_skolkoQ_0011_85c04bf04c6f,P4,skolkoQ,11,_skolko_q/P4_skolkoQ (11).mov,_skolko_q,244487,train
P4_skolkoQ_0012_d37f98ce0672,P4,skolkoQ,12,_skolko_q/P4_skolkoQ (12).mov,_skolko_q,337474,train
P4_skolkoQ_0013_75152fcb7f94,P4,skolkoQ,13,_skolko_q/P4_skolkoQ (13).mov,_skolko_q,218185,train
P4_skolkoQ_0014_1a21fcad248c,P4,skolkoQ,14,_skolko_q/P4_skolkoQ (14).mov,_skolko_q,277812,train
P4_skolkoQ_0015_1fd47bb715b3,P4,skolkoQ,15,_skolko_q/P4_skolkoQ (15).mov,_skolko_q,247884,train
P4_skolkoQ_0016_25c77652c906,P4,skolkoQ,16,_skolko_q/P4_skolkoQ (16).mov,_skolko_q,130761,train
P4_skolkoQ_0017_842fb0c89dcf,P4,skolkoQ,17,_skolko_q/P4_skolkoQ (17).mov,_skolko_q,198829,train
P4_skolkoQ_0018_5bc3741e4d7c,P4,skolkoQ,18,_skolko_q/P4_skolkoQ (18).mov,_skolko_q,148577,train
P4_skolkoQ_0019_6ac6604d1760,P4,skolkoQ,19,_skolko_q/P4_skolkoQ (19).mov,_skolko_q,107847,train
P4_skolkoQ_0002_61b497dc33dc,P4,skolkoQ,2,_skolko_q/P4_skolkoQ (2).mov,_skolko_q,64254,train
P4_skolkoQ_0020_588c1cb6b71b,P4,skolkoQ,20,_skolko_q/P4_skolkoQ (20).mov,_skolko_q,149152,train
P4_skolkoQ_0021_b706a6ad6dfb,P4,skolkoQ,21,_skolko_q/P4_skolkoQ (21).mov,_skolko_q,104767,train
P4_skolkoQ_0022_4f78467c48d7,P4,skolkoQ,22,_skolko_q/P4_skolkoQ (22).mov,_skolko_q,185400,train
P4_skolkoQ_0023_a1b44dda88ee,P4,skolkoQ,23,_skolko_q/P4_skolkoQ (23).mov,_skolko_q,250644,train
P4_skolkoQ_0024_e137613233df,P4,skolkoQ,24,_skolko_q/P4_skolkoQ (24).mov,_skolko_q,168031,train
P4_skolkoQ_0025_23a671c559cc,P4,skolkoQ,25,_skolko_q/P4_skolkoQ (25).mov,_skolko_q,223618,train
P4_skolkoQ_0026_f200f55f54bb,P4,skolkoQ,26,_skolko_q/P4_skolkoQ (26).mov,_skolko_q,166871,train
P4_skolkoQ_0027_5166fb45c5f7,P4,skolkoQ,27,_skolko_q/P4_skolkoQ (27).mov,_skolko_q,150085,train
P4_skolkoQ_0028_2a3560dcb68e,P4,skolkoQ,28,_skolko_q/P4_skolkoQ (28).mov,_skolko_q,171238,train
P4_skolkoQ_0029_7b1826e375a9,P4,skolkoQ,29,_skolko_q/P4_skolkoQ (29).mov,_skolko_q,127812,train
P4_skolkoQ_0003_0a905ed8c286,P4,skolkoQ,3,_skolko_q/P4_skolkoQ (3).mov,_skolko_q,63497,train
P4_skolkoQ_0030_00f7c72ca298,P4,skolkoQ,30,_skolko_q/P4_skolkoQ (30).mov,_skolko_q,127812,train
P4_skolkoQ_0031_1451f1f8706e,P4,skolkoQ,31,_skolko_q/P4_skolkoQ (31).mov,_skolko_q,127529,train
P4_skolkoQ_0032_452623cd5725,P4,skolkoQ,32,_skolko_q/P4_skolkoQ (32).mov,_skolko_q,146263,train
P4_skolkoQ_0033_5344f32f8fb0,P4,skolkoQ,33,_skolko_q/P4_skolkoQ (33).mov,_skolko_q,182288,train
P4_skolkoQ_0034_cb436acf8bf7,P4,skolkoQ,34,_skolko_q/P4_skolkoQ (34).mov,_skolko_q,213769,train
P4_skolkoQ_0035_c6f7b4032c60,P4,skolkoQ,35,_skolko_q/P4_skolkoQ (35).mov,_skolko_q,180447,train
P4_skolkoQ_0036_e088c5fa8241,P4,skolkoQ,36,_skolko_q/P4_skolkoQ (36).mov,_skolko_q,84961,train
P4_skolkoQ_0037_ca9c4a240f80,P4,skolkoQ,37,_skolko_q/P4_skolkoQ (37).mov,_skolko_q,111454,train
P4_skolkoQ_0038_f96a4944c94e,P4,skolkoQ,38,_skolko_q/P4_skolkoQ (38).mov,_skolko_q,87440,train
P4_skolkoQ_0039_e10c88b4bd53,P4,skolkoQ,39,_skolko_q/P4_skolkoQ (39).mov,_skolko_q,106870,train
P4_skolkoQ_0004_283f48bb6b9f,P4,skolkoQ,4,_skolko_q/P4_skolkoQ (4).mov,_skolko_q,188045,train
P4_skolkoQ_0040_923674ae9f85,P4,skolkoQ,40,_skolko_q/P4_skolkoQ (40).mov,_skolko_q,76280,train
P4_skolkoQ_0005_2d87ce59f9a0,P4,skolkoQ,5,_skolko_q/P4_skolkoQ (5).mov,_skolko_q,182224,train
P4_skolkoQ_0006_3ca07280f868,P4,skolkoQ,6,_skolko_q/P4_skolkoQ (6).mov,_skolko_q,198415,train
P4_skolkoQ_0007_f73492408d91,P4,skolkoQ,7,_skolko_q/P4_skolkoQ (7).mov,_skolko_q,128086,train
P4_skolkoQ_0008_866127cd5e5a,P4,skolkoQ,8,_skolko_q/P4_skolkoQ (8).mov,_skolko_q,212705,train
P4_skolkoQ_0009_8bd5e5aa8e4a,P4,skolkoQ,9,_skolko_q/P4_skolkoQ (9).mov,_skolko_q,251592,train
P5_skolkoQ_0001_360a1ce6011d,P5,skolkoQ,1,_skolko_q/P5_skolkoQ (1).mov,_skolko_q,129347,train
P5_skolkoQ_0039_e4198744e9d6,P5,skolkoQ,39,_skolko_q/P5_skolkoQ (39).mov,_skolko_q,181564,train
P5_skolkoQ_0040_c978f3a683e3,P5,skolkoQ,40,_skolko_q/P5_skolkoQ (40).mov,_skolko_q,89420,train
P5_skolkoQ_0041_abba3386cb4b,P5,skolkoQ,41,_skolko_q/P5_skolkoQ (41).mov,_skolko_q,124710,train
P5_skolkoQ_0042_12b2d4d24955,P5,skolkoQ,42,_skolko_q/P5_skolkoQ (42).mov,_skolko_q,82074,train
P5_skolkoQ_0043_0f6f6c98303a,P5,skolkoQ,43,_skolko_q/P5_skolkoQ (43).mov,_skolko_q,106116,train
P5_skolkoQ_0044_8f499f4d6251,P5,skolkoQ,44,_skolko_q/P5_skolkoQ (44).mov,_skolko_q,121579,train
P5_skolkoQ_0045_9282edfd9a93,P5,skolkoQ,45,_skolko_q/P5_skolkoQ (45).mov,_skolko_q,143128,train
P5_skolkoQ_0046_e6c6a55a4b3d,P5,skolkoQ,46,_skolko_q/P5_skolkoQ (46).mov,_skolko_q,99567,train
P5_skolkoQ_0047_6ef2410b93d3,P5,skolkoQ,47,_skolko_q/P5_skolkoQ (47).mov,_skolko_q,103270,train
P5_skolkoQ_0048_af98bd4f0716,P5,skolkoQ,48,_skolko_q/P5_skolkoQ (48).mov,_skolko_q,126213,train
P5_skolkoQ_0049_1092f2192953,P5,skolkoQ,49,_skolko_q/P5_skolkoQ (49).mov,_skolko_q,130224,train
P5_skolkoQ_0050_ef69db625e02,P5,skolkoQ,50,_skolko_q/P5_skolkoQ (50).mov,_skolko_q,149481,train
P5_skolkoQ_0051_cbd85d360377,P5,skolkoQ,51,_skolko_q/P5_skolkoQ (51).mov,_skolko_q,177758,train
P5_skolkoQ_0052_533618eb1d08,P5,skolkoQ,52,_skolko_q/P5_skolkoQ (52).mov,_skolko_q,217114,train
P5_skolkoQ_0053_4070604f05ad,P5,skolkoQ,53,_skolko_q/P5_skolkoQ (53).mov,_skolko_q,146693,train
P5_skolkoQ_0054_e3f740c27be8,P5,skolkoQ,54,_skolko_q/P5_skolkoQ (54).mov,_skolko_q,146693,train
P5_skolkoQ_0055_8cc624be3ff3,P5,skolkoQ,55,_skolko_q/P5_skolkoQ (55).mov,_skolko_q,122490,train
P5_skolkoQ_0056_52c8518041c1,P5,skolkoQ,56,_skolko_q/P5_skolkoQ (56).mov,_skolko_q,125812,train
P5_skolkoQ_0057_3e2cf441b301,P5,skolkoQ,57,_skolko_q/P5_skolkoQ (57).mov,_skolko_q,149586,train
P5_skolkoQ_0058_f85b08753ed2,P5,skolkoQ,58,_skolko_q/P5_skolkoQ (58).mov,_skolko_q,144457,train
P5_skolkoQ_0059_f5ac18765a93,P5,skolkoQ,59,_skolko_q/P5_skolkoQ (59).mov,_skolko_q,193552,train
P5_skolkoQ_0060_3d1e7f1cd1c1,P5,skolkoQ,60,_skolko_q/P5_skolkoQ (60).mov,_skolko_q,163420,train
P5_skolkoQ_0061_a9c5327b66bb,P5,skolkoQ,61,_skolko_q/P5_skolkoQ (61).mov,_skolko_q,159326,train
P5_skolkoQ_0062_a73feac3fdf5,P5,skolkoQ,62,_skolko_q/P5_skolkoQ (62).mov,_skolko_q,148553,train
P5_skolkoQ_0063_e0ac4ae8ab74,P5,skolkoQ,63,_skolko_q/P5_skolkoQ (63).mov,_skolko_q,153746,train
P5_skolkoQ_0064_633d1f77a166,P5,skolkoQ,64,_skolko_q/P5_skolkoQ (64).mov,_skolko_q,177302,train
P5_skolkoQ_0065_484722cc126c,P5,skolkoQ,65,_skolko_q/P5_skolkoQ (65).mov,_skolko_q,173451,train
P5_skolkoQ_0066_44e28f6dbf91,P5,skolkoQ,66,_skolko_q/P5_skolkoQ (66).mov,_skolko_q,174202,train
P5_skolkoQ_0067_50d816ed1b9d,P5,skolkoQ,67,_skolko_q/P5_skolkoQ (67).mov,_skolko_q,105619,train
P5_skolkoQ_0068_e7b055982d2c,P5,skolkoQ,68,_skolko_q/P5_skolkoQ (68).mov,_skolko_q,163900,train
P5_skolkoQ_0069_0aac192b7b88,P5,skolkoQ,69,_skolko_q/P5_skolkoQ (69).mov,_skolko_q,105395,train
P5_skolkoQ_0070_4a066a53a591,P5,skolkoQ,70,_skolko_q/P5_skolkoQ (70).mov,_skolko_q,136397,train
P5_skolkoQ_0071_2aa7c1205f7e,P5,skolkoQ,71,_skolko_q/P5_skolkoQ (71).mov,_skolko_q,152656,train
P5_skolkoQ_0072_d3e5095d1180,P5,skolkoQ,72,_skolko_q/P5_skolkoQ (72).mov,_skolko_q,108775,train
P5_skolkoQ_0073_7d02bafa440b,P5,skolkoQ,73,_skolko_q/P5_skolkoQ (73).mov,_skolko_q,84109,train
P5_skolkoQ_0074_617c893f444b,P5,skolkoQ,74,_skolko_q/P5_skolkoQ (74).mov,_skolko_q,129496,train
P5_skolkoQ_0075_201431caebbb,P5,skolkoQ,75,_skolko_q/P5_skolkoQ (75).mov,_skolko_q,89649,train
P5_skolkoQ_0076_c379d8f9d375,P5,skolkoQ,76,_skolko_q/P5_skolkoQ (76).mov,_skolko_q,89649,train
P5_skolkoQ_0077_abb5613ca465,P5,skolkoQ,77,_skolko_q/P5_skolkoQ (77).mov,_skolko_q,107437,train
P1_what_0001_760359b3eb15,P1,what,1,_what/P1_what (1).mov,_what,97443,test
P1_what_0010_1801d20b718a,P1,what,10,_what/P1_what (10).mov,_what,112720,test
P1_what_0011_d5af3f1082a4,P1,what,11,_what/P1_what (11).mov,_what,99563,test
P1_what_0012_b04f35e2192f,P1,what,12,_what/P1_what (12).mov,_what,112731,test
P1_what_0013_8c44cd19c618,P1,what,13,_what/P1_what (13).mov,_what,77173,test
P1_what_0014_444c64df5fc6,P1,what,14,_what/P1_what (14).mov,_what,106538,test
P1_what_0015_f8a066215b22,P1,what,15,_what/P1_what (15).mov,_what,88807,test
P1_what_0016_1ba4335a5ac7,P1,what,16,_what/P1_what (16).mov,_what,90780,test
P1_what_0017_d091ca116032,P1,what,17,_what/P1_what (17).mov,_what,85407,test
P1_what_0018_1d366b2a15ec,P1,what,18,_what/P1_what (18).mov,_what,93485,test
P1_what_0019_6a588bea5756,P1,what,19,_what/P1_what (19).mov,_what,90368,test
P1_what_0002_a12fd165f19a,P1,what,2,_what/P1_what (2).mov,_what,103952,test
P1_what_0020_cad5559c3869,P1,what,20,_what/P1_what (20).mov,_what,99046,test
P1_what_0021_dc3c149c4760,P1,what,21,_what/P1_what (21).mov,_what,74732,test
P1_what_0022_0c16ae8699f8,P1,what,22,_what/P1_what (22).mov,_what,88332,test
P1_what_0023_7a491ef9467e,P1,what,23,_what/P1_what (23).mov,_what,107048,test
P1_what_0024_76f29210c974,P1,what,24,_what/P1_what (24).mov,_what,80504,test
P1_what_0025_b3ac1b0a8bbb,P1,what,25,_what/P1_what (25).mov,_what,99114,test
P1_what_0026_23d3b1eb96a9,P1,what,26,_what/P1_what (26).mov,_what,95609,test
P1_what_0027_0ec0ace9d324,P1,what,27,_what/P1_what (27).mov,_what,85285,test
P1_what_0028_50ed30c7bd84,P1,what,28,_what/P1_what (28).mov,_what,100990,test
P1_what_0029_d51388dcd168,P1,what,29,_what/P1_what (29).mov,_what,100608,test
P1_what_0003_a07e1ad073d5,P1,what,3,_what/P1_what (3).mov,_what,84311,test
P1_what_0030_fc09c330c26e,P1,what,30,_what/P1_what (30).mov,_what,99940,test
P1_what_0031_6a9ce53f364b,P1,what,31,_what/P1_what (31).mov,_what,81291,test
P1_what_0032_00c512804a3f,P1,what,32,_what/P1_what (32).mov,_what,100012,test
P1_what_0033_d8fff5f77372,P1,what,33,_what/P1_what (33).mov,_what,95515,test
P1_what_0034_697099c74090,P1,what,34,_what/P1_what (34).mov,_what,96093,test
P1_what_0035_eff3c131b895,P1,what,35,_what/P1_what (35).mov,_what,97740,test
P1_what_0036_395a837e9536,P1,what,36,_what/P1_what (36).mov,_what,102569,test
P1_what_0037_d3025ec90e1b,P1,what,37,_what/P1_what (37).mov,_what,89136,test
P1_what_0038_c57e0c11426f,P1,what,38,_what/P1_what (38).mov,_what,99056,test
P1_what_0039_4dc2d3ad43df,P1,what,39,_what/P1_what (39).mov,_what,108463,test
P1_what_0004_8601db63a4b4,P1,what,4,_what/P1_what (4).mov,_what,99349,test
P1_what_0040_6185651cc54c,P1,what,40,_what/P1_what (40).mov,_what,75060,test
P1_what_0041_1d837c2428f6,P1,what,41,_what/P1_what (41).mov,_what,76518,test
P1_what_0005_1ae2e7a7e63c,P1,what,5,_what/P1_what (5).mov,_what,88551,test
P1_what_0006_a3e873bd2e59,P1,what,6,_what/P1_what (6).mov,_what,79187,test
P1_what_0007_6d7daaba7397,P1,what,7,_what/P1_what (7).mov,_what,92242,test
P1_what_0008_7e55c9fb96a9,P1,what,8,_what/P1_what (8).mov,_what,90960,test
P1_what_0009_f222d126516d,P1,what,9,_what/P1_what (9).mov,_what,58431,test
P2_what_0001_6895481f412f,P2,what,1,_what/P2_what (1).mov,_what,90727,validation
P2_what_0010_329cff3c6f3b,P2,what,10,_what/P2_what (10).mov,_what,64143,validation
P2_what_0011_3bb4322b2366,P2,what,11,_what/P2_what (11).mov,_what,64143,validation
P2_what_0012_5e62cdf05d23,P2,what,12,_what/P2_what (12).mov,_what,64143,validation
P2_what_0013_7debb8068884,P2,what,13,_what/P2_what (13).mov,_what,64143,validation
P2_what_0014_e662ef010fb7,P2,what,14,_what/P2_what (14).mov,_what,64143,validation
P2_what_0015_13f71a567c08,P2,what,15,_what/P2_what (15).mov,_what,64143,validation
P2_what_0016_2e83f8bb9380,P2,what,16,_what/P2_what (16).mov,_what,98612,validation
P2_what_0017_5f70065d9918,P2,what,17,_what/P2_what (17).mov,_what,98612,validation
P2_what_0018_b1b04ace0498,P2,what,18,_what/P2_what (18).mov,_what,98612,validation
P2_what_0019_15fba00d7ad9,P2,what,19,_what/P2_what (19).mov,_what,98612,validation
P2_what_0002_784aa3520a7a,P2,what,2,_what/P2_what (2).mov,_what,90727,validation
P2_what_0020_a75f216cd9d2,P2,what,20,_what/P2_what (20).mov,_what,98612,validation
P2_what_0021_3c470d907dbe,P2,what,21,_what/P2_what (21).mov,_what,98612,validation
P2_what_0022_d9417c9982a9,P2,what,22,_what/P2_what (22).mov,_what,98612,validation
P2_what_0023_fcf39dbc6a68,P2,what,23,_what/P2_what (23).mov,_what,98612,validation
P2_what_0024_7238cb3039d2,P2,what,24,_what/P2_what (24).mov,_what,98612,validation
P2_what_0025_ac6e9067fb98,P2,what,25,_what/P2_what (25).mov,_what,98612,validation
P2_what_0026_87113a3865a2,P2,what,26,_what/P2_what (26).mov,_what,98612,validation
P2_what_0027_b7cf035945bb,P2,what,27,_what/P2_what (27).mov,_what,98612,validation
P2_what_0028_77f7940daab0,P2,what,28,_what/P2_what (28).mov,_what,98612,validation
P2_what_0029_4e553a1be7bb,P2,what,29,_what/P2_what (29).mov,_what,63030,validation
P2_what_0003_a028f1a458d5,P2,what,3,_what/P2_what (3).mov,_what,90727,validation
P2_what_0030_382e14d3e50c,P2,what,30,_what/P2_what (30).mov,_what,63030,validation
P2_what_0031_9ea72e291b6c,P2,what,31,_what/P2_what (31).mov,_what,63030,validation
P2_what_0032_8520c4481b19,P2,what,32,_what/P2_what (32).mov,_what,63030,validation
P2_what_0033_49c84b616985,P2,what,33,_what/P2_what (33).mov,_what,63030,validation
P2_what_0034_0b6e4b34c81d,P2,what,34,_what/P2_what (34).mov,_what,63030,validation
P2_what_0035_d1e26550f827,P2,what,35,_what/P2_what (35).mov,_what,63030,validation
P2_what_0036_f0685bb5b840,P2,what,36,_what/P2_what (36).mov,_what,63030,validation
P2_what_0037_b0d5b17d83ce,P2,what,37,_what/P2_what (37).mov,_what,63030,validation
P2_what_0038_4833f959fa6e,P2,what,38,_what/P2_what (38).mov,_what,63030,validation
P2_what_0039_6ed5fe25ff19,P2,what,39,_what/P2_what (39).mov,_what,63030,validation
P2_what_0004_0dd4faa4ae5b,P2,what,4,_what/P2_what (4).mov,_what,90727,validation
P2_what_0040_a7f97a61ea64,P2,what,40,_what/P2_what (40).mov,_what,63030,validation
P2_what_0041_6780834c3872,P2,what,41,_what/P2_what (41).mov,_what,63030,validation
P2_what_0042_82d0b28ace10,P2,what,42,_what/P2_what (42).mov,_what,63030,validation
P2_what_0043_f739de309789,P2,what,43,_what/P2_what (43).mov,_what,87303,validation
P2_what_0044_1117a30a56e8,P2,what,44,_what/P2_what (44).mov,_what,87303,validation
P2_what_0045_baeb0e2bf98d,P2,what,45,_what/P2_what (45).mov,_what,87303,validation
P2_what_0046_9a5f33c28527,P2,what,46,_what/P2_what (46).mov,_what,87303,validation
P2_what_0047_722f22ef459f,P2,what,47,_what/P2_what (47).mov,_what,87303,validation
P2_what_0048_237246867b91,P2,what,48,_what/P2_what (48).mov,_what,88356,validation
P2_what_0049_dc74b7d46df2,P2,what,49,_what/P2_what (49).mov,_what,87303,validation
P2_what_0005_7b1ee18c7ea6,P2,what,5,_what/P2_what (5).mov,_what,64143,validation
P2_what_0050_a3e3ff39b6ed,P2,what,50,_what/P2_what (50).mov,_what,87303,validation
P2_what_0051_9166d69ced84,P2,what,51,_what/P2_what (51).mov,_what,87303,validation
P2_what_0052_5fb20d77a931,P2,what,52,_what/P2_what (52).mov,_what,87303,validation
P2_what_0053_28d9e6db5df1,P2,what,53,_what/P2_what (53).mov,_what,87303,validation
P2_what_0054_5622455bd89d,P2,what,54,_what/P2_what (54).mov,_what,87303,validation
P2_what_0055_7839909ea749,P2,what,55,_what/P2_what (55).mov,_what,93762,validation
P2_what_0056_a5cb8387feb3,P2,what,56,_what/P2_what (56).mov,_what,93762,validation
P2_what_0057_b68e58d58e43,P2,what,57,_what/P2_what (57).mov,_what,93762,validation
P2_what_0058_93a69443ebe8,P2,what,58,_what/P2_what (58).mov,_what,93762,validation
P2_what_0059_b3ba219c1243,P2,what,59,_what/P2_what (59).mov,_what,93762,validation
P2_what_0006_594de358b337,P2,what,6,_what/P2_what (6).mov,_what,64143,validation
P2_what_0060_fe62b7020ca4,P2,what,60,_what/P2_what (60).mov,_what,93762,validation
P2_what_0061_0ff38d64809b,P2,what,61,_what/P2_what (61).mov,_what,90704,validation
P2_what_0062_799719146fdd,P2,what,62,_what/P2_what (62).mov,_what,90704,validation
P2_what_0063_de6704cadac1,P2,what,63,_what/P2_what (63).mov,_what,90704,validation
P2_what_0064_c5eb805b24d2,P2,what,64,_what/P2_what (64).mov,_what,90704,validation
P2_what_0065_97a4621e54a3,P2,what,65,_what/P2_what (65).mov,_what,90704,validation
P2_what_0066_680f089d6108,P2,what,66,_what/P2_what (66).mov,_what,90704,validation
P2_what_0067_6e4a008521ca,P2,what,67,_what/P2_what (67).mov,_what,90704,validation
P2_what_0068_0adb9437c9b8,P2,what,68,_what/P2_what (68).mov,_what,90704,validation
P2_what_0069_8bfa6b46d81d,P2,what,69,_what/P2_what (69).mov,_what,90704,validation
P2_what_0007_6494fa85b083,P2,what,7,_what/P2_what (7).mov,_what,64143,validation
P2_what_0070_e8bbc6ab36a6,P2,what,70,_what/P2_what (70).mov,_what,90704,validation
P2_what_0071_4661a1508aa2,P2,what,71,_what/P2_what (71).mov,_what,90704,validation
P2_what_0072_634771c5153d,P2,what,72,_what/P2_what (72).mov,_what,90704,validation
P2_what_0073_bdda4c953303,P2,what,73,_what/P2_what (73).mov,_what,65037,validation
P2_what_0074_4e38849492de,P2,what,74,_what/P2_what (74).mov,_what,65037,validation
P2_what_0075_b5ca587e932a,P2,what,75,_what/P2_what (75).mov,_what,65037,validation
P2_what_0076_5651f3e53b92,P2,what,76,_what/P2_what (76).mov,_what,65037,validation
P2_what_0077_6dd10372d6b7,P2,what,77,_what/P2_what (77).mov,_what,65037,validation
P2_what_0078_a3f7834b0b32,P2,what,78,_what/P2_what (78).mov,_what,65037,validation
P2_what_0079_0a2cee942cff,P2,what,79,_what/P2_what (79).mov,_what,65037,validation
P2_what_0008_3ff7d7ebbf36,P2,what,8,_what/P2_what (8).mov,_what,64143,validation
P2_what_0080_60f2fd325023,P2,what,80,_what/P2_what (80).mov,_what,65037,validation
P2_what_0081_1fdd2ef527b9,P2,what,81,_what/P2_what (81).mov,_what,65037,validation
P2_what_0082_1c66a6906d45,P2,what,82,_what/P2_what (82).mov,_what,65037,validation
P2_what_0083_76e411232a26,P2,what,83,_what/P2_what (83).mov,_what,65037,validation
P2_what_0084_8c23b3a7d367,P2,what,84,_what/P2_what (84).mov,_what,94096,validation
P2_what_0085_34701e72c314,P2,what,85,_what/P2_what (85).mov,_what,94096,validation
P2_what_0086_e77f04d34e0c,P2,what,86,_what/P2_what (86).mov,_what,94096,validation
P2_what_0087_a417cff0ce3c,P2,what,87,_what/P2_what (87).mov,_what,98406,validation
P2_what_0088_e14e8003aa52,P2,what,88,_what/P2_what (88).mov,_what,98406,validation
P2_what_0089_2bfff55e12f3,P2,what,89,_what/P2_what (89).mov,_what,98406,validation
P2_what_0009_8a3d32fa6b27,P2,what,9,_what/P2_what (9).mov,_what,64143,validation
P2_what_0090_be8b5022ba53,P2,what,90,_what/P2_what (90).mov,_what,98406,validation
P2_what_0091_b27cd6f4ddfc,P2,what,91,_what/P2_what (91).mov,_what,98406,validation
P2_what_0092_7160cc6648b4,P2,what,92,_what/P2_what (92).mov,_what,90704,validation
P2_what_0093_955992f2e3b9,P2,what,93,_what/P2_what (93).mov,_what,90704,validation
P2_what_0094_7b3ab5acd577,P2,what,94,_what/P2_what (94).mov,_what,90704,validation
P2_what_0095_d01ae9824668,P2,what,95,_what/P2_what (95).mov,_what,90704,validation
P2_what_0096_ceae672b772f,P2,what,96,_what/P2_what (96).mov,_what,90704,validation
P2_what_0097_deb97e3f260c,P2,what,97,_what/P2_what (97).mov,_what,90704,validation
P2_what_0098_7d83297815f1,P2,what,98,_what/P2_what (98).mov,_what,90727,validation
P2_what_0099_b897cc47aef8,P2,what,99,_what/P2_what (99).mov,_what,90727,validation
P3_what_0001_c69daa0e5009,P3,what,1,_what/P3_what (1).mov,_what,88103,train
P3_what_0010_ef0234b40eb1,P3,what,10,_what/P3_what (10).mov,_what,54016,train
P3_what_0011_84087e120fd3,P3,what,11,_what/P3_what (11).mov,_what,61025,train
P3_what_0012_ab1b7119b4fd,P3,what,12,_what/P3_what (12).mov,_what,54910,train
P3_what_0013_57fc368ae51c,P3,what,13,_what/P3_what (13).mov,_what,77480,train
P3_what_0014_220756554040,P3,what,14,_what/P3_what (14).mov,_what,73977,train
P3_what_0015_1c855bda2fe9,P3,what,15,_what/P3_what (15).mov,_what,58662,train
P3_what_0016_d6ae249bc6be,P3,what,16,_what/P3_what (16).mov,_what,58662,train
P3_what_0017_10727f4cbddb,P3,what,17,_what/P3_what (17).mov,_what,59320,train
P3_what_0018_9f1667772086,P3,what,18,_what/P3_what (18).mov,_what,59573,train
P3_what_0019_e54e80de5a38,P3,what,19,_what/P3_what (19).mov,_what,62519,train
P3_what_0002_c8dc9f97248f,P3,what,2,_what/P3_what (2).mov,_what,73309,train
P3_what_0020_0f610ec86a15,P3,what,20,_what/P3_what (20).mov,_what,85788,train
P3_what_0021_673166fde246,P3,what,21,_what/P3_what (21).mov,_what,61822,train
P3_what_0022_e23ca167ae52,P3,what,22,_what/P3_what (22).mov,_what,88432,train
P3_what_0023_b28f7975f0d1,P3,what,23,_what/P3_what (23).mov,_what,90588,train
P3_what_0024_86f99406a5c4,P3,what,24,_what/P3_what (24).mov,_what,101380,train
P3_what_0025_61e3956f81f2,P3,what,25,_what/P3_what (25).mov,_what,76639,train
P3_what_0026_829fe899fdad,P3,what,26,_what/P3_what (26).mov,_what,77321,train
P3_what_0027_557258515f09,P3,what,27,_what/P3_what (27).mov,_what,71346,train
P3_what_0028_449427d21d97,P3,what,28,_what/P3_what (28).mov,_what,46894,train
P3_what_0029_bced5d279160,P3,what,29,_what/P3_what (29).mov,_what,47398,train
P3_what_0003_29d501e3b3a6,P3,what,3,_what/P3_what (3).mov,_what,74579,train
P3_what_0030_ba4618be083f,P3,what,30,_what/P3_what (30).mov,_what,40712,train
P3_what_0031_bf93c9eb4458,P3,what,31,_what/P3_what (31).mov,_what,90093,train
P3_what_0032_be2d7ee7960e,P3,what,32,_what/P3_what (32).mov,_what,47849,train
P3_what_0033_33c7c3f55c39,P3,what,33,_what/P3_what (33).mov,_what,71877,train
P3_what_0034_f1af9f50cffc,P3,what,34,_what/P3_what (34).mov,_what,69161,train
P3_what_0035_e6e7dab548cd,P3,what,35,_what/P3_what (35).mov,_what,83443,train
P3_what_0036_d8a36828501b,P3,what,36,_what/P3_what (36).mov,_what,100890,train
P3_what_0037_61243e594eca,P3,what,37,_what/P3_what (37).mov,_what,101574,train
P3_what_0038_b068eba6ce43,P3,what,38,_what/P3_what (38).mov,_what,67357,train
P3_what_0039_3d2b94eb5853,P3,what,39,_what/P3_what (39).mov,_what,74504,train
P3_what_0004_97f59e55348b,P3,what,4,_what/P3_what (4).mov,_what,73439,train
P3_what_0040_124c1175c9b8,P3,what,40,_what/P3_what (40).mov,_what,64140,train
P3_what_0005_440653f560d1,P3,what,5,_what/P3_what (5).mov,_what,90521,train
P3_what_0006_024e2165933f,P3,what,6,_what/P3_what (6).mov,_what,40716,train
P3_what_0007_e65dc18d8c0e,P3,what,7,_what/P3_what (7).mov,_what,73035,train
P3_what_0008_a69d3ed65a48,P3,what,8,_what/P3_what (8).mov,_what,71187,train
P3_what_0009_1bb9edcc5a8a,P3,what,9,_what/P3_what (9).mov,_what,66910,train
P4_what_0001_e95abb67ebba,P4,what,1,_what/P4_what (1).mov,_what,82714,train
P4_what_0010_77c33f2ad949,P4,what,10,_what/P4_what (10).mov,_what,91048,train
P4_what_0011_c2ac9b19af91,P4,what,11,_what/P4_what (11).mov,_what,102540,train
P4_what_0012_acafb7a268d5,P4,what,12,_what/P4_what (12).mov,_what,89451,train
P4_what_0013_3cf42151656f,P4,what,13,_what/P4_what (13).mov,_what,106315,train
P4_what_0014_a17205905cdd,P4,what,14,_what/P4_what (14).mov,_what,113504,train
P4_what_0015_4155a7d4eab7,P4,what,15,_what/P4_what (15).mov,_what,115821,train
P4_what_0016_ac8292e9a3e5,P4,what,16,_what/P4_what (16).mov,_what,97374,train
P4_what_0017_d5c06df5cd12,P4,what,17,_what/P4_what (17).mov,_what,104148,train
P4_what_0018_447d172db9bd,P4,what,18,_what/P4_what (18).mov,_what,112373,train
P4_what_0019_4e4f5e215190,P4,what,19,_what/P4_what (19).mov,_what,99535,train
P4_what_0002_e85fff2ce41e,P4,what,2,_what/P4_what (2).mov,_what,108017,train
P4_what_0020_453943c81318,P4,what,20,_what/P4_what (20).mov,_what,98442,train
P4_what_0021_1dce5071f283,P4,what,21,_what/P4_what (21).mov,_what,117037,train
P4_what_0022_6664c17a2e13,P4,what,22,_what/P4_what (22).mov,_what,92602,train
P4_what_0023_1617b5626b84,P4,what,23,_what/P4_what (23).mov,_what,123510,train
P4_what_0024_a515971b1253,P4,what,24,_what/P4_what (24).mov,_what,123072,train
P4_what_0025_e195390c72fd,P4,what,25,_what/P4_what (25).mov,_what,116425,train
P4_what_0026_a155aa744357,P4,what,26,_what/P4_what (26).mov,_what,113174,train
P4_what_0027_27cc99fc5081,P4,what,27,_what/P4_what (27).mov,_what,159289,train
P4_what_0028_e832c8c63e4b,P4,what,28,_what/P4_what (28).mov,_what,75930,train
P4_what_0029_4e0e641e7b8a,P4,what,29,_what/P4_what (29).mov,_what,70691,train
P4_what_0003_d7a7ddff4f75,P4,what,3,_what/P4_what (3).mov,_what,99416,train
P4_what_0030_857656c44e27,P4,what,30,_what/P4_what (30).mov,_what,91889,train
P4_what_0031_025a54b386c9,P4,what,31,_what/P4_what (31).mov,_what,77570,train
P4_what_0032_42a036ab5dc0,P4,what,32,_what/P4_what (32).mov,_what,120928,train
P4_what_0033_18517b34000a,P4,what,33,_what/P4_what (33).mov,_what,236222,train
P4_what_0034_2705f7da87ad,P4,what,34,_what/P4_what (34).mov,_what,144701,train
P4_what_0035_3c9f8e272478,P4,what,35,_what/P4_what (35).mov,_what,131472,train
P4_what_0036_7afb8992ef18,P4,what,36,_what/P4_what (36).mov,_what,101077,train
P4_what_0037_6e7f3f9f45f9,P4,what,37,_what/P4_what (37).mov,_what,134280,train
P4_what_0038_658fd17943d2,P4,what,38,_what/P4_what (38).mov,_what,73945,train
P4_what_0039_a4ccd297a731,P4,what,39,_what/P4_what (39).mov,_what,66784,train
P4_what_0004_a65acf278cd4,P4,what,4,_what/P4_what (4).mov,_what,95375,train
P4_what_0040_520b66f4958d,P4,what,40,_what/P4_what (40).mov,_what,90127,train
P4_what_0005_bb8c7f34476b,P4,what,5,_what/P4_what (5).mov,_what,113494,train
P4_what_0006_6700a1f9cb3f,P4,what,6,_what/P4_what (6).mov,_what,102077,train
P4_what_0007_83370d942c9c,P4,what,7,_what/P4_what (7).mov,_what,115837,train
P4_what_0008_83fd6c82e7c1,P4,what,8,_what/P4_what (8).mov,_what,194487,train
P4_what_0009_33312bb07b24,P4,what,9,_what/P4_what (9).mov,_what,130164,train
P5_what_0001_5d3fbb12a0c7,P5,what,1,_what/P5_what (1).mov,_what,96976,train
P5_what_0040_77b437c59cf5,P5,what,40,_what/P5_what (40).mov,_what,90499,train
P5_what_0041_30b02667100a,P5,what,41,_what/P5_what (41).mov,_what,109040,train
P5_what_0042_799b30104aa7,P5,what,42,_what/P5_what (42).mov,_what,123553,train
P5_what_0043_2aebab7cafdd,P5,what,43,_what/P5_what (43).mov,_what,145617,train
P5_what_0044_8e82c102a01e,P5,what,44,_what/P5_what (44).mov,_what,92980,train
P5_what_0045_42303f4187dc,P5,what,45,_what/P5_what (45).mov,_what,75130,train
P5_what_0046_776dada4e13d,P5,what,46,_what/P5_what (46).mov,_what,83561,train
P5_what_0047_0f35d126ebca,P5,what,47,_what/P5_what (47).mov,_what,118970,train
P5_what_0048_3a86365462b5,P5,what,48,_what/P5_what (48).mov,_what,81834,train
P5_what_0049_d9db6dc1a2a5,P5,what,49,_what/P5_what (49).mov,_what,143095,train
P5_what_0050_12e0a598dbde,P5,what,50,_what/P5_what (50).mov,_what,109557,train
P5_what_0051_8f24367c35f5,P5,what,51,_what/P5_what (51).mov,_what,101528,train
P5_what_0052_f9a7f83f0712,P5,what,52,_what/P5_what (52).mov,_what,107249,train
P5_what_0053_3d47f44cfdd5,P5,what,53,_what/P5_what (53).mov,_what,127599,train
P5_what_0054_b7a5efbe4b3a,P5,what,54,_what/P5_what (54).mov,_what,138592,train
P5_what_0055_cb5053ba5b6f,P5,what,55,_what/P5_what (55).mov,_what,114126,train
P5_what_0056_a2c5ccc8c3d0,P5,what,56,_what/P5_what (56).mov,_what,108905,train
P5_what_0057_44cc4e50d5ef,P5,what,57,_what/P5_what (57).mov,_what,93239,train
P5_what_0058_4554c7f6b644,P5,what,58,_what/P5_what (58).mov,_what,86888,train
P5_what_0059_246220fab0e2,P5,what,59,_what/P5_what (59).mov,_what,103230,train
P5_what_0060_c69c6ced0fde,P5,what,60,_what/P5_what (60).mov,_what,88260,train
P5_what_0061_b8df9af1fc1f,P5,what,61,_what/P5_what (61).mov,_what,82085,train
P5_what_0062_66da98c5d4ee,P5,what,62,_what/P5_what (62).mov,_what,100178,train
P5_what_0063_e00a5157054b,P5,what,63,_what/P5_what (63).mov,_what,104408,train
P5_what_0064_dd0d5d0beda2,P5,what,64,_what/P5_what (64).mov,_what,95656,train
P5_what_0065_67dea81b1473,P5,what,65,_what/P5_what (65).mov,_what,77525,train
P5_what_0066_e94b707cfab0,P5,what,66,_what/P5_what (66).mov,_what,96810,train
P5_what_0067_195851aad27d,P5,what,67,_what/P5_what (67).mov,_what,155534,train
P5_what_0068_daa11ce31d34,P5,what,68,_what/P5_what (68).mov,_what,128813,train
P5_what_0069_e07163c156eb,P5,what,69,_what/P5_what (69).mov,_what,80467,train
P5_what_0070_0854c4526e58,P5,what,70,_what/P5_what (70).mov,_what,97198,train
P5_what_0071_66e86d961cef,P5,what,71,_what/P5_what (71).mov,_what,91677,train
P5_what_0072_14f24c771333,P5,what,72,_what/P5_what (72).mov,_what,107584,train
P5_what_0073_39b6983b7088,P5,what,73,_what/P5_what (73).mov,_what,78238,train
P5_what_0074_0ab5ab8d200f,P5,what,74,_what/P5_what (74).mov,_what,83037,train
P5_what_0075_86ea8af977de,P5,what,75,_what/P5_what (75).mov,_what,61056,train
P5_what_0076_207ba2a4c28e,P5,what,76,_what/P5_what (76).mov,_what,95603,train
P5_what_0077_a87244dee802,P5,what,77,_what/P5_what (77).mov,_what,104604,train
P5_what_0078_80986a0d048c,P5,what,78,_what/P5_what (78).mov,_what,98357,train
P1_whatQ_0001_4ea2744f050d,P1,whatQ,1,_what_q/P1_whatQ (1).mov,_what_q,103240,test
P1_whatQ_0010_67ec2c76b8d5,P1,whatQ,10,_what_q/P1_whatQ (10).mov,_what_q,102550,test
P1_whatQ_0011_eeaedbff87ba,P1,whatQ,11,_what_q/P1_whatQ (11).mov,_what_q,98303,test
P1_whatQ_0012_6e45e18b9638,P1,whatQ,12,_what_q/P1_whatQ (12).mov,_what_q,101067,test
P1_whatQ_0013_a347dd21a83b,P1,whatQ,13,_what_q/P1_whatQ (13).mov,_what_q,90400,test
P1_whatQ_0014_7e4f50139e1b,P1,whatQ,14,_what_q/P1_whatQ (14).mov,_what_q,78822,test
P1_whatQ_0015_d5ca537f6bbe,P1,whatQ,15,_what_q/P1_whatQ (15).mov,_what_q,85861,test
P1_whatQ_0016_9ecc34d1ab62,P1,whatQ,16,_what_q/P1_whatQ (16).mov,_what_q,97310,test
P1_whatQ_0017_8785bc1eafd4,P1,whatQ,17,_what_q/P1_whatQ (17).mov,_what_q,81129,test
P1_whatQ_0018_1aa0ddb9f902,P1,whatQ,18,_what_q/P1_whatQ (18).mov,_what_q,102895,test
P1_whatQ_0019_f2019c32bbb1,P1,whatQ,19,_what_q/P1_whatQ (19).mov,_what_q,100279,test
P1_whatQ_0002_fd699745fd78,P1,whatQ,2,_what_q/P1_whatQ (2).mov,_what_q,102424,test
P1_whatQ_0020_69cae950e40c,P1,whatQ,20,_what_q/P1_whatQ (20).mov,_what_q,96582,test
P1_whatQ_0021_8b6f36fe8374,P1,whatQ,21,_what_q/P1_whatQ (21).mov,_what_q,113117,test
P1_whatQ_0022_85a0da897740,P1,whatQ,22,_what_q/P1_whatQ (22).mov,_what_q,103245,test
P1_whatQ_0023_48e4d5993725,P1,whatQ,23,_what_q/P1_whatQ (23).mov,_what_q,106771,test
P1_whatQ_0024_83dd572a4b8f,P1,whatQ,24,_what_q/P1_whatQ (24).mov,_what_q,87706,test
P1_whatQ_0025_e22af0b56f4b,P1,whatQ,25,_what_q/P1_whatQ (25).mov,_what_q,121301,test
P1_whatQ_0026_8901ed393997,P1,whatQ,26,_what_q/P1_whatQ (26).mov,_what_q,113760,test
P1_whatQ_0027_472beb86a3df,P1,whatQ,27,_what_q/P1_whatQ (27).mov,_what_q,103754,test
P1_whatQ_0028_b456605ad189,P1,whatQ,28,_what_q/P1_whatQ (28).mov,_what_q,157021,test
P1_whatQ_0029_66eaa5305b04,P1,whatQ,29,_what_q/P1_whatQ (29).mov,_what_q,115690,test
P1_whatQ_0003_28980f28ae90,P1,whatQ,3,_what_q/P1_whatQ (3).mov,_what_q,83900,test
P1_whatQ_0030_2e22518ad51c,P1,whatQ,30,_what_q/P1_whatQ (30).mov,_what_q,95773,test
P1_whatQ_0031_fb3e72d761d7,P1,whatQ,31,_what_q/P1_whatQ (31).mov,_what_q,94173,test
P1_whatQ_0032_ffc51dcfabf6,P1,whatQ,32,_what_q/P1_whatQ (32).mov,_what_q,98021,test
P1_whatQ_0033_19afbfc93ccf,P1,whatQ,33,_what_q/P1_whatQ (33).mov,_what_q,99585,test
P1_whatQ_0034_1a9ae9679f93,P1,whatQ,34,_what_q/P1_whatQ (34).mov,_what_q,99593,test
P1_whatQ_0035_844088948187,P1,whatQ,35,_what_q/P1_whatQ (35).mov,_what_q,76364,test
P1_whatQ_0036_75ebc6f6d828,P1,whatQ,36,_what_q/P1_whatQ (36).mov,_what_q,110776,test
P1_whatQ_0037_a967b2f541ff,P1,whatQ,37,_what_q/P1_whatQ (37).mov,_what_q,92733,test
P1_whatQ_0038_e38a2728875e,P1,whatQ,38,_what_q/P1_whatQ (38).mov,_what_q,100832,test
P1_whatQ_0039_705a14b1b7da,P1,whatQ,39,_what_q/P1_whatQ (39).mov,_what_q,117077,test
P1_whatQ_0004_50688b32c0d1,P1,whatQ,4,_what_q/P1_whatQ (4).mov,_what_q,134791,test
P1_whatQ_0040_c035c2e0a7cd,P1,whatQ,40,_what_q/P1_whatQ (40).mov,_what_q,91937,test
P1_whatQ_0005_d462c3b4ef46,P1,whatQ,5,_what_q/P1_whatQ (5).mov,_what_q,104490,test
P1_whatQ_0006_d5a8d16000b0,P1,whatQ,6,_what_q/P1_whatQ (6).mov,_what_q,101838,test
P1_whatQ_0007_5e10b2917139,P1,whatQ,7,_what_q/P1_whatQ (7).mov,_what_q,143451,test
P1_whatQ_0008_e09b3cc22262,P1,whatQ,8,_what_q/P1_whatQ (8).mov,_what_q,112444,test
P1_whatQ_0009_17533b845fe6,P1,whatQ,9,_what_q/P1_whatQ (9).mov,_what_q,108301,test
P2_whatQ_0001_be2444d9ae75,P2,whatQ,1,_what_q/P2_whatQ (1).mov,_what_q,88209,validation
P2_whatQ_0010_1fb849c8a341,P2,whatQ,10,_what_q/P2_whatQ (10).mov,_what_q,103560,validation
P2_whatQ_0100_0c84392fbd14,P2,whatQ,100,_what_q/P2_whatQ (100).mov,_what_q,88209,validation
P2_whatQ_0011_ab4b2f2f16f6,P2,whatQ,11,_what_q/P2_whatQ (11).mov,_what_q,103560,validation
P2_whatQ_0012_f5f237e25650,P2,whatQ,12,_what_q/P2_whatQ (12).mov,_what_q,103560,validation
P2_whatQ_0013_4aa8f72f6fb5,P2,whatQ,13,_what_q/P2_whatQ (13).mov,_what_q,103560,validation
P2_whatQ_0014_476d8aecb4f0,P2,whatQ,14,_what_q/P2_whatQ (14).mov,_what_q,103560,validation
P2_whatQ_0015_49d1e3311218,P2,whatQ,15,_what_q/P2_whatQ (15).mov,_what_q,103560,validation
P2_whatQ_0016_a0257ba0552b,P2,whatQ,16,_what_q/P2_whatQ (16).mov,_what_q,103560,validation
P2_whatQ_0017_693703666753,P2,whatQ,17,_what_q/P2_whatQ (17).mov,_what_q,113025,validation
P2_whatQ_0018_333415f81825,P2,whatQ,18,_what_q/P2_whatQ (18).mov,_what_q,113025,validation
P2_whatQ_0019_931f98eac655,P2,whatQ,19,_what_q/P2_whatQ (19).mov,_what_q,113025,validation
P2_whatQ_0002_bd18de972f7e,P2,whatQ,2,_what_q/P2_whatQ (2).mov,_what_q,88209,validation
P2_whatQ_0020_7803dcce5acf,P2,whatQ,20,_what_q/P2_whatQ (20).mov,_what_q,113025,validation
P2_whatQ_0021_f98f20f4019e,P2,whatQ,21,_what_q/P2_whatQ (21).mov,_what_q,113025,validation
P2_whatQ_0022_35ff6b0106ee,P2,whatQ,22,_what_q/P2_whatQ (22).mov,_what_q,113025,validation
P2_whatQ_0023_5f7fee152be2,P2,whatQ,23,_what_q/P2_whatQ (23).mov,_what_q,113025,validation
P2_whatQ_0024_6d85a0173ba8,P2,whatQ,24,_what_q/P2_whatQ (24).mov,_what_q,113025,validation
P2_whatQ_0025_f38013c31518,P2,whatQ,25,_what_q/P2_whatQ (25).mov,_what_q,113025,validation
P2_whatQ_0026_655836d01e67,P2,whatQ,26,_what_q/P2_whatQ (26).mov,_what_q,113025,validation
P2_whatQ_0027_2a84beb5c741,P2,whatQ,27,_what_q/P2_whatQ (27).mov,_what_q,113025,validation
P2_whatQ_0028_89867b13d2fe,P2,whatQ,28,_what_q/P2_whatQ (28).mov,_what_q,113025,validation
P2_whatQ_0029_257a35892e8f,P2,whatQ,29,_what_q/P2_whatQ (29).mov,_what_q,113025,validation
P2_whatQ_0003_00e83f4bd597,P2,whatQ,3,_what_q/P2_whatQ (3).mov,_what_q,88209,validation
P2_whatQ_0030_816730c5412f,P2,whatQ,30,_what_q/P2_whatQ (30).mov,_what_q,113025,validation
P2_whatQ_0031_515dc3b18b78,P2,whatQ,31,_what_q/P2_whatQ (31).mov,_what_q,113025,validation
P2_whatQ_0032_bd9d4b780b29,P2,whatQ,32,_what_q/P2_whatQ (32).mov,_what_q,113025,validation
P2_whatQ_0033_163a1ea88802,P2,whatQ,33,_what_q/P2_whatQ (33).mov,_what_q,88340,validation
P2_whatQ_0034_41c3fccb7333,P2,whatQ,34,_what_q/P2_whatQ (34).mov,_what_q,88340,validation
P2_whatQ_0035_44cf4aa08ee6,P2,whatQ,35,_what_q/P2_whatQ (35).mov,_what_q,88340,validation
P2_whatQ_0036_462ecab30988,P2,whatQ,36,_what_q/P2_whatQ (36).mov,_what_q,88340,validation
P2_whatQ_0037_82bedc598d23,P2,whatQ,37,_what_q/P2_whatQ (37).mov,_what_q,88340,validation
P2_whatQ_0038_85635cb8afdc,P2,whatQ,38,_what_q/P2_whatQ (38).mov,_what_q,88340,validation
P2_whatQ_0039_b560d40071ed,P2,whatQ,39,_what_q/P2_whatQ (39).mov,_what_q,88340,validation
P2_whatQ_0004_fb5eef6036c3,P2,whatQ,4,_what_q/P2_whatQ (4).mov,_what_q,104771,validation
P2_whatQ_0040_b4e7ba21548d,P2,whatQ,40,_what_q/P2_whatQ (40).mov,_what_q,88340,validation
P2_whatQ_0041_f691efb2d5b1,P2,whatQ,41,_what_q/P2_whatQ (41).mov,_what_q,88340,validation
P2_whatQ_0042_f47c9d46d1ca,P2,whatQ,42,_what_q/P2_whatQ (42).mov,_what_q,88340,validation
P2_whatQ_0043_c859448f6025,P2,whatQ,43,_what_q/P2_whatQ (43).mov,_what_q,88340,validation
P2_whatQ_0044_14cf4051219b,P2,whatQ,44,_what_q/P2_whatQ (44).mov,_what_q,88340,validation
P2_whatQ_0045_8ec3c6895d83,P2,whatQ,45,_what_q/P2_whatQ (45).mov,_what_q,81752,validation
P2_whatQ_0046_c13710db3dd2,P2,whatQ,46,_what_q/P2_whatQ (46).mov,_what_q,81752,validation
P2_whatQ_0047_e19124757ce7,P2,whatQ,47,_what_q/P2_whatQ (47).mov,_what_q,81752,validation
P2_whatQ_0048_bcee17569f4e,P2,whatQ,48,_what_q/P2_whatQ (48).mov,_what_q,81752,validation
P2_whatQ_0049_91f15a20b34f,P2,whatQ,49,_what_q/P2_whatQ (49).mov,_what_q,81752,validation
P2_whatQ_0005_6c92657e8dd3,P2,whatQ,5,_what_q/P2_whatQ (5).mov,_what_q,103560,validation
P2_whatQ_0050_702fc57d2212,P2,whatQ,50,_what_q/P2_whatQ (50).mov,_what_q,81752,validation
P2_whatQ_0051_2e6e4aba5021,P2,whatQ,51,_what_q/P2_whatQ (51).mov,_what_q,100674,validation
P2_whatQ_0052_36a9fb002328,P2,whatQ,52,_what_q/P2_whatQ (52).mov,_what_q,100674,validation
P2_whatQ_0053_5f53f8af6822,P2,whatQ,53,_what_q/P2_whatQ (53).mov,_what_q,100674,validation
P2_whatQ_0054_c18d6f154fb5,P2,whatQ,54,_what_q/P2_whatQ (54).mov,_what_q,100674,validation
P2_whatQ_0055_e61391edfd2d,P2,whatQ,55,_what_q/P2_whatQ (55).mov,_what_q,100674,validation
P2_whatQ_0056_2f95d4349ec1,P2,whatQ,56,_what_q/P2_whatQ (56).mov,_what_q,100674,validation
P2_whatQ_0057_1c69a9dfa7ed,P2,whatQ,57,_what_q/P2_whatQ (57).mov,_what_q,100674,validation
P2_whatQ_0058_a94b3d254967,P2,whatQ,58,_what_q/P2_whatQ (58).mov,_what_q,100674,validation
P2_whatQ_0059_c0a55e6f79ce,P2,whatQ,59,_what_q/P2_whatQ (59).mov,_what_q,100674,validation
P2_whatQ_0006_a926c26ba8b9,P2,whatQ,6,_what_q/P2_whatQ (6).mov,_what_q,103560,validation
P2_whatQ_0060_082d9174cabe,P2,whatQ,60,_what_q/P2_whatQ (60).mov,_what_q,100674,validation
P2_whatQ_0061_436aafe92e5a,P2,whatQ,61,_what_q/P2_whatQ (61).mov,_what_q,73065,validation
P2_whatQ_0062_7e8150b16758,P2,whatQ,62,_what_q/P2_whatQ (62).mov,_what_q,91587,validation
P2_whatQ_0063_79905fbbb892,P2,whatQ,63,_what_q/P2_whatQ (63).mov,_what_q,91587,validation
P2_whatQ_0064_5b0637c6de40,P2,whatQ,64,_what_q/P2_whatQ (64).mov,_what_q,91587,validation
P2_whatQ_0065_801076ef404e,P2,whatQ,65,_what_q/P2_whatQ (65).mov,_what_q,91587,validation
P2_whatQ_0066_1358406fad7e,P2,whatQ,66,_what_q/P2_whatQ (66).mov,_what_q,91587,validation
P2_whatQ_0067_f3516708a095,P2,whatQ,67,_what_q/P2_whatQ (67).mov,_what_q,91587,validation
P2_whatQ_0068_3853301d5aa2,P2,whatQ,68,_what_q/P2_whatQ (68).mov,_what_q,91587,validation
P2_whatQ_0069_92498e33c240,P2,whatQ,69,_what_q/P2_whatQ (69).mov,_what_q,91587,validation
P2_whatQ_0007_c342ea8a34c8,P2,whatQ,7,_what_q/P2_whatQ (7).mov,_what_q,103560,validation
P2_whatQ_0070_23a5143d0416,P2,whatQ,70,_what_q/P2_whatQ (70).mov,_what_q,91587,validation
P2_whatQ_0071_6283ba816b92,P2,whatQ,71,_what_q/P2_whatQ (71).mov,_what_q,91587,validation
P2_whatQ_0072_24932de7f03e,P2,whatQ,72,_what_q/P2_whatQ (72).mov,_what_q,91587,validation
P2_whatQ_0073_507f615d949f,P2,whatQ,73,_what_q/P2_whatQ (73).mov,_what_q,64807,validation
P2_whatQ_0074_8aaf77490e81,P2,whatQ,74,_what_q/P2_whatQ (74).mov,_what_q,64807,validation
P2_whatQ_0075_97269b58b0dc,P2,whatQ,75,_what_q/P2_whatQ (75).mov,_what_q,64807,validation
P2_whatQ_0076_93e4d14aaf5b,P2,whatQ,76,_what_q/P2_whatQ (76).mov,_what_q,64807,validation
P2_whatQ_0077_d605b51cd8eb,P2,whatQ,77,_what_q/P2_whatQ (77).mov,_what_q,64807,validation
P2_whatQ_0078_f475e3be3514,P2,whatQ,78,_what_q/P2_whatQ (78).mov,_what_q,64807,validation
P2_whatQ_0079_68fabdc04f31,P2,whatQ,79,_what_q/P2_whatQ (79).mov,_what_q,64807,validation
P2_whatQ_0008_c06f74c283fa,P2,whatQ,8,_what_q/P2_whatQ (8).mov,_what_q,103560,validation
P2_whatQ_0080_d953d4288e7d,P2,whatQ,80,_what_q/P2_whatQ (80).mov,_what_q,64807,validation
P2_whatQ_0081_9253f2f0a0ad,P2,whatQ,81,_what_q/P2_whatQ (81).mov,_what_q,64807,validation
P2_whatQ_0082_31d2a5a87229,P2,whatQ,82,_what_q/P2_whatQ (82).mov,_what_q,64807,validation
P2_whatQ_0083_be78b85d7150,P2,whatQ,83,_what_q/P2_whatQ (83).mov,_what_q,64807,validation
P2_whatQ_0084_e1af9ed0f02d,P2,whatQ,84,_what_q/P2_whatQ (84).mov,_what_q,64807,validation
P2_whatQ_0085_6b26a030b202,P2,whatQ,85,_what_q/P2_whatQ (85).mov,_what_q,64807,validation
P2_whatQ_0086_d6f9383c0c94,P2,whatQ,86,_what_q/P2_whatQ (86).mov,_what_q,65710,validation
P2_whatQ_0087_c611cf5991c0,P2,whatQ,87,_what_q/P2_whatQ (87).mov,_what_q,64807,validation
P2_whatQ_0088_f749e9bb5b2a,P2,whatQ,88,_what_q/P2_whatQ (88).mov,_what_q,88209,validation
P2_whatQ_0089_3875d628308f,P2,whatQ,89,_what_q/P2_whatQ (89).mov,_what_q,88209,validation
P2_whatQ_0009_aa2d93c014e3,P2,whatQ,9,_what_q/P2_whatQ (9).mov,_what_q,103560,validation
P2_whatQ_0090_dfb74c95cd66,P2,whatQ,90,_what_q/P2_whatQ (90).mov,_what_q,88209,validation
P2_whatQ_0091_05a5b8ce6503,P2,whatQ,91,_what_q/P2_whatQ (91).mov,_what_q,88209,validation
P2_whatQ_0092_ff2942640fba,P2,whatQ,92,_what_q/P2_whatQ (92).mov,_what_q,88209,validation
P2_whatQ_0093_f19789a70ddc,P2,whatQ,93,_what_q/P2_whatQ (93).mov,_what_q,88209,validation
P2_whatQ_0094_abf0cbd75ba6,P2,whatQ,94,_what_q/P2_whatQ (94).mov,_what_q,88209,validation
P2_whatQ_0095_e047931f3229,P2,whatQ,95,_what_q/P2_whatQ (95).mov,_what_q,88209,validation
P2_whatQ_0096_bd22f8bfd9ce,P2,whatQ,96,_what_q/P2_whatQ (96).mov,_what_q,88209,validation
P2_whatQ_0097_a5247313565f,P2,whatQ,97,_what_q/P2_whatQ (97).mov,_what_q,88209,validation
P2_whatQ_0098_fdc9d52a455c,P2,whatQ,98,_what_q/P2_whatQ (98).mov,_what_q,88209,validation
P2_whatQ_0099_d94b51b8dbe0,P2,whatQ,99,_what_q/P2_whatQ (99).mov,_what_q,88209,validation
P3_whatQ_0001_e48be6eb6fe4,P3,whatQ,1,_what_q/P3_whatQ (1).mov,_what_q,91678,train
P3_whatQ_0010_261b985cf42e,P3,whatQ,10,_what_q/P3_whatQ (10).mov,_what_q,79535,train
P3_whatQ_0011_6312956a20b4,P3,whatQ,11,_what_q/P3_whatQ (11).mov,_what_q,92963,train
P3_whatQ_0012_795a98ed9e9c,P3,whatQ,12,_what_q/P3_whatQ (12).mov,_what_q,72725,train
P3_whatQ_0013_4787e80a845a,P3,whatQ,13,_what_q/P3_whatQ (13).mov,_what_q,88495,train
P3_whatQ_0014_63e183e029e0,P3,whatQ,14,_what_q/P3_whatQ (14).mov,_what_q,90451,train
P3_whatQ_0015_69c31f3320ff,P3,whatQ,15,_what_q/P3_whatQ (15).mov,_what_q,85149,train
P3_whatQ_0016_0fcfbbb2120a,P3,whatQ,16,_what_q/P3_whatQ (16).mov,_what_q,96059,train
P3_whatQ_0017_6b85b724fe5a,P3,whatQ,17,_what_q/P3_whatQ (17).mov,_what_q,102038,train
P3_whatQ_0018_bf4b5b97fe74,P3,whatQ,18,_what_q/P3_whatQ (18).mov,_what_q,88345,train
P3_whatQ_0019_7d5e960b46e8,P3,whatQ,19,_what_q/P3_whatQ (19).mov,_what_q,84167,train
P3_whatQ_0002_d62c641b0bd7,P3,whatQ,2,_what_q/P3_whatQ (2).mov,_what_q,89792,train
P3_whatQ_0020_856c84df2235,P3,whatQ,20,_what_q/P3_whatQ (20).mov,_what_q,79937,train
P3_whatQ_0021_d220f36aab09,P3,whatQ,21,_what_q/P3_whatQ (21).mov,_what_q,68067,train
P3_whatQ_0022_d9022ccfef35,P3,whatQ,22,_what_q/P3_whatQ (22).mov,_what_q,68346,train
P3_whatQ_0023_ca81b22301a6,P3,whatQ,23,_what_q/P3_whatQ (23).mov,_what_q,80253,train
P3_whatQ_0024_b3cf20037773,P3,whatQ,24,_what_q/P3_whatQ (24).mov,_what_q,74099,train
P3_whatQ_0025_a77e2cd8bb72,P3,whatQ,25,_what_q/P3_whatQ (25).mov,_what_q,71113,train
P3_whatQ_0026_c78880f2e643,P3,whatQ,26,_what_q/P3_whatQ (26).mov,_what_q,75896,train
P3_whatQ_0027_789d9b2d84f1,P3,whatQ,27,_what_q/P3_whatQ (27).mov,_what_q,66196,train
P3_whatQ_0028_f64abf8b372d,P3,whatQ,28,_what_q/P3_whatQ (28).mov,_what_q,94939,train
P3_whatQ_0029_86b3a41ace88,P3,whatQ,29,_what_q/P3_whatQ (29).mov,_what_q,72264,train
P3_whatQ_0003_25f5c88216cc,P3,whatQ,3,_what_q/P3_whatQ (3).mov,_what_q,64093,train
P3_whatQ_0030_02954a80ab9e,P3,whatQ,30,_what_q/P3_whatQ (30).mov,_what_q,60383,train
P3_whatQ_0031_2fd1013030fa,P3,whatQ,31,_what_q/P3_whatQ (31).mov,_what_q,89912,train
P3_whatQ_0032_866149c2a3f5,P3,whatQ,32,_what_q/P3_whatQ (32).mov,_what_q,102775,train
P3_whatQ_0033_3561c3e0749f,P3,whatQ,33,_what_q/P3_whatQ (33).mov,_what_q,75049,train
P3_whatQ_0034_aedf01bfc113,P3,whatQ,34,_what_q/P3_whatQ (34).mov,_what_q,67173,train
P3_whatQ_0035_16bf290c19e1,P3,whatQ,35,_what_q/P3_whatQ (35).mov,_what_q,72608,train
P3_whatQ_0036_68b12acbd75d,P3,whatQ,36,_what_q/P3_whatQ (36).mov,_what_q,80701,train
P3_whatQ_0037_93a0cfd661da,P3,whatQ,37,_what_q/P3_whatQ (37).mov,_what_q,97183,train
P3_whatQ_0038_e6c1c9ced197,P3,whatQ,38,_what_q/P3_whatQ (38).mov,_what_q,85149,train
P3_whatQ_0039_fd13c0470fee,P3,whatQ,39,_what_q/P3_whatQ (39).mov,_what_q,73402,train
P3_whatQ_0004_f3922d4b7914,P3,whatQ,4,_what_q/P3_whatQ (4).mov,_what_q,87793,train
P3_whatQ_0040_81d10df73779,P3,whatQ,40,_what_q/P3_whatQ (40).mov,_what_q,71550,train
P3_whatQ_0005_1a647cef5595,P3,whatQ,5,_what_q/P3_whatQ (5).mov,_what_q,120175,train
P3_whatQ_0006_f98c94da3f73,P3,whatQ,6,_what_q/P3_whatQ (6).mov,_what_q,78699,train
P3_whatQ_0007_e5c5ac037d09,P3,whatQ,7,_what_q/P3_whatQ (7).mov,_what_q,77062,train
P3_whatQ_0008_9e9f69d1d21a,P3,whatQ,8,_what_q/P3_whatQ (8).mov,_what_q,73736,train
P3_whatQ_0009_92c708d7de1e,P3,whatQ,9,_what_q/P3_whatQ (9).mov,_what_q,87872,train
P4_whatQ_0001_efea3bed7486,P4,whatQ,1,_what_q/P4_whatQ (1).mov,_what_q,120210,train
P4_whatQ_0010_0d9e35c0db88,P4,whatQ,10,_what_q/P4_whatQ (10).mov,_what_q,122470,train
P4_whatQ_0011_affcff320f88,P4,whatQ,11,_what_q/P4_whatQ (11).mov,_what_q,134240,train
P4_whatQ_0012_fe7f7bcbd118,P4,whatQ,12,_what_q/P4_whatQ (12).mov,_what_q,160618,train
P4_whatQ_0013_91a8c84b28f3,P4,whatQ,13,_what_q/P4_whatQ (13).mov,_what_q,188804,train
P4_whatQ_0014_a41194da942d,P4,whatQ,14,_what_q/P4_whatQ (14).mov,_what_q,90200,train
P4_whatQ_0015_ee5f3f0c8136,P4,whatQ,15,_what_q/P4_whatQ (15).mov,_what_q,95618,train
P4_whatQ_0016_96ef1212ce48,P4,whatQ,16,_what_q/P4_whatQ (16).mov,_what_q,111671,train
P4_whatQ_0017_43d76b171e33,P4,whatQ,17,_what_q/P4_whatQ (17).mov,_what_q,132185,train
P4_whatQ_0018_3600ec053772,P4,whatQ,18,_what_q/P4_whatQ (18).mov,_what_q,131135,train
P4_whatQ_0019_3c35cf66bca4,P4,whatQ,19,_what_q/P4_whatQ (19).mov,_what_q,96604,train
P4_whatQ_0002_52b3ae62e45b,P4,whatQ,2,_what_q/P4_whatQ (2).mov,_what_q,121586,train
P4_whatQ_0020_2491c9eadde0,P4,whatQ,20,_what_q/P4_whatQ (20).mov,_what_q,93598,train
P4_whatQ_0021_d71fea19b4dc,P4,whatQ,21,_what_q/P4_whatQ (21).mov,_what_q,105181,train
P4_whatQ_0022_4e0914d69261,P4,whatQ,22,_what_q/P4_whatQ (22).mov,_what_q,99408,train
P4_whatQ_0023_24da3fcc188d,P4,whatQ,23,_what_q/P4_whatQ (23).mov,_what_q,123379,train
P4_whatQ_0024_538ac84460f0,P4,whatQ,24,_what_q/P4_whatQ (24).mov,_what_q,102512,train
P4_whatQ_0025_33a874825b63,P4,whatQ,25,_what_q/P4_whatQ (25).mov,_what_q,138889,train
P4_whatQ_0026_e1c4daf62df9,P4,whatQ,26,_what_q/P4_whatQ (26).mov,_what_q,103066,train
P4_whatQ_0027_56cbd685b7c6,P4,whatQ,27,_what_q/P4_whatQ (27).mov,_what_q,95554,train
P4_whatQ_0028_ea8008baa20d,P4,whatQ,28,_what_q/P4_whatQ (28).mov,_what_q,95074,train
P4_whatQ_0029_1eecf025f798,P4,whatQ,29,_what_q/P4_whatQ (29).mov,_what_q,105610,train
P4_whatQ_0003_5957e1290c45,P4,whatQ,3,_what_q/P4_whatQ (3).mov,_what_q,168136,train
P4_whatQ_0030_4bca3f73d387,P4,whatQ,30,_what_q/P4_whatQ (30).mov,_what_q,106582,train
P4_whatQ_0031_82b7848cd2b0,P4,whatQ,31,_what_q/P4_whatQ (31).mov,_what_q,138291,train
P4_whatQ_0032_b414b4655dc4,P4,whatQ,32,_what_q/P4_whatQ (32).mov,_what_q,134994,train
P4_whatQ_0033_4c8065f83e85,P4,whatQ,33,_what_q/P4_whatQ (33).mov,_what_q,87036,train
P4_whatQ_0034_22d56d1ff056,P4,whatQ,34,_what_q/P4_whatQ (34).mov,_what_q,156357,train
P4_whatQ_0035_64993a52966e,P4,whatQ,35,_what_q/P4_whatQ (35).mov,_what_q,105296,train
P4_whatQ_0036_1a8fd02d1031,P4,whatQ,36,_what_q/P4_whatQ (36).mov,_what_q,118906,train
P4_whatQ_0037_6599d98e27c4,P4,whatQ,37,_what_q/P4_whatQ (37).mov,_what_q,190804,train
P4_whatQ_0038_bec7a740a7ec,P4,whatQ,38,_what_q/P4_whatQ (38).mov,_what_q,135945,train
P4_whatQ_0039_f6a01916824c,P4,whatQ,39,_what_q/P4_whatQ (39).mov,_what_q,110969,train
P4_whatQ_0004_04a181878c8e,P4,whatQ,4,_what_q/P4_whatQ (4).mov,_what_q,112294,train
P4_whatQ_0040_aeee7b2e7a9f,P4,whatQ,40,_what_q/P4_whatQ (40).mov,_what_q,87250,train
P4_whatQ_0005_06d8b7f522f3,P4,whatQ,5,_what_q/P4_whatQ (5).mov,_what_q,132297,train
P4_whatQ_0006_4dde0b160a7e,P4,whatQ,6,_what_q/P4_whatQ (6).mov,_what_q,117902,train
P4_whatQ_0007_a9ecace7271a,P4,whatQ,7,_what_q/P4_whatQ (7).mov,_what_q,165272,train
P4_whatQ_0008_f2bb001cffe1,P4,whatQ,8,_what_q/P4_whatQ (8).mov,_what_q,97606,train
P4_whatQ_0009_b3bb8986c54c,P4,whatQ,9,_what_q/P4_whatQ (9).mov,_what_q,140480,train
P5_whatQ_0001_d0f15d0ac57e,P5,whatQ,1,_what_q/P5_whatQ (1).mov,_what_q,146687,train
P5_whatQ_0010_08734209286c,P5,whatQ,10,_what_q/P5_whatQ (10).mov,_what_q,70914,train
P5_whatQ_0011_277636790716,P5,whatQ,11,_what_q/P5_whatQ (11).mov,_what_q,128535,train
P5_whatQ_0012_12d74a0e0bc2,P5,whatQ,12,_what_q/P5_whatQ (12).mov,_what_q,101817,train
P5_whatQ_0013_63cd8d242825,P5,whatQ,13,_what_q/P5_whatQ (13).mov,_what_q,92622,train
P5_whatQ_0014_0024d07e95cd,P5,whatQ,14,_what_q/P5_whatQ (14).mov,_what_q,92044,train
P5_whatQ_0015_582bf1049c4e,P5,whatQ,15,_what_q/P5_whatQ (15).mov,_what_q,116672,train
P5_whatQ_0016_289ee21e18e6,P5,whatQ,16,_what_q/P5_whatQ (16).mov,_what_q,99525,train
P5_whatQ_0017_dd4fafecf037,P5,whatQ,17,_what_q/P5_whatQ (17).mov,_what_q,100792,train
P5_whatQ_0018_0c8485862989,P5,whatQ,18,_what_q/P5_whatQ (18).mov,_what_q,120400,train
P5_whatQ_0019_f20d36b4ce55,P5,whatQ,19,_what_q/P5_whatQ (19).mov,_what_q,79942,train
P5_whatQ_0002_5a76c4a7fc03,P5,whatQ,2,_what_q/P5_whatQ (2).mov,_what_q,75535,train
P5_whatQ_0020_91be2ed73ce6,P5,whatQ,20,_what_q/P5_whatQ (20).mov,_what_q,70950,train
P5_whatQ_0021_30f09f265d60,P5,whatQ,21,_what_q/P5_whatQ (21).mov,_what_q,102941,train
P5_whatQ_0022_b487bd8d2fa7,P5,whatQ,22,_what_q/P5_whatQ (22).mov,_what_q,88407,train
P5_whatQ_0023_6d55e26a8d3a,P5,whatQ,23,_what_q/P5_whatQ (23).mov,_what_q,90621,train
P5_whatQ_0024_570b7ebd330f,P5,whatQ,24,_what_q/P5_whatQ (24).mov,_what_q,76309,train
P5_whatQ_0025_ecf920027fd7,P5,whatQ,25,_what_q/P5_whatQ (25).mov,_what_q,94606,train
P5_whatQ_0026_b7683a222bb5,P5,whatQ,26,_what_q/P5_whatQ (26).mov,_what_q,111216,train
P5_whatQ_0027_9ee4c500c89d,P5,whatQ,27,_what_q/P5_whatQ (27).mov,_what_q,128840,train
P5_whatQ_0028_01f50b2829cb,P5,whatQ,28,_what_q/P5_whatQ (28).mov,_what_q,90280,train
P5_whatQ_0029_413f66203ee3,P5,whatQ,29,_what_q/P5_whatQ (29).mov,_what_q,129957,train
P5_whatQ_0003_1da333355908,P5,whatQ,3,_what_q/P5_whatQ (3).mov,_what_q,105846,train
P5_whatQ_0030_baa9445a4925,P5,whatQ,30,_what_q/P5_whatQ (30).mov,_what_q,139233,train
P5_whatQ_0031_4be931d4a4e0,P5,whatQ,31,_what_q/P5_whatQ (31).mov,_what_q,100588,train
P5_whatQ_0032_9cc196a7db1f,P5,whatQ,32,_what_q/P5_whatQ (32).mov,_what_q,121742,train
P5_whatQ_0033_b95c91aa92de,P5,whatQ,33,_what_q/P5_whatQ (33).mov,_what_q,77540,train
P5_whatQ_0034_74735ee5e088,P5,whatQ,34,_what_q/P5_whatQ (34).mov,_what_q,63768,train
P5_whatQ_0035_a69046493cc4,P5,whatQ,35,_what_q/P5_whatQ (35).mov,_what_q,74641,train
P5_whatQ_0036_dbe2c7d51153,P5,whatQ,36,_what_q/P5_whatQ (36).mov,_what_q,125640,train
P5_whatQ_0037_5f7b31a01b93,P5,whatQ,37,_what_q/P5_whatQ (37).mov,_what_q,95676,train
P5_whatQ_0038_72eecfdad48b,P5,whatQ,38,_what_q/P5_whatQ (38).mov,_what_q,85473,train
P5_whatQ_0039_d4a505b30bd2,P5,whatQ,39,_what_q/P5_whatQ (39).mov,_what_q,72045,train
P5_whatQ_0004_bd92adeba76a,P5,whatQ,4,_what_q/P5_whatQ (4).mov,_what_q,125747,train
P5_whatQ_0040_c86c1ab90eff,P5,whatQ,40,_what_q/P5_whatQ (40).mov,_what_q,152802,train
P5_whatQ_0005_487208d6f032,P5,whatQ,5,_what_q/P5_whatQ (5).mov,_what_q,160039,train
P5_whatQ_0006_c59aa7862951,P5,whatQ,6,_what_q/P5_whatQ (6).mov,_what_q,129210,train
P5_whatQ_0007_1934fe1bdab8,P5,whatQ,7,_what_q/P5_whatQ (7).mov,_what_q,104332,train
P5_whatQ_0008_ef21ceff9ea6,P5,whatQ,8,_what_q/P5_whatQ (8).mov,_what_q,152478,train
P5_whatQ_0009_ffdfe711b129,P5,whatQ,9,_what_q/P5_whatQ (9).mov,_what_q,84328,train
P1_zachem_0001_95709b841876,P1,zachem,1,_zachem/P1_zachem (1).mov,_zachem,142218,test
P1_zachem_0010_e8261747890a,P1,zachem,10,_zachem/P1_zachem (10).mov,_zachem,90434,test
P1_zachem_0011_ed228d039420,P1,zachem,11,_zachem/P1_zachem (11).mov,_zachem,100520,test
P1_zachem_0012_d92e9c2bdf0a,P1,zachem,12,_zachem/P1_zachem (12).mov,_zachem,186059,test
P1_zachem_0013_081711a3fbfa,P1,zachem,13,_zachem/P1_zachem (13).mov,_zachem,101532,test
P1_zachem_0014_72d7e5361992,P1,zachem,14,_zachem/P1_zachem (14).mov,_zachem,81425,test
P1_zachem_0015_3ec501c7e645,P1,zachem,15,_zachem/P1_zachem (15).mov,_zachem,92364,test
P1_zachem_0016_96725852fd73,P1,zachem,16,_zachem/P1_zachem (16).mov,_zachem,134481,test
P1_zachem_0017_3588cec20209,P1,zachem,17,_zachem/P1_zachem (17).mov,_zachem,120352,test
P1_zachem_0018_393409e7668b,P1,zachem,18,_zachem/P1_zachem (18).mov,_zachem,128047,test
P1_zachem_0019_7ac75c089f52,P1,zachem,19,_zachem/P1_zachem (19).mov,_zachem,117288,test
P1_zachem_0002_4d6c3b9ea74e,P1,zachem,2,_zachem/P1_zachem (2).mov,_zachem,71584,test
P1_zachem_0020_fce6f67b2ca8,P1,zachem,20,_zachem/P1_zachem (20).mov,_zachem,120474,test
P1_zachem_0021_92b0b836952c,P1,zachem,21,_zachem/P1_zachem (21).mov,_zachem,159209,test
P1_zachem_0022_71b936964f8f,P1,zachem,22,_zachem/P1_zachem (22).mov,_zachem,128348,test
P1_zachem_0023_edebd42a513d,P1,zachem,23,_zachem/P1_zachem (23).mov,_zachem,122778,test
P1_zachem_0024_752e06de7c93,P1,zachem,24,_zachem/P1_zachem (24).mov,_zachem,125207,test
P1_zachem_0025_be3642693a08,P1,zachem,25,_zachem/P1_zachem (25).mov,_zachem,168937,test
P1_zachem_0026_037e2f84c74d,P1,zachem,26,_zachem/P1_zachem (26).mov,_zachem,126589,test
P1_zachem_0027_0f833dfa50b6,P1,zachem,27,_zachem/P1_zachem (27).mov,_zachem,99645,test
P1_zachem_0028_ae6ff7620c1c,P1,zachem,28,_zachem/P1_zachem (28).mov,_zachem,102513,test
P1_zachem_0029_fe2f25a9b2ed,P1,zachem,29,_zachem/P1_zachem (29).mov,_zachem,143584,test
P1_zachem_0003_21ee90280ee1,P1,zachem,3,_zachem/P1_zachem (3).mov,_zachem,88549,test
P1_zachem_0030_8c5c74f0ce46,P1,zachem,30,_zachem/P1_zachem (30).mov,_zachem,111471,test
P1_zachem_0031_1ff3c6111cdf,P1,zachem,31,_zachem/P1_zachem (31).mov,_zachem,145503,test
P1_zachem_0032_49a2c70c36a8,P1,zachem,32,_zachem/P1_zachem (32).mov,_zachem,87562,test
P1_zachem_0033_e0bd20568564,P1,zachem,33,_zachem/P1_zachem (33).mov,_zachem,138706,test
P1_zachem_0034_27fb1959de4f,P1,zachem,34,_zachem/P1_zachem (34).mov,_zachem,112720,test
P1_zachem_0035_13da2dfc2e75,P1,zachem,35,_zachem/P1_zachem (35).mov,_zachem,166846,test
P1_zachem_0036_25a580714187,P1,zachem,36,_zachem/P1_zachem (36).mov,_zachem,112356,test
P1_zachem_0037_435f10491690,P1,zachem,37,_zachem/P1_zachem (37).mov,_zachem,99338,test
P1_zachem_0038_8391e0815258,P1,zachem,38,_zachem/P1_zachem (38).mov,_zachem,172716,test
P1_zachem_0039_da90b7941401,P1,zachem,39,_zachem/P1_zachem (39).mov,_zachem,125675,test
P1_zachem_0004_2c890d84f099,P1,zachem,4,_zachem/P1_zachem (4).mov,_zachem,120196,test
P1_zachem_0040_3698fb0d48b9,P1,zachem,40,_zachem/P1_zachem (40).mov,_zachem,142384,test
P1_zachem_0005_c1362d7c0718,P1,zachem,5,_zachem/P1_zachem (5).mov,_zachem,85705,test
P1_zachem_0006_8ed2ae350e92,P1,zachem,6,_zachem/P1_zachem (6).mov,_zachem,112934,test
P1_zachem_0007_a18d3c5e3e97,P1,zachem,7,_zachem/P1_zachem (7).mov,_zachem,112267,test
P1_zachem_0008_08f8c4972388,P1,zachem,8,_zachem/P1_zachem (8).mov,_zachem,122071,test
P1_zachem_0009_98258b7ef236,P1,zachem,9,_zachem/P1_zachem (9).mov,_zachem,123649,test
P2_zachem_0001_798b564214c9,P2,zachem,1,_zachem/P2_zachem (1).mov,_zachem,111703,validation
P2_zachem_0010_166575d938a0,P2,zachem,10,_zachem/P2_zachem (10).mov,_zachem,108389,validation
P2_zachem_0011_2cf95c2bf337,P2,zachem,11,_zachem/P2_zachem (11).mov,_zachem,120741,validation
P2_zachem_0012_7f638113abfe,P2,zachem,12,_zachem/P2_zachem (12).mov,_zachem,113659,validation
P2_zachem_0013_95257a58edda,P2,zachem,13,_zachem/P2_zachem (13).mov,_zachem,115607,validation
P2_zachem_0014_2c4836ef10bd,P2,zachem,14,_zachem/P2_zachem (14).mov,_zachem,126674,validation
P2_zachem_0015_334ff5cc6299,P2,zachem,15,_zachem/P2_zachem (15).mov,_zachem,109176,validation
P2_zachem_0016_baf527a78def,P2,zachem,16,_zachem/P2_zachem (16).mov,_zachem,127998,validation
P2_zachem_0017_45f8829a0d2b,P2,zachem,17,_zachem/P2_zachem (17).mov,_zachem,114167,validation
P2_zachem_0018_d16d950fcabb,P2,zachem,18,_zachem/P2_zachem (18).mov,_zachem,121231,validation
P2_zachem_0019_688792be7707,P2,zachem,19,_zachem/P2_zachem (19).mov,_zachem,129159,validation
P2_zachem_0002_ea5ae76600ed,P2,zachem,2,_zachem/P2_zachem (2).mov,_zachem,111703,validation
P2_zachem_0020_b90e51cf692c,P2,zachem,20,_zachem/P2_zachem (20).mov,_zachem,102836,validation
P2_zachem_0021_09c12bfc664f,P2,zachem,21,_zachem/P2_zachem (21).mov,_zachem,160429,validation
P2_zachem_0022_7e2eb5bad654,P2,zachem,22,_zachem/P2_zachem (22).mov,_zachem,141430,validation
P2_zachem_0023_6be5c8696ceb,P2,zachem,23,_zachem/P2_zachem (23).mov,_zachem,120213,validation
P2_zachem_0024_31f285cb392b,P2,zachem,24,_zachem/P2_zachem (24).mov,_zachem,144166,validation
P2_zachem_0025_46b72f2992e5,P2,zachem,25,_zachem/P2_zachem (25).mov,_zachem,129692,validation
P2_zachem_0026_97e386ee4951,P2,zachem,26,_zachem/P2_zachem (26).mov,_zachem,128367,validation
P2_zachem_0027_035a22823ba7,P2,zachem,27,_zachem/P2_zachem (27).mov,_zachem,114343,validation
P2_zachem_0028_433517b66f93,P2,zachem,28,_zachem/P2_zachem (28).mov,_zachem,137313,validation
P2_zachem_0029_df6d2ce475e2,P2,zachem,29,_zachem/P2_zachem (29).mov,_zachem,227111,validation
P2_zachem_0003_1ab0e8d1c191,P2,zachem,3,_zachem/P2_zachem (3).mov,_zachem,131836,validation
P2_zachem_0030_5ae303e4a096,P2,zachem,30,_zachem/P2_zachem (30).mov,_zachem,139812,validation
P2_zachem_0031_b9003b0fbae9,P2,zachem,31,_zachem/P2_zachem (31).mov,_zachem,90527,validation
P2_zachem_0032_f6e8e63eba3b,P2,zachem,32,_zachem/P2_zachem (32).mov,_zachem,122336,validation
P2_zachem_0033_2ade214f0d19,P2,zachem,33,_zachem/P2_zachem (33).mov,_zachem,118153,validation
P2_zachem_0034_ef58e7280adf,P2,zachem,34,_zachem/P2_zachem (34).mov,_zachem,84122,validation
P2_zachem_0035_db5e62294b35,P2,zachem,35,_zachem/P2_zachem (35).mov,_zachem,158703,validation
P2_zachem_0036_2c54047bf452,P2,zachem,36,_zachem/P2_zachem (36).mov,_zachem,213727,validation
P2_zachem_0037_b89de4183925,P2,zachem,37,_zachem/P2_zachem (37).mov,_zachem,149051,validation
P2_zachem_0038_de6096d1b3b0,P2,zachem,38,_zachem/P2_zachem (38).mov,_zachem,140440,validation
P2_zachem_0039_6b0fd94ca8c7,P2,zachem,39,_zachem/P2_zachem (39).mov,_zachem,175304,validation
P2_zachem_0004_81ba09236552,P2,zachem,4,_zachem/P2_zachem (4).mov,_zachem,133464,validation
P2_zachem_0040_db65b2631a95,P2,zachem,40,_zachem/P2_zachem (40).mov,_zachem,130584,validation
P2_zachem_0005_0fa847535f78,P2,zachem,5,_zachem/P2_zachem (5).mov,_zachem,120192,validation
P2_zachem_0006_125e0eed29fa,P2,zachem,6,_zachem/P2_zachem (6).mov,_zachem,103987,validation
P2_zachem_0007_eb29cf24afbd,P2,zachem,7,_zachem/P2_zachem (7).mov,_zachem,106287,validation
P2_zachem_0008_ef3ab17d7307,P2,zachem,8,_zachem/P2_zachem (8).mov,_zachem,112448,validation
P2_zachem_0009_7483f0dd46e4,P2,zachem,9,_zachem/P2_zachem (9).mov,_zachem,117298,validation
P3_zachem_0001_3aafe7118442,P3,zachem,1,_zachem/P3_zachem (1).mov,_zachem,56351,train
P3_zachem_0010_4c99e492467b,P3,zachem,10,_zachem/P3_zachem (10).mov,_zachem,52951,train
P3_zachem_0100_7cb22d8728e6,P3,zachem,100,_zachem/P3_zachem (100).mov,_zachem,59180,train
P3_zachem_0011_48c945b8415f,P3,zachem,11,_zachem/P3_zachem (11).mov,_zachem,59637,train
P3_zachem_0012_c19f2f46904a,P3,zachem,12,_zachem/P3_zachem (12).mov,_zachem,54788,train
P3_zachem_0013_7fafcd17ad54,P3,zachem,13,_zachem/P3_zachem (13).mov,_zachem,58971,train
P3_zachem_0014_810c5c23dece,P3,zachem,14,_zachem/P3_zachem (14).mov,_zachem,64378,train
P3_zachem_0015_c88b927a7715,P3,zachem,15,_zachem/P3_zachem (15).mov,_zachem,52353,train
P3_zachem_0016_888e46b8b411,P3,zachem,16,_zachem/P3_zachem (16).mov,_zachem,48445,train
P3_zachem_0017_7c46a7c85f62,P3,zachem,17,_zachem/P3_zachem (17).mov,_zachem,44087,train
P3_zachem_0018_7539559e5934,P3,zachem,18,_zachem/P3_zachem (18).mov,_zachem,46432,train
P3_zachem_0019_8483c9e7637b,P3,zachem,19,_zachem/P3_zachem (19).mov,_zachem,48259,train
P3_zachem_0002_f86f216378fa,P3,zachem,2,_zachem/P3_zachem (2).mov,_zachem,56496,train
P3_zachem_0020_417223c2034b,P3,zachem,20,_zachem/P3_zachem (20).mov,_zachem,48472,train
P3_zachem_0021_dc6cb6bf629c,P3,zachem,21,_zachem/P3_zachem (21).mov,_zachem,43401,train
P3_zachem_0022_c36c9bb0dffd,P3,zachem,22,_zachem/P3_zachem (22).mov,_zachem,51205,train
P3_zachem_0023_0d49fd0a4349,P3,zachem,23,_zachem/P3_zachem (23).mov,_zachem,50610,train
P3_zachem_0024_7f78fcb33542,P3,zachem,24,_zachem/P3_zachem (24).mov,_zachem,44498,train
P3_zachem_0025_4433a127d112,P3,zachem,25,_zachem/P3_zachem (25).mov,_zachem,42538,train
P3_zachem_0026_24b9fbec2cac,P3,zachem,26,_zachem/P3_zachem (26).mov,_zachem,49015,train
P3_zachem_0027_c459d70bef01,P3,zachem,27,_zachem/P3_zachem (27).mov,_zachem,67450,train
P3_zachem_0028_ea6375eca1ad,P3,zachem,28,_zachem/P3_zachem (28).mov,_zachem,82934,train
P3_zachem_0029_cf84c910c47e,P3,zachem,29,_zachem/P3_zachem (29).mov,_zachem,60147,train
P3_zachem_0003_030e48374c03,P3,zachem,3,_zachem/P3_zachem (3).mov,_zachem,60574,train
P3_zachem_0030_f774ad4dafae,P3,zachem,30,_zachem/P3_zachem (30).mov,_zachem,53815,train
P3_zachem_0031_1c898fbdaf08,P3,zachem,31,_zachem/P3_zachem (31).mov,_zachem,63287,train
P3_zachem_0032_c9bd8e8fdfdd,P3,zachem,32,_zachem/P3_zachem (32).mov,_zachem,63908,train
P3_zachem_0033_4f774fcd72a6,P3,zachem,33,_zachem/P3_zachem (33).mov,_zachem,71761,train
P3_zachem_0034_1a4683e33e0f,P3,zachem,34,_zachem/P3_zachem (34).mov,_zachem,67663,train
P3_zachem_0035_1a94be880003,P3,zachem,35,_zachem/P3_zachem (35).mov,_zachem,71103,train
P3_zachem_0036_2a617549c645,P3,zachem,36,_zachem/P3_zachem (36).mov,_zachem,69317,train
P3_zachem_0037_e309bd7e4092,P3,zachem,37,_zachem/P3_zachem (37).mov,_zachem,62509,train
P3_zachem_0038_1c6a590d9b05,P3,zachem,38,_zachem/P3_zachem (38).mov,_zachem,59024,train
P3_zachem_0039_907d4607f4da,P3,zachem,39,_zachem/P3_zachem (39).mov,_zachem,70734,train
P3_zachem_0004_e07ed29f5d3d,P3,zachem,4,_zachem/P3_zachem (4).mov,_zachem,51710,train
P3_zachem_0040_c96c71bd05d5,P3,zachem,40,_zachem/P3_zachem (40).mov,_zachem,70788,train
P3_zachem_0041_2b1d4239cd86,P3,zachem,41,_zachem/P3_zachem (41).mov,_zachem,60656,train
P3_zachem_0042_0a2414ae469b,P3,zachem,42,_zachem/P3_zachem (42).mov,_zachem,58359,train
P3_zachem_0043_ebba619bd412,P3,zachem,43,_zachem/P3_zachem (43).mov,_zachem,70154,train
P3_zachem_0044_1be679cfe18b,P3,zachem,44,_zachem/P3_zachem (44).mov,_zachem,71812,train
P3_zachem_0045_4fac2bf66d00,P3,zachem,45,_zachem/P3_zachem (45).mov,_zachem,60168,train
P3_zachem_0046_82814c671886,P3,zachem,46,_zachem/P3_zachem (46).mov,_zachem,53040,train
P3_zachem_0047_5109d0d89d98,P3,zachem,47,_zachem/P3_zachem (47).mov,_zachem,54125,train
P3_zachem_0048_898d02896f55,P3,zachem,48,_zachem/P3_zachem (48).mov,_zachem,55222,train
P3_zachem_0049_0fa548071826,P3,zachem,49,_zachem/P3_zachem (49).mov,_zachem,49763,train
P3_zachem_0005_d1c441b4264e,P3,zachem,5,_zachem/P3_zachem (5).mov,_zachem,58658,train
P3_zachem_0050_075963c3f45d,P3,zachem,50,_zachem/P3_zachem (50).mov,_zachem,52921,train
P3_zachem_0051_5a6d226596da,P3,zachem,51,_zachem/P3_zachem (51).mov,_zachem,52432,train
P3_zachem_0052_2bc25a20665d,P3,zachem,52,_zachem/P3_zachem (52).mov,_zachem,52468,train
P3_zachem_0053_5fc32129b068,P3,zachem,53,_zachem/P3_zachem (53).mov,_zachem,56776,train
P3_zachem_0054_2a8d5c39a4fe,P3,zachem,54,_zachem/P3_zachem (54).mov,_zachem,52577,train
P3_zachem_0055_0484393ab8e5,P3,zachem,55,_zachem/P3_zachem (55).mov,_zachem,59323,train
P3_zachem_0056_81f0e8d625ce,P3,zachem,56,_zachem/P3_zachem (56).mov,_zachem,67437,train
P3_zachem_0057_47c12755cc9a,P3,zachem,57,_zachem/P3_zachem (57).mov,_zachem,55064,train
P3_zachem_0058_d25f5236a681,P3,zachem,58,_zachem/P3_zachem (58).mov,_zachem,63525,train
P3_zachem_0059_9b619baf3e21,P3,zachem,59,_zachem/P3_zachem (59).mov,_zachem,60524,train
P3_zachem_0006_b944892545de,P3,zachem,6,_zachem/P3_zachem (6).mov,_zachem,58046,train
P3_zachem_0060_7c050290e4ae,P3,zachem,60,_zachem/P3_zachem (60).mov,_zachem,62914,train
P3_zachem_0061_ca8cddf544bf,P3,zachem,61,_zachem/P3_zachem (61).mov,_zachem,54714,train
P3_zachem_0062_e68c99b67fa0,P3,zachem,62,_zachem/P3_zachem (62).mov,_zachem,52744,train
P3_zachem_0063_420d138d2f8d,P3,zachem,63,_zachem/P3_zachem (63).mov,_zachem,61714,train
P3_zachem_0064_9904fda79061,P3,zachem,64,_zachem/P3_zachem (64).mov,_zachem,56589,train
P3_zachem_0065_581ea12033bb,P3,zachem,65,_zachem/P3_zachem (65).mov,_zachem,61127,train
P3_zachem_0066_f22cddbe7383,P3,zachem,66,_zachem/P3_zachem (66).mov,_zachem,51396,train
P3_zachem_0067_4e2df34116b1,P3,zachem,67,_zachem/P3_zachem (67).mov,_zachem,53653,train
P3_zachem_0068_1085ad9981ca,P3,zachem,68,_zachem/P3_zachem (68).mov,_zachem,55299,train
P3_zachem_0069_39bdd0caa928,P3,zachem,69,_zachem/P3_zachem (69).mov,_zachem,50712,train
P3_zachem_0007_00c031c2e56e,P3,zachem,7,_zachem/P3_zachem (7).mov,_zachem,55398,train
P3_zachem_0070_d6d8697fae40,P3,zachem,70,_zachem/P3_zachem (70).mov,_zachem,55285,train
P3_zachem_0071_4ea1932e5713,P3,zachem,71,_zachem/P3_zachem (71).mov,_zachem,59346,train
P3_zachem_0072_a2e3000da1d4,P3,zachem,72,_zachem/P3_zachem (72).mov,_zachem,55203,train
P3_zachem_0073_b30fd47feaf5,P3,zachem,73,_zachem/P3_zachem (73).mov,_zachem,63999,train
P3_zachem_0074_122bc97cfa44,P3,zachem,74,_zachem/P3_zachem (74).mov,_zachem,52047,train
P3_zachem_0075_d27c72729397,P3,zachem,75,_zachem/P3_zachem (75).mov,_zachem,72803,train
P3_zachem_0076_734f221c0325,P3,zachem,76,_zachem/P3_zachem (76).mov,_zachem,68437,train
P3_zachem_0077_186fef0e34db,P3,zachem,77,_zachem/P3_zachem (77).mov,_zachem,58668,train
P3_zachem_0078_e09b53ffaabb,P3,zachem,78,_zachem/P3_zachem (78).mov,_zachem,66355,train
P3_zachem_0079_32692e4907fd,P3,zachem,79,_zachem/P3_zachem (79).mov,_zachem,68596,train
P3_zachem_0008_a0614c9561ef,P3,zachem,8,_zachem/P3_zachem (8).mov,_zachem,59089,train
P3_zachem_0080_89c473b7aea8,P3,zachem,80,_zachem/P3_zachem (80).mov,_zachem,60146,train
P3_zachem_0081_084837a8b0d2,P3,zachem,81,_zachem/P3_zachem (81).mov,_zachem,63014,train
P3_zachem_0082_c62db6de5c34,P3,zachem,82,_zachem/P3_zachem (82).mov,_zachem,61752,train
P3_zachem_0083_92f23548caa4,P3,zachem,83,_zachem/P3_zachem (83).mov,_zachem,70763,train
P3_zachem_0084_b118064901b9,P3,zachem,84,_zachem/P3_zachem (84).mov,_zachem,62657,train
P3_zachem_0085_4c3f6cec002c,P3,zachem,85,_zachem/P3_zachem (85).mov,_zachem,67829,train
P3_zachem_0086_194a3cb49328,P3,zachem,86,_zachem/P3_zachem (86).mov,_zachem,62603,train
P3_zachem_0087_2dedd976d663,P3,zachem,87,_zachem/P3_zachem (87).mov,_zachem,55724,train
P3_zachem_0088_d579ebb6004b,P3,zachem,88,_zachem/P3_zachem (88).mov,_zachem,58905,train
P3_zachem_0089_3c2bf36fc248,P3,zachem,89,_zachem/P3_zachem (89).mov,_zachem,66891,train
P3_zachem_0009_e96531d29157,P3,zachem,9,_zachem/P3_zachem (9).mov,_zachem,59450,train
P3_zachem_0090_8bb16f0f9e44,P3,zachem,90,_zachem/P3_zachem (90).mov,_zachem,62945,train
P3_zachem_0091_528fd0ddf007,P3,zachem,91,_zachem/P3_zachem (91).mov,_zachem,62111,train
P3_zachem_0092_320a5af8c298,P3,zachem,92,_zachem/P3_zachem (92).mov,_zachem,53407,train
P3_zachem_0093_16bae64005fc,P3,zachem,93,_zachem/P3_zachem (93).mov,_zachem,55041,train
P3_zachem_0094_805b5aed2bea,P3,zachem,94,_zachem/P3_zachem (94).mov,_zachem,61419,train
P3_zachem_0095_6258faff6fc0,P3,zachem,95,_zachem/P3_zachem (95).mov,_zachem,58474,train
P3_zachem_0096_bde0db074030,P3,zachem,96,_zachem/P3_zachem (96).mov,_zachem,52813,train
P3_zachem_0097_8016780c6251,P3,zachem,97,_zachem/P3_zachem (97).mov,_zachem,59290,train
P3_zachem_0098_da2d68d28be3,P3,zachem,98,_zachem/P3_zachem (98).mov,_zachem,49792,train
P3_zachem_0099_012b7ee7915e,P3,zachem,99,_zachem/P3_zachem (99).mov,_zachem,55824,train
P4_zachem_0001_e22a3e54d6f3,P4,zachem,1,_zachem/P4_zachem (1).mov,_zachem,91895,train
P4_zachem_0010_9073dfa64042,P4,zachem,10,_zachem/P4_zachem (10).mov,_zachem,147205,train
P4_zachem_0011_6959b861c589,P4,zachem,11,_zachem/P4_zachem (11).mov,_zachem,107420,train
P4_zachem_0012_85dfa2b2c953,P4,zachem,12,_zachem/P4_zachem (12).mov,_zachem,129543,train
P4_zachem_0013_6933bb18ebe4,P4,zachem,13,_zachem/P4_zachem (13).mov,_zachem,92803,train
P4_zachem_0014_f58a561174cd,P4,zachem,14,_zachem/P4_zachem (14).mov,_zachem,93007,train
P4_zachem_0015_40556653fc2c,P4,zachem,15,_zachem/P4_zachem (15).mov,_zachem,141327,train
P4_zachem_0016_33207da8ab67,P4,zachem,16,_zachem/P4_zachem (16).mov,_zachem,94393,train
P4_zachem_0017_7599b0fa98ec,P4,zachem,17,_zachem/P4_zachem (17).mov,_zachem,123563,train
P4_zachem_0018_11ea1c3d8373,P4,zachem,18,_zachem/P4_zachem (18).mov,_zachem,120627,train
P4_zachem_0019_a438f85db86d,P4,zachem,19,_zachem/P4_zachem (19).mov,_zachem,124624,train
P4_zachem_0002_3287dac89026,P4,zachem,2,_zachem/P4_zachem (2).mov,_zachem,97141,train
P4_zachem_0020_f1295880ea69,P4,zachem,20,_zachem/P4_zachem (20).mov,_zachem,138072,train
P4_zachem_0021_8f7e03224de8,P4,zachem,21,_zachem/P4_zachem (21).mov,_zachem,119416,train
P4_zachem_0022_eda2ca8d94af,P4,zachem,22,_zachem/P4_zachem (22).mov,_zachem,95639,train
P4_zachem_0023_db61047e74ba,P4,zachem,23,_zachem/P4_zachem (23).mov,_zachem,153610,train
P4_zachem_0024_c819ad814094,P4,zachem,24,_zachem/P4_zachem (24).mov,_zachem,98227,train
P4_zachem_0025_543561c6a27a,P4,zachem,25,_zachem/P4_zachem (25).mov,_zachem,100482,train
P4_zachem_0026_694219f756c7,P4,zachem,26,_zachem/P4_zachem (26).mov,_zachem,162784,train
P4_zachem_0027_eff30ac1480b,P4,zachem,27,_zachem/P4_zachem (27).mov,_zachem,160463,train
P4_zachem_0028_b76192d4c1c0,P4,zachem,28,_zachem/P4_zachem (28).mov,_zachem,135716,train
P4_zachem_0029_190a155ee715,P4,zachem,29,_zachem/P4_zachem (29).mov,_zachem,104934,train
P4_zachem_0003_6cf616db98ac,P4,zachem,3,_zachem/P4_zachem (3).mov,_zachem,125252,train
P4_zachem_0030_c12954004ca1,P4,zachem,30,_zachem/P4_zachem (30).mov,_zachem,160047,train
P4_zachem_0031_b776e3d08f7c,P4,zachem,31,_zachem/P4_zachem (31).mov,_zachem,83809,train
P4_zachem_0032_d257c3e6cdb7,P4,zachem,32,_zachem/P4_zachem (32).mov,_zachem,185688,train
P4_zachem_0033_092e5c6f8204,P4,zachem,33,_zachem/P4_zachem (33).mov,_zachem,131058,train
P4_zachem_0034_0a08b38bd11c,P4,zachem,34,_zachem/P4_zachem (34).mov,_zachem,110641,train
P4_zachem_0035_b49503adf405,P4,zachem,35,_zachem/P4_zachem (35).mov,_zachem,86858,train
P4_zachem_0036_984c67d40270,P4,zachem,36,_zachem/P4_zachem (36).mov,_zachem,106354,train
P4_zachem_0037_5ccb70459296,P4,zachem,37,_zachem/P4_zachem (37).mov,_zachem,99659,train
P4_zachem_0038_b4847fbd2a5b,P4,zachem,38,_zachem/P4_zachem (38).mov,_zachem,112563,train
P4_zachem_0039_b71644e00eac,P4,zachem,39,_zachem/P4_zachem (39).mov,_zachem,100659,train
P4_zachem_0004_05b9b0133b5b,P4,zachem,4,_zachem/P4_zachem (4).mov,_zachem,99963,train
P4_zachem_0040_ffbaeb109f10,P4,zachem,40,_zachem/P4_zachem (40).mov,_zachem,222474,train
P4_zachem_0005_c81cfe81ec0e,P4,zachem,5,_zachem/P4_zachem (5).mov,_zachem,94082,train
P4_zachem_0006_f988cf60d820,P4,zachem,6,_zachem/P4_zachem (6).mov,_zachem,95588,train
P4_zachem_0007_a9a39435ef7e,P4,zachem,7,_zachem/P4_zachem (7).mov,_zachem,92307,train
P4_zachem_0008_3708e4366646,P4,zachem,8,_zachem/P4_zachem (8).mov,_zachem,84944,train
P4_zachem_0009_188043abbaa2,P4,zachem,9,_zachem/P4_zachem (9).mov,_zachem,80841,train
P5_zachem_0001_906e89b780c7,P5,zachem,1,_zachem/P5_zachem (1).mov,_zachem,80482,train
P5_zachem_0010_736234c7dcf3,P5,zachem,10,_zachem/P5_zachem (10).mov,_zachem,135143,train
P5_zachem_0011_320081f9245f,P5,zachem,11,_zachem/P5_zachem (11).mov,_zachem,88145,train
P5_zachem_0012_0debd349bd01,P5,zachem,12,_zachem/P5_zachem (12).mov,_zachem,134114,train
P5_zachem_0013_694eec8a96d1,P5,zachem,13,_zachem/P5_zachem (13).mov,_zachem,152810,train
P5_zachem_0014_2b5dae8d4f64,P5,zachem,14,_zachem/P5_zachem (14).mov,_zachem,123710,train
P5_zachem_0015_458091f2e09b,P5,zachem,15,_zachem/P5_zachem (15).mov,_zachem,213582,train
P5_zachem_0016_677d77bbed24,P5,zachem,16,_zachem/P5_zachem (16).mov,_zachem,120935,train
P5_zachem_0017_0928818b8390,P5,zachem,17,_zachem/P5_zachem (17).mov,_zachem,108380,train
P5_zachem_0018_459b3d8ee794,P5,zachem,18,_zachem/P5_zachem (18).mov,_zachem,187610,train
P5_zachem_0019_839f350d7051,P5,zachem,19,_zachem/P5_zachem (19).mov,_zachem,128873,train
P5_zachem_0002_cc6b846d446f,P5,zachem,2,_zachem/P5_zachem (2).mov,_zachem,97367,train
P5_zachem_0020_4f28b3afffaa,P5,zachem,20,_zachem/P5_zachem (20).mov,_zachem,125277,train
P5_zachem_0021_7beacaae6a62,P5,zachem,21,_zachem/P5_zachem (21).mov,_zachem,191307,train
P5_zachem_0022_ee0cb7c708d3,P5,zachem,22,_zachem/P5_zachem (22).mov,_zachem,144220,train
P5_zachem_0023_f36923f49981,P5,zachem,23,_zachem/P5_zachem (23).mov,_zachem,126085,train
P5_zachem_0024_f63877480231,P5,zachem,24,_zachem/P5_zachem (24).mov,_zachem,162338,train
P5_zachem_0025_fe81346e401b,P5,zachem,25,_zachem/P5_zachem (25).mov,_zachem,115689,train
P5_zachem_0026_e344ccd0883e,P5,zachem,26,_zachem/P5_zachem (26).mov,_zachem,109441,train
P5_zachem_0027_09a1211cca50,P5,zachem,27,_zachem/P5_zachem (27).mov,_zachem,91896,train
P5_zachem_0028_fa1b5ff4b7cc,P5,zachem,28,_zachem/P5_zachem (28).mov,_zachem,124400,train
P5_zachem_0029_755da7144f6c,P5,zachem,29,_zachem/P5_zachem (29).mov,_zachem,137745,train
P5_zachem_0003_2e110580113d,P5,zachem,3,_zachem/P5_zachem (3).mov,_zachem,147917,train
P5_zachem_0030_1ef179394ba3,P5,zachem,30,_zachem/P5_zachem (30).mov,_zachem,114874,train
P5_zachem_0031_5302fd790264,P5,zachem,31,_zachem/P5_zachem (31).mov,_zachem,128025,train
P5_zachem_0032_b15d8414cad3,P5,zachem,32,_zachem/P5_zachem (32).mov,_zachem,94551,train
P5_zachem_0033_ea0af2db702a,P5,zachem,33,_zachem/P5_zachem (33).mov,_zachem,85697,train
P5_zachem_0034_9de74ebb9a95,P5,zachem,34,_zachem/P5_zachem (34).mov,_zachem,188749,train
P5_zachem_0035_4c1993f7b029,P5,zachem,35,_zachem/P5_zachem (35).mov,_zachem,158567,train
P5_zachem_0036_ec996eff9522,P5,zachem,36,_zachem/P5_zachem (36).mov,_zachem,81176,train
P5_zachem_0037_ec18999730ff,P5,zachem,37,_zachem/P5_zachem (37).mov,_zachem,93014,train
P5_zachem_0038_c8a9e7f4b39d,P5,zachem,38,_zachem/P5_zachem (38).mov,_zachem,94358,train
P5_zachem_0039_8f6d5094ceae,P5,zachem,39,_zachem/P5_zachem (39).mov,_zachem,102796,train
P5_zachem_0004_538172a9da85,P5,zachem,4,_zachem/P5_zachem (4).mov,_zachem,99340,train
P5_zachem_0040_44eb3b031615,P5,zachem,40,_zachem/P5_zachem (40).mov,_zachem,135465,train
P5_zachem_0005_16cb4b6a1702,P5,zachem,5,_zachem/P5_zachem (5).mov,_zachem,90340,train
P5_zachem_0006_54a072c8c55d,P5,zachem,6,_zachem/P5_zachem (6).mov,_zachem,114427,train
P5_zachem_0007_336d861e5bbd,P5,zachem,7,_zachem/P5_zachem (7).mov,_zachem,162822,train
P5_zachem_0008_c2d0037edcd2,P5,zachem,8,_zachem/P5_zachem (8).mov,_zachem,119757,train
P5_zachem_0009_9d4d782f6a30,P5,zachem,9,_zachem/P5_zachem (9).mov,_zachem,190131,train
P1_zachemQ_0001_2065382f9e5a,P1,zachemQ,1,_zachem_q/P1_zachemQ (1).mov,_zachem_q,164876,test
P1_zachemQ_0010_0700141b58fa,P1,zachemQ,10,_zachem_q/P1_zachemQ (10).mov,_zachem_q,126771,test
P1_zachemQ_0011_af980d6de4d3,P1,zachemQ,11,_zachem_q/P1_zachemQ (11).mov,_zachem_q,119287,test
P1_zachemQ_0012_4b8ba507e457,P1,zachemQ,12,_zachem_q/P1_zachemQ (12).mov,_zachem_q,150044,test
P1_zachemQ_0013_672d4460b17a,P1,zachemQ,13,_zachem_q/P1_zachemQ (13).mov,_zachem_q,166169,test
P1_zachemQ_0014_4843fb35658e,P1,zachemQ,14,_zachem_q/P1_zachemQ (14).mov,_zachem_q,162165,test
P1_zachemQ_0015_100fd14f905c,P1,zachemQ,15,_zachem_q/P1_zachemQ (15).mov,_zachem_q,130163,test
P1_zachemQ_0016_08da7962f7c7,P1,zachemQ,16,_zachem_q/P1_zachemQ (16).mov,_zachem_q,99959,test
P1_zachemQ_0017_cc049f5cd4a5,P1,zachemQ,17,_zachem_q/P1_zachemQ (17).mov,_zachem_q,149348,test
P1_zachemQ_0018_7a63248ad426,P1,zachemQ,18,_zachem_q/P1_zachemQ (18).mov,_zachem_q,167812,test
P1_zachemQ_0019_012890761ee3,P1,zachemQ,19,_zachem_q/P1_zachemQ (19).mov,_zachem_q,175579,test
P1_zachemQ_0002_0c3704db6fea,P1,zachemQ,2,_zachem_q/P1_zachemQ (2).mov,_zachem_q,124972,test
P1_zachemQ_0020_49e75a235075,P1,zachemQ,20,_zachem_q/P1_zachemQ (20).mov,_zachem_q,117530,test
P1_zachemQ_0021_292fff144936,P1,zachemQ,21,_zachem_q/P1_zachemQ (21).mov,_zachem_q,126623,test
P1_zachemQ_0022_f4bb12da64a7,P1,zachemQ,22,_zachem_q/P1_zachemQ (22).mov,_zachem_q,166267,test
P1_zachemQ_0023_02d108a56cbf,P1,zachemQ,23,_zachem_q/P1_zachemQ (23).mov,_zachem_q,159230,test
P1_zachemQ_0024_7ae155f2c099,P1,zachemQ,24,_zachem_q/P1_zachemQ (24).mov,_zachem_q,155041,test
P1_zachemQ_0025_5d83a3e31caa,P1,zachemQ,25,_zachem_q/P1_zachemQ (25).mov,_zachem_q,159541,test
P1_zachemQ_0026_e0de2fca8ad8,P1,zachemQ,26,_zachem_q/P1_zachemQ (26).mov,_zachem_q,132688,test
P1_zachemQ_0027_0205f4644c1e,P1,zachemQ,27,_zachem_q/P1_zachemQ (27).mov,_zachem_q,119113,test
P1_zachemQ_0028_778c6d4fb32d,P1,zachemQ,28,_zachem_q/P1_zachemQ (28).mov,_zachem_q,124837,test
P1_zachemQ_0029_79cb530ac579,P1,zachemQ,29,_zachem_q/P1_zachemQ (29).mov,_zachem_q,177652,test
P1_zachemQ_0003_4491b6f210ff,P1,zachemQ,3,_zachem_q/P1_zachemQ (3).mov,_zachem_q,119497,test
P1_zachemQ_0030_241a4adbbce1,P1,zachemQ,30,_zachem_q/P1_zachemQ (30).mov,_zachem_q,113951,test
P1_zachemQ_0031_471257218620,P1,zachemQ,31,_zachem_q/P1_zachemQ (31).mov,_zachem_q,160929,test
P1_zachemQ_0032_1408430e9c1c,P1,zachemQ,32,_zachem_q/P1_zachemQ (32).mov,_zachem_q,160994,test
P1_zachemQ_0033_325191cb1123,P1,zachemQ,33,_zachem_q/P1_zachemQ (33).mov,_zachem_q,160798,test
P1_zachemQ_0034_8764af3c0db9,P1,zachemQ,34,_zachem_q/P1_zachemQ (34).mov,_zachem_q,100911,test
P1_zachemQ_0035_54ed742c7766,P1,zachemQ,35,_zachem_q/P1_zachemQ (35).mov,_zachem_q,94266,test
P1_zachemQ_0036_e876df5dafd0,P1,zachemQ,36,_zachem_q/P1_zachemQ (36).mov,_zachem_q,101061,test
P1_zachemQ_0037_f2604313544b,P1,zachemQ,37,_zachem_q/P1_zachemQ (37).mov,_zachem_q,89799,test
P1_zachemQ_0038_c2fbdb7c3133,P1,zachemQ,38,_zachem_q/P1_zachemQ (38).mov,_zachem_q,134946,test
P1_zachemQ_0039_9562be518299,P1,zachemQ,39,_zachem_q/P1_zachemQ (39).mov,_zachem_q,123775,test
P1_zachemQ_0004_9160ffbfe3e9,P1,zachemQ,4,_zachem_q/P1_zachemQ (4).mov,_zachem_q,165560,test
P1_zachemQ_0040_442877fe77aa,P1,zachemQ,40,_zachem_q/P1_zachemQ (40).mov,_zachem_q,103101,test
P1_zachemQ_0005_8dc660006b94,P1,zachemQ,5,_zachem_q/P1_zachemQ (5).mov,_zachem_q,165560,test
P1_zachemQ_0006_1ac68a2f4458,P1,zachemQ,6,_zachem_q/P1_zachemQ (6).mov,_zachem_q,106255,test
P1_zachemQ_0007_81fc747f6835,P1,zachemQ,7,_zachem_q/P1_zachemQ (7).mov,_zachem_q,139148,test
P1_zachemQ_0008_43ad4759c256,P1,zachemQ,8,_zachem_q/P1_zachemQ (8).mov,_zachem_q,159677,test
P1_zachemQ_0009_672ef4a3db3f,P1,zachemQ,9,_zachem_q/P1_zachemQ (9).mov,_zachem_q,147502,test
P2_zachemQ_0001_bdc0a22cde25,P2,zachemQ,1,_zachem_q/P2_zachemQ (1).mov,_zachem_q,132033,validation
P2_zachemQ_0039_6edd2ed69de0,P2,zachemQ,39,_zachem_q/P2_zachemQ (39).mov,_zachem_q,118944,validation
P2_zachemQ_0040_c5d8aff086d1,P2,zachemQ,40,_zachem_q/P2_zachemQ (40).mov,_zachem_q,96167,validation
P2_zachemQ_0041_7036a0d5862c,P2,zachemQ,41,_zachem_q/P2_zachemQ (41).mov,_zachem_q,90324,validation
P2_zachemQ_0042_390e9380da1b,P2,zachemQ,42,_zachem_q/P2_zachemQ (42).mov,_zachem_q,130619,validation
P2_zachemQ_0043_9f0300f442f5,P2,zachemQ,43,_zachem_q/P2_zachemQ (43).mov,_zachem_q,119671,validation
P2_zachemQ_0044_327e07d24dd9,P2,zachemQ,44,_zachem_q/P2_zachemQ (44).mov,_zachem_q,116663,validation
P2_zachemQ_0045_638e9e55164b,P2,zachemQ,45,_zachem_q/P2_zachemQ (45).mov,_zachem_q,96029,validation
P2_zachemQ_0046_bc94cf74f5c8,P2,zachemQ,46,_zachem_q/P2_zachemQ (46).mov,_zachem_q,94110,validation
P2_zachemQ_0047_9c6d6d6b485d,P2,zachemQ,47,_zachem_q/P2_zachemQ (47).mov,_zachem_q,73682,validation
P2_zachemQ_0048_dc4455d2ae80,P2,zachemQ,48,_zachem_q/P2_zachemQ (48).mov,_zachem_q,95914,validation
P2_zachemQ_0049_295ee119558e,P2,zachemQ,49,_zachem_q/P2_zachemQ (49).mov,_zachem_q,97185,validation
P2_zachemQ_0050_54be220c4586,P2,zachemQ,50,_zachem_q/P2_zachemQ (50).mov,_zachem_q,97049,validation
P2_zachemQ_0051_ae674e5736eb,P2,zachemQ,51,_zachem_q/P2_zachemQ (51).mov,_zachem_q,96842,validation
P2_zachemQ_0052_057c59e097f9,P2,zachemQ,52,_zachem_q/P2_zachemQ (52).mov,_zachem_q,99494,validation
P2_zachemQ_0053_fa9c1da631d7,P2,zachemQ,53,_zachem_q/P2_zachemQ (53).mov,_zachem_q,99155,validation
P2_zachemQ_0054_4cc70095dd34,P2,zachemQ,54,_zachem_q/P2_zachemQ (54).mov,_zachem_q,91663,validation
P2_zachemQ_0055_ebd0fd2aa689,P2,zachemQ,55,_zachem_q/P2_zachemQ (55).mov,_zachem_q,90353,validation
P2_zachemQ_0056_142fac1e3457,P2,zachemQ,56,_zachem_q/P2_zachemQ (56).mov,_zachem_q,73682,validation
P2_zachemQ_0057_76cd6d51078e,P2,zachemQ,57,_zachem_q/P2_zachemQ (57).mov,_zachem_q,73827,validation
P2_zachemQ_0058_44edb5b559fd,P2,zachemQ,58,_zachem_q/P2_zachemQ (58).mov,_zachem_q,91254,validation
P2_zachemQ_0059_03d752a1a0c9,P2,zachemQ,59,_zachem_q/P2_zachemQ (59).mov,_zachem_q,94538,validation
P2_zachemQ_0060_04e5038fdcf6,P2,zachemQ,60,_zachem_q/P2_zachemQ (60).mov,_zachem_q,96834,validation
P2_zachemQ_0061_fb4a1f6643e1,P2,zachemQ,61,_zachem_q/P2_zachemQ (61).mov,_zachem_q,111895,validation
P2_zachemQ_0062_13689b530ac7,P2,zachemQ,62,_zachem_q/P2_zachemQ (62).mov,_zachem_q,75462,validation
P2_zachemQ_0063_8f712fffa279,P2,zachemQ,63,_zachem_q/P2_zachemQ (63).mov,_zachem_q,81923,validation
P2_zachemQ_0064_dbc413f13a7f,P2,zachemQ,64,_zachem_q/P2_zachemQ (64).mov,_zachem_q,78343,validation
P2_zachemQ_0065_99e1b12c9ebf,P2,zachemQ,65,_zachem_q/P2_zachemQ (65).mov,_zachem_q,76793,validation
P2_zachemQ_0066_a03b008a17b2,P2,zachemQ,66,_zachem_q/P2_zachemQ (66).mov,_zachem_q,78921,validation
P2_zachemQ_0067_03a289aee2b4,P2,zachemQ,67,_zachem_q/P2_zachemQ (67).mov,_zachem_q,76618,validation
P2_zachemQ_0068_a160b14bb9d6,P2,zachemQ,68,_zachem_q/P2_zachemQ (68).mov,_zachem_q,66063,validation
P2_zachemQ_0069_3dcc124ee65d,P2,zachemQ,69,_zachem_q/P2_zachemQ (69).mov,_zachem_q,66604,validation
P2_zachemQ_0070_0c868f4b5df5,P2,zachemQ,70,_zachem_q/P2_zachemQ (70).mov,_zachem_q,112144,validation
P2_zachemQ_0071_d04cb24fe35a,P2,zachemQ,71,_zachem_q/P2_zachemQ (71).mov,_zachem_q,92727,validation
P2_zachemQ_0072_32249e1287f5,P2,zachemQ,72,_zachem_q/P2_zachemQ (72).mov,_zachem_q,113473,validation
P2_zachemQ_0073_3f9a8d1d19a6,P2,zachemQ,73,_zachem_q/P2_zachemQ (73).mov,_zachem_q,99935,validation
P2_zachemQ_0074_10d01e432da4,P2,zachemQ,74,_zachem_q/P2_zachemQ (74).mov,_zachem_q,130789,validation
P2_zachemQ_0075_4a6ffc92fa9d,P2,zachemQ,75,_zachem_q/P2_zachemQ (75).mov,_zachem_q,95648,validation
P2_zachemQ_0076_3791fe62b9e2,P2,zachemQ,76,_zachem_q/P2_zachemQ (76).mov,_zachem_q,96868,validation
P2_zachemQ_0077_aa6fbaa4c864,P2,zachemQ,77,_zachem_q/P2_zachemQ (77).mov,_zachem_q,96378,validation
P3_zachemQ_0001_9c75b373aa88,P3,zachemQ,1,_zachem_q/P3_zachemQ (1).mov,_zachem_q,41628,train
P3_zachemQ_0010_5ad88db11bfd,P3,zachemQ,10,_zachem_q/P3_zachemQ (10).mov,_zachem_q,45327,train
P3_zachemQ_0100_fcd435d61dd2,P3,zachemQ,100,_zachem_q/P3_zachemQ (100).mov,_zachem_q,72284,train
P3_zachemQ_0101_e4d9d1182b9c,P3,zachemQ,101,_zachem_q/P3_zachemQ (101).mov,_zachem_q,72211,train
P3_zachemQ_0102_533566216272,P3,zachemQ,102,_zachem_q/P3_zachemQ (102).mov,_zachem_q,64150,train
P3_zachemQ_0103_36b050b8c28d,P3,zachemQ,103,_zachem_q/P3_zachemQ (103).mov,_zachem_q,69676,train
P3_zachemQ_0104_9e9460d2a7ac,P3,zachemQ,104,_zachem_q/P3_zachemQ (104).mov,_zachem_q,70560,train
P3_zachemQ_0105_23a6586556d0,P3,zachemQ,105,_zachem_q/P3_zachemQ (105).mov,_zachem_q,65196,train
P3_zachemQ_0106_6ad66d7e6a2d,P3,zachemQ,106,_zachem_q/P3_zachemQ (106).mov,_zachem_q,72134,train
P3_zachemQ_0107_4d1b88f4cd46,P3,zachemQ,107,_zachem_q/P3_zachemQ (107).mov,_zachem_q,75054,train
P3_zachemQ_0108_766bed3c3a73,P3,zachemQ,108,_zachem_q/P3_zachemQ (108).mov,_zachem_q,66250,train
P3_zachemQ_0109_1a2c67be64fa,P3,zachemQ,109,_zachem_q/P3_zachemQ (109).mov,_zachem_q,76044,train
P3_zachemQ_0011_85e6c54c9f41,P3,zachemQ,11,_zachem_q/P3_zachemQ (11).mov,_zachem_q,48168,train
P3_zachemQ_0110_8655eb05656e,P3,zachemQ,110,_zachem_q/P3_zachemQ (110).mov,_zachem_q,73076,train
P3_zachemQ_0111_d1bbc2bb24ab,P3,zachemQ,111,_zachem_q/P3_zachemQ (111).mov,_zachem_q,72728,train
P3_zachemQ_0112_79d5a8d95d2f,P3,zachemQ,112,_zachem_q/P3_zachemQ (112).mov,_zachem_q,77959,train
P3_zachemQ_0113_8e2fc322e86f,P3,zachemQ,113,_zachem_q/P3_zachemQ (113).mov,_zachem_q,95216,train
P3_zachemQ_0114_50adbbc90e09,P3,zachemQ,114,_zachem_q/P3_zachemQ (114).mov,_zachem_q,68739,train
P3_zachemQ_0115_89a4de2095d5,P3,zachemQ,115,_zachem_q/P3_zachemQ (115).mov,_zachem_q,81235,train
P3_zachemQ_0012_2fba8065d6cd,P3,zachemQ,12,_zachem_q/P3_zachemQ (12).mov,_zachem_q,57502,train
P3_zachemQ_0013_7e9669a53cf2,P3,zachemQ,13,_zachem_q/P3_zachemQ (13).mov,_zachem_q,42557,train
P3_zachemQ_0014_0024dcbf8032,P3,zachemQ,14,_zachem_q/P3_zachemQ (14).mov,_zachem_q,54930,train
P3_zachemQ_0015_23b0f858f1ad,P3,zachemQ,15,_zachem_q/P3_zachemQ (15).mov,_zachem_q,53769,train
P3_zachemQ_0016_ee06a68710c1,P3,zachemQ,16,_zachem_q/P3_zachemQ (16).mov,_zachem_q,59764,train
P3_zachemQ_0017_e2325138544b,P3,zachemQ,17,_zachem_q/P3_zachemQ (17).mov,_zachem_q,57657,train
P3_zachemQ_0018_3b1d4821fc56,P3,zachemQ,18,_zachem_q/P3_zachemQ (18).mov,_zachem_q,53299,train
P3_zachemQ_0019_c943903111ac,P3,zachemQ,19,_zachem_q/P3_zachemQ (19).mov,_zachem_q,55687,train
P3_zachemQ_0002_b5f20dec1e0a,P3,zachemQ,2,_zachem_q/P3_zachemQ (2).mov,_zachem_q,63171,train
P3_zachemQ_0020_f738895fca13,P3,zachemQ,20,_zachem_q/P3_zachemQ (20).mov,_zachem_q,50576,train
P3_zachemQ_0021_cfa63ab2c9ab,P3,zachemQ,21,_zachem_q/P3_zachemQ (21).mov,_zachem_q,57923,train
P3_zachemQ_0022_98452c5def1a,P3,zachemQ,22,_zachem_q/P3_zachemQ (22).mov,_zachem_q,54084,train
P3_zachemQ_0023_af9c87155e60,P3,zachemQ,23,_zachem_q/P3_zachemQ (23).mov,_zachem_q,53874,train
P3_zachemQ_0024_86e926ebe7d5,P3,zachemQ,24,_zachem_q/P3_zachemQ (24).mov,_zachem_q,54705,train
P3_zachemQ_0025_72ebbde432e1,P3,zachemQ,25,_zachem_q/P3_zachemQ (25).mov,_zachem_q,52027,train
P3_zachemQ_0026_c1941a0fe185,P3,zachemQ,26,_zachem_q/P3_zachemQ (26).mov,_zachem_q,59757,train
P3_zachemQ_0027_ca9fb9a3ecad,P3,zachemQ,27,_zachem_q/P3_zachemQ (27).mov,_zachem_q,60401,train
P3_zachemQ_0028_50d79750a6b8,P3,zachemQ,28,_zachem_q/P3_zachemQ (28).mov,_zachem_q,58171,train
P3_zachemQ_0029_9855045e3801,P3,zachemQ,29,_zachem_q/P3_zachemQ (29).mov,_zachem_q,59101,train
P3_zachemQ_0003_fc12bf63ae18,P3,zachemQ,3,_zachem_q/P3_zachemQ (3).mov,_zachem_q,49302,train
P3_zachemQ_0030_c1006c9854e6,P3,zachemQ,30,_zachem_q/P3_zachemQ (30).mov,_zachem_q,58299,train
P3_zachemQ_0031_2b75cafa00c8,P3,zachemQ,31,_zachem_q/P3_zachemQ (31).mov,_zachem_q,60871,train
P3_zachemQ_0032_379675d012d7,P3,zachemQ,32,_zachem_q/P3_zachemQ (32).mov,_zachem_q,57048,train
P3_zachemQ_0033_74486f1c8eb5,P3,zachemQ,33,_zachem_q/P3_zachemQ (33).mov,_zachem_q,61071,train
P3_zachemQ_0034_82924bdef45f,P3,zachemQ,34,_zachem_q/P3_zachemQ (34).mov,_zachem_q,65407,train
P3_zachemQ_0035_3b5ace2cac05,P3,zachemQ,35,_zachem_q/P3_zachemQ (35).mov,_zachem_q,57178,train
P3_zachemQ_0036_b8fdec073adb,P3,zachemQ,36,_zachem_q/P3_zachemQ (36).mov,_zachem_q,54035,train
P3_zachemQ_0037_4a4388e6158a,P3,zachemQ,37,_zachem_q/P3_zachemQ (37).mov,_zachem_q,60096,train
P3_zachemQ_0038_d026f3993ec4,P3,zachemQ,38,_zachem_q/P3_zachemQ (38).mov,_zachem_q,54843,train
P3_zachemQ_0039_b86920bdd76c,P3,zachemQ,39,_zachem_q/P3_zachemQ (39).mov,_zachem_q,57943,train
P3_zachemQ_0004_5a4b1147571a,P3,zachemQ,4,_zachem_q/P3_zachemQ (4).mov,_zachem_q,60915,train
P3_zachemQ_0040_2b38a45147d7,P3,zachemQ,40,_zachem_q/P3_zachemQ (40).mov,_zachem_q,62886,train
P3_zachemQ_0041_8894f1c2c901,P3,zachemQ,41,_zachem_q/P3_zachemQ (41).mov,_zachem_q,66923,train
P3_zachemQ_0042_65cac17cde76,P3,zachemQ,42,_zachem_q/P3_zachemQ (42).mov,_zachem_q,63033,train
P3_zachemQ_0043_44d6962e4c74,P3,zachemQ,43,_zachem_q/P3_zachemQ (43).mov,_zachem_q,50704,train
P3_zachemQ_0044_545661ee27a1,P3,zachemQ,44,_zachem_q/P3_zachemQ (44).mov,_zachem_q,64393,train
P3_zachemQ_0045_585ab22bd0c0,P3,zachemQ,45,_zachem_q/P3_zachemQ (45).mov,_zachem_q,52149,train
P3_zachemQ_0046_8a04bc8cea07,P3,zachemQ,46,_zachem_q/P3_zachemQ (46).mov,_zachem_q,57445,train
P3_zachemQ_0047_b25d38df6ed6,P3,zachemQ,47,_zachem_q/P3_zachemQ (47).mov,_zachem_q,56330,train
P3_zachemQ_0048_b3847a575860,P3,zachemQ,48,_zachem_q/P3_zachemQ (48).mov,_zachem_q,57381,train
P3_zachemQ_0049_9e1500a59405,P3,zachemQ,49,_zachem_q/P3_zachemQ (49).mov,_zachem_q,51350,train
P3_zachemQ_0005_9c8045c42ebe,P3,zachemQ,5,_zachem_q/P3_zachemQ (5).mov,_zachem_q,58163,train
P3_zachemQ_0050_d59f1ba6e1d9,P3,zachemQ,50,_zachem_q/P3_zachemQ (50).mov,_zachem_q,59793,train
P3_zachemQ_0051_6466aa782c3a,P3,zachemQ,51,_zachem_q/P3_zachemQ (51).mov,_zachem_q,57230,train
P3_zachemQ_0052_c6deabfb397a,P3,zachemQ,52,_zachem_q/P3_zachemQ (52).mov,_zachem_q,62453,train
P3_zachemQ_0053_8f1e634e12cf,P3,zachemQ,53,_zachem_q/P3_zachemQ (53).mov,_zachem_q,62033,train
P3_zachemQ_0054_e5dd45789a76,P3,zachemQ,54,_zachem_q/P3_zachemQ (54).mov,_zachem_q,59811,train
P3_zachemQ_0055_9545c94fd425,P3,zachemQ,55,_zachem_q/P3_zachemQ (55).mov,_zachem_q,62318,train
P3_zachemQ_0056_bb8e8c0f9bda,P3,zachemQ,56,_zachem_q/P3_zachemQ (56).mov,_zachem_q,58743,train
P3_zachemQ_0057_f3ade419e335,P3,zachemQ,57,_zachem_q/P3_zachemQ (57).mov,_zachem_q,63420,train
P3_zachemQ_0058_007c5779372d,P3,zachemQ,58,_zachem_q/P3_zachemQ (58).mov,_zachem_q,58346,train
P3_zachemQ_0059_b6122e8d8659,P3,zachemQ,59,_zachem_q/P3_zachemQ (59).mov,_zachem_q,58445,train
P3_zachemQ_0006_eb8c6dbbb1d7,P3,zachemQ,6,_zachem_q/P3_zachemQ (6).mov,_zachem_q,55009,train
P3_zachemQ_0060_372d17fd0e0c,P3,zachemQ,60,_zachem_q/P3_zachemQ (60).mov,_zachem_q,63180,train
P3_zachemQ_0061_a8f791f79daf,P3,zachemQ,61,_zachem_q/P3_zachemQ (61).mov,_zachem_q,56313,train
P3_zachemQ_0062_a6f9c7ab8132,P3,zachemQ,62,_zachem_q/P3_zachemQ (62).mov,_zachem_q,56821,train
P3_zachemQ_0063_4b404d237570,P3,zachemQ,63,_zachem_q/P3_zachemQ (63).mov,_zachem_q,59265,train
P3_zachemQ_0064_297005840800,P3,zachemQ,64,_zachem_q/P3_zachemQ (64).mov,_zachem_q,64018,train
P3_zachemQ_0065_be314319f0a7,P3,zachemQ,65,_zachem_q/P3_zachemQ (65).mov,_zachem_q,58391,train
P3_zachemQ_0066_ad0f21ff96bf,P3,zachemQ,66,_zachem_q/P3_zachemQ (66).mov,_zachem_q,52284,train
P3_zachemQ_0067_aea8b8b2b746,P3,zachemQ,67,_zachem_q/P3_zachemQ (67).mov,_zachem_q,56472,train
P3_zachemQ_0068_3bdd454714fc,P3,zachemQ,68,_zachem_q/P3_zachemQ (68).mov,_zachem_q,52808,train
P3_zachemQ_0069_ef54b3c0dc9a,P3,zachemQ,69,_zachem_q/P3_zachemQ (69).mov,_zachem_q,62859,train
P3_zachemQ_0007_a9290e2d89c3,P3,zachemQ,7,_zachem_q/P3_zachemQ (7).mov,_zachem_q,52790,train
P3_zachemQ_0070_5a6dc4d3949e,P3,zachemQ,70,_zachem_q/P3_zachemQ (70).mov,_zachem_q,64149,train
P3_zachemQ_0071_26e687f9ad28,P3,zachemQ,71,_zachem_q/P3_zachemQ (71).mov,_zachem_q,71463,train
P3_zachemQ_0072_b0aafcf3f06b,P3,zachemQ,72,_zachem_q/P3_zachemQ (72).mov,_zachem_q,68073,train
P3_zachemQ_0073_0c52606c31e7,P3,zachemQ,73,_zachem_q/P3_zachemQ (73).mov,_zachem_q,62839,train
P3_zachemQ_0074_524925535b2d,P3,zachemQ,74,_zachem_q/P3_zachemQ (74).mov,_zachem_q,57766,train
P3_zachemQ_0075_65990f39095d,P3,zachemQ,75,_zachem_q/P3_zachemQ (75).mov,_zachem_q,69875,train
P3_zachemQ_0076_a73bb2669682,P3,zachemQ,76,_zachem_q/P3_zachemQ (76).mov,_zachem_q,57021,train
P3_zachemQ_0077_ab1cef54d62c,P3,zachemQ,77,_zachem_q/P3_zachemQ (77).mov,_zachem_q,77986,train
P3_zachemQ_0078_ec7d493ce1b1,P3,zachemQ,78,_zachem_q/P3_zachemQ (78).mov,_zachem_q,83106,train
P3_zachemQ_0079_e839ca22fdc7,P3,zachemQ,79,_zachem_q/P3_zachemQ (79).mov,_zachem_q,70819,train
P3_zachemQ_0008_4c045198bbab,P3,zachemQ,8,_zachem_q/P3_zachemQ (8).mov,_zachem_q,46270,train
P3_zachemQ_0080_ea36932fa09e,P3,zachemQ,80,_zachem_q/P3_zachemQ (80).mov,_zachem_q,63637,train
P3_zachemQ_0081_f227c277e44f,P3,zachemQ,81,_zachem_q/P3_zachemQ (81).mov,_zachem_q,57711,train
P3_zachemQ_0082_a44e1796aa81,P3,zachemQ,82,_zachem_q/P3_zachemQ (82).mov,_zachem_q,65437,train
P3_zachemQ_0083_516f4d575fbf,P3,zachemQ,83,_zachem_q/P3_zachemQ (83).mov,_zachem_q,56664,train
P3_zachemQ_0084_79c99009cbf8,P3,zachemQ,84,_zachem_q/P3_zachemQ (84).mov,_zachem_q,51987,train
P3_zachemQ_0085_d5eef9ab8a37,P3,zachemQ,85,_zachem_q/P3_zachemQ (85).mov,_zachem_q,68114,train
P3_zachemQ_0086_afc33a5f50cf,P3,zachemQ,86,_zachem_q/P3_zachemQ (86).mov,_zachem_q,67903,train
P3_zachemQ_0087_4b0fbce67a27,P3,zachemQ,87,_zachem_q/P3_zachemQ (87).mov,_zachem_q,81880,train
P3_zachemQ_0088_d7cef11a99b6,P3,zachemQ,88,_zachem_q/P3_zachemQ (88).mov,_zachem_q,69032,train
P3_zachemQ_0089_de1a627ebf2d,P3,zachemQ,89,_zachem_q/P3_zachemQ (89).mov,_zachem_q,64243,train
P3_zachemQ_0009_5ddb542fd429,P3,zachemQ,9,_zachem_q/P3_zachemQ (9).mov,_zachem_q,48896,train
P3_zachemQ_0090_613c33568f51,P3,zachemQ,90,_zachem_q/P3_zachemQ (90).mov,_zachem_q,66939,train
P3_zachemQ_0091_ecb04dbef1c2,P3,zachemQ,91,_zachem_q/P3_zachemQ (91).mov,_zachem_q,64743,train
P3_zachemQ_0092_516ca8589841,P3,zachemQ,92,_zachem_q/P3_zachemQ (92).mov,_zachem_q,60995,train
P3_zachemQ_0093_765caae88ca2,P3,zachemQ,93,_zachem_q/P3_zachemQ (93).mov,_zachem_q,62301,train
P3_zachemQ_0094_534f63124654,P3,zachemQ,94,_zachem_q/P3_zachemQ (94).mov,_zachem_q,64363,train
P3_zachemQ_0095_80d5fb939999,P3,zachemQ,95,_zachem_q/P3_zachemQ (95).mov,_zachem_q,66511,train
P3_zachemQ_0096_22b2cb033b2d,P3,zachemQ,96,_zachem_q/P3_zachemQ (96).mov,_zachem_q,86702,train
P3_zachemQ_0097_5b493a035bdb,P3,zachemQ,97,_zachem_q/P3_zachemQ (97).mov,_zachem_q,69199,train
P3_zachemQ_0098_ec411d965aac,P3,zachemQ,98,_zachem_q/P3_zachemQ (98).mov,_zachem_q,68218,train
P3_zachemQ_0099_d230124dddd1,P3,zachemQ,99,_zachem_q/P3_zachemQ (99).mov,_zachem_q,69226,train
P4_zachemQ_0001_ccee1cda7735,P4,zachemQ,1,_zachem_q/P4_zachemQ (1).mov,_zachem_q,96490,train
P4_zachemQ_0010_261edee605f6,P4,zachemQ,10,_zachem_q/P4_zachemQ (10).mov,_zachem_q,148749,train
P4_zachemQ_0011_bb7e1acb8c02,P4,zachemQ,11,_zachem_q/P4_zachemQ (11).mov,_zachem_q,102714,train
P4_zachemQ_0012_5b1d79402cda,P4,zachemQ,12,_zachem_q/P4_zachemQ (12).mov,_zachem_q,108404,train
P4_zachemQ_0013_bba23c8cab16,P4,zachemQ,13,_zachem_q/P4_zachemQ (13).mov,_zachem_q,108594,train
P4_zachemQ_0014_955bd5efd489,P4,zachemQ,14,_zachem_q/P4_zachemQ (14).mov,_zachem_q,112036,train
P4_zachemQ_0015_7b6f67887931,P4,zachemQ,15,_zachem_q/P4_zachemQ (15).mov,_zachem_q,132490,train
P4_zachemQ_0016_24cf8c03dc3d,P4,zachemQ,16,_zachem_q/P4_zachemQ (16).mov,_zachem_q,152793,train
P4_zachemQ_0017_c069b5fecac2,P4,zachemQ,17,_zachem_q/P4_zachemQ (17).mov,_zachem_q,125323,train
P4_zachemQ_0018_680b4ab774b3,P4,zachemQ,18,_zachem_q/P4_zachemQ (18).mov,_zachem_q,127165,train
P4_zachemQ_0019_6f1e107a0bb4,P4,zachemQ,19,_zachem_q/P4_zachemQ (19).mov,_zachem_q,152309,train
P4_zachemQ_0002_adaab598b2ab,P4,zachemQ,2,_zachem_q/P4_zachemQ (2).mov,_zachem_q,203314,train
P4_zachemQ_0020_e9bdd37add57,P4,zachemQ,20,_zachem_q/P4_zachemQ (20).mov,_zachem_q,221264,train
P4_zachemQ_0021_1e913ef8d32c,P4,zachemQ,21,_zachem_q/P4_zachemQ (21).mov,_zachem_q,102362,train
P4_zachemQ_0022_b32d45bfabdf,P4,zachemQ,22,_zachem_q/P4_zachemQ (22).mov,_zachem_q,130962,train
P4_zachemQ_0023_d74d721d8078,P4,zachemQ,23,_zachem_q/P4_zachemQ (23).mov,_zachem_q,134632,train
P4_zachemQ_0024_71cccd865807,P4,zachemQ,24,_zachem_q/P4_zachemQ (24).mov,_zachem_q,113358,train
P4_zachemQ_0025_1396ee39161a,P4,zachemQ,25,_zachem_q/P4_zachemQ (25).mov,_zachem_q,109135,train
P4_zachemQ_0026_17e93d7836dd,P4,zachemQ,26,_zachem_q/P4_zachemQ (26).mov,_zachem_q,96490,train
P4_zachemQ_0027_dba4e8a35fec,P4,zachemQ,27,_zachem_q/P4_zachemQ (27).mov,_zachem_q,109895,train
P4_zachemQ_0028_5c84ca3f628a,P4,zachemQ,28,_zachem_q/P4_zachemQ (28).mov,_zachem_q,95859,train
P4_zachemQ_0029_b87ec8124c58,P4,zachemQ,29,_zachem_q/P4_zachemQ (29).mov,_zachem_q,107779,train
P4_zachemQ_0003_e40b1d1885fe,P4,zachemQ,3,_zachem_q/P4_zachemQ (3).mov,_zachem_q,194255,train
P4_zachemQ_0030_0df9f63872c6,P4,zachemQ,30,_zachem_q/P4_zachemQ (30).mov,_zachem_q,110364,train
P4_zachemQ_0031_aa717e22f877,P4,zachemQ,31,_zachem_q/P4_zachemQ (31).mov,_zachem_q,118936,train
P4_zachemQ_0032_e09497861ad1,P4,zachemQ,32,_zachem_q/P4_zachemQ (32).mov,_zachem_q,210167,train
P4_zachemQ_0033_a3bf743a6a59,P4,zachemQ,33,_zachem_q/P4_zachemQ (33).mov,_zachem_q,118698,train
P4_zachemQ_0034_13a0a9bebea0,P4,zachemQ,34,_zachem_q/P4_zachemQ (34).mov,_zachem_q,179643,train
P4_zachemQ_0035_8a6c54b1cf73,P4,zachemQ,35,_zachem_q/P4_zachemQ (35).mov,_zachem_q,143056,train
P4_zachemQ_0036_01ca3339796b,P4,zachemQ,36,_zachem_q/P4_zachemQ (36).mov,_zachem_q,116900,train
P4_zachemQ_0037_9db039fa1fd8,P4,zachemQ,37,_zachem_q/P4_zachemQ (37).mov,_zachem_q,108404,train
P4_zachemQ_0038_a499893e57f3,P4,zachemQ,38,_zachem_q/P4_zachemQ (38).mov,_zachem_q,152793,train
P4_zachemQ_0039_2cc63b7fe89d,P4,zachemQ,39,_zachem_q/P4_zachemQ (39).mov,_zachem_q,102362,train
P4_zachemQ_0004_d178c85f17c0,P4,zachemQ,4,_zachem_q/P4_zachemQ (4).mov,_zachem_q,116900,train
P4_zachemQ_0040_1524f72a4dda,P4,zachemQ,40,_zachem_q/P4_zachemQ (40).mov,_zachem_q,210167,train
P4_zachemQ_0005_22348a64649d,P4,zachemQ,5,_zachem_q/P4_zachemQ (5).mov,_zachem_q,107238,train
P4_zachemQ_0006_157faf578654,P4,zachemQ,6,_zachem_q/P4_zachemQ (6).mov,_zachem_q,110085,train
P4_zachemQ_0007_0f47579443a1,P4,zachemQ,7,_zachem_q/P4_zachemQ (7).mov,_zachem_q,131749,train
P4_zachemQ_0008_3998e1e5c838,P4,zachemQ,8,_zachem_q/P4_zachemQ (8).mov,_zachem_q,85932,train
P4_zachemQ_0009_a6579d2badd0,P4,zachemQ,9,_zachem_q/P4_zachemQ (9).mov,_zachem_q,155034,train
P5_zachem_0001_023a56159707,P5,zachem,1,_zachem_q/P5_zachem (1).mov,_zachem_q,74855,train
P5_zachem_0010_b4ebfac3c5b6,P5,zachem,10,_zachem_q/P5_zachem (10).mov,_zachem_q,126222,train
P5_zachem_0011_5f39159b6ad0,P5,zachem,11,_zachem_q/P5_zachem (11).mov,_zachem_q,91816,train
P5_zachem_0012_41485e880e40,P5,zachem,12,_zachem_q/P5_zachem (12).mov,_zachem_q,85315,train
P5_zachem_0013_26056c176db5,P5,zachem,13,_zachem_q/P5_zachem (13).mov,_zachem_q,98083,train
P5_zachem_0014_d97940cae754,P5,zachem,14,_zachem_q/P5_zachem (14).mov,_zachem_q,136911,train
P5_zachem_0015_95152c702206,P5,zachem,15,_zachem_q/P5_zachem (15).mov,_zachem_q,111618,train
P5_zachem_0016_5ef8e9279a8a,P5,zachem,16,_zachem_q/P5_zachem (16).mov,_zachem_q,109956,train
P5_zachem_0017_ff91dc360f25,P5,zachem,17,_zachem_q/P5_zachem (17).mov,_zachem_q,107790,train
P5_zachem_0018_fd86093dc3ef,P5,zachem,18,_zachem_q/P5_zachem (18).mov,_zachem_q,112978,train
P5_zachem_0019_a34616c48745,P5,zachem,19,_zachem_q/P5_zachem (19).mov,_zachem_q,119192,train
P5_zachem_0002_b3c252d79be1,P5,zachem,2,_zachem_q/P5_zachem (2).mov,_zachem_q,163432,train
P5_zachem_0020_ad9b5f2190cb,P5,zachem,20,_zachem_q/P5_zachem (20).mov,_zachem_q,115691,train
P5_zachem_0021_15037bccc18b,P5,zachem,21,_zachem_q/P5_zachem (21).mov,_zachem_q,118307,train
P5_zachem_0022_b83f267960f6,P5,zachem,22,_zachem_q/P5_zachem (22).mov,_zachem_q,92153,train
P5_zachem_0023_eba5a253871c,P5,zachem,23,_zachem_q/P5_zachem (23).mov,_zachem_q,104075,train
P5_zachem_0024_e56fea0a6a97,P5,zachem,24,_zachem_q/P5_zachem (24).mov,_zachem_q,121771,train
P5_zachem_0025_94af40a9f7a2,P5,zachem,25,_zachem_q/P5_zachem (25).mov,_zachem_q,112109,train
P5_zachem_0026_cf34729f2500,P5,zachem,26,_zachem_q/P5_zachem (26).mov,_zachem_q,113861,train
P5_zachem_0027_f4d5fa71e4ef,P5,zachem,27,_zachem_q/P5_zachem (27).mov,_zachem_q,113127,train
P5_zachem_0028_1ed22b0c865f,P5,zachem,28,_zachem_q/P5_zachem (28).mov,_zachem_q,152058,train
P5_zachem_0029_d90031c2f18b,P5,zachem,29,_zachem_q/P5_zachem (29).mov,_zachem_q,117091,train
P5_zachem_0003_6c11aeeaf632,P5,zachem,3,_zachem_q/P5_zachem (3).mov,_zachem_q,126995,train
P5_zachem_0030_6d20284ad870,P5,zachem,30,_zachem_q/P5_zachem (30).mov,_zachem_q,116357,train
P5_zachem_0031_8893c88ed317,P5,zachem,31,_zachem_q/P5_zachem (31).mov,_zachem_q,137944,train
P5_zachem_0032_ef510ccd57d4,P5,zachem,32,_zachem_q/P5_zachem (32).mov,_zachem_q,102519,train
P5_zachem_0033_6012eccecde1,P5,zachem,33,_zachem_q/P5_zachem (33).mov,_zachem_q,97869,train
P5_zachem_0034_1ed20c6f4ed2,P5,zachem,34,_zachem_q/P5_zachem (34).mov,_zachem_q,142146,train
P5_zachem_0035_b129708240fd,P5,zachem,35,_zachem_q/P5_zachem (35).mov,_zachem_q,107963,train
P5_zachem_0036_fac67a3977c0,P5,zachem,36,_zachem_q/P5_zachem (36).mov,_zachem_q,109584,train
P5_zachem_0037_f4561d0edc3b,P5,zachem,37,_zachem_q/P5_zachem (37).mov,_zachem_q,135591,train
P5_zachem_0038_39cdb04d79b0,P5,zachem,38,_zachem_q/P5_zachem (38).mov,_zachem_q,137865,train
P5_zachem_0039_4cd68bd2354a,P5,zachem,39,_zachem_q/P5_zachem (39).mov,_zachem_q,108910,train
P5_zachem_0004_3fc6c60f24ca,P5,zachem,4,_zachem_q/P5_zachem (4).mov,_zachem_q,112184,train
P5_zachem_0040_97739544cb3d,P5,zachem,40,_zachem_q/P5_zachem (40).mov,_zachem_q,114759,train
P5_zachem_0005_5dce60183371,P5,zachem,5,_zachem_q/P5_zachem (5).mov,_zachem_q,134768,train
P5_zachem_0006_9f1ee170410d,P5,zachem,6,_zachem_q/P5_zachem (6).mov,_zachem_q,82851,train
P5_zachem_0007_8ba2dcf2f204,P5,zachem,7,_zachem_q/P5_zachem (7).mov,_zachem_q,84109,train
P5_zachem_0008_80690684e38a,P5,zachem,8,_zachem_q/P5_zachem (8).mov,_zachem_q,105937,train
P5_zachem_0009_52c6c73ba6f7,P5,zachem,9,_zachem_q/P5_zachem (9).mov,_zachem_q,98403,train
